day,symbol,time_utc,price,bias,line_val,sma14,close_break_pct,neck_chg_pct,span,sma25,sma99,dist_ma99_pct,sma200,dist_ma200_pct,sma200_slope_pct,sma200_15,dist_ma200_15m_pct,entry,reclaim_3,pnl_15m,pnl_30m,pnl_1h,pnl_2h,pnl_4h,pnl_8h,pnl_12h
2026-08-05,AIO/USDT,2026-08-05 07:40,0.04096,8.02,0.042102,0.04215,3.31,-0.24,11,0.041645,0.040566,0.97,0.040377,1.44,0.924,0.037979,7.85,0.04096,False,0.26855468750001443,0.58593750000001,0.4638671875000065,0.4150390625000085,4.98046875,7.2509765625,6.298828125000014
2026-08-05,BICO/USDT,2026-08-05 05:00,0.02275,13.86,0.023248,0.022761,4.12,1.49,10,0.022492,0.021902,3.87,0.020606,10.41,3.145,0.018247,24.68,0.02275,True,-1.142857142857142,-12.83516483516483,-20.7032967032967,-17.274725274725274,-10.72527472527473,-3.5164835164835253,-8.175824175824179
2026-08-05,BICO/USDT,2026-08-05 06:45,0.02704,31.86,0.028005,0.026867,5.73,6.57,12,0.025459,0.022741,18.9,0.021492,25.81,4.728,0.018633,45.12,0.02705,False,1.3678373382624853,6.876155268022183,8.576709796672837,7.097966728280966,12.2365988909427,12.865064695009243,-0.4436229205175548
2026-08-05,BICO/USDT,2026-08-05 07:15,0.02519,31.86,0.028855,0.026734,14.88,6.57,12,0.026245,0.022949,9.76,0.021757,15.78,5.127,0.018737,34.44,0.0252,False,1.7063492063492054,1.8650793650793716,-1.1507936507936452,-0.3571428571428564,5.753968253968254,10.000000000000005,-5.277777777777783
2026-08-05,BICO/USDT,2026-08-05 07:45,0.02473,31.86,0.029705,0.025797,16.85,6.57,12,0.026304,0.023094,7.09,0.021968,12.57,5.003,0.018836,31.29,0.02474,False,0.9296685529506913,-3.031527890056577,-1.5763945028294177,0.24252223120453123,6.709781729991923,8.205335489086501,-8.892481810832647
2026-08-05,BICO/USDT,2026-08-05 17:45,0.02472,7.62,0.025074,0.024683,2.21,7.05,20,0.024077,0.023645,4.55,0.023761,4.04,1.382,0.02024,22.14,0.02471,True,-1.861594496155411,-2.913800080938899,-9.955483609874547,-9.02468636179684,-10.036422501011735,-10.076891946580329,-21.65115337919871
2026-08-05,BICO/USDT,2026-08-05 19:45,0.02694,14.7,0.026978,0.026904,1.07,-1.64,11,0.02638,0.024316,10.79,0.024365,10.57,2.542,0.020592,30.82,0.02693,True,-0.22279985146676948,-1.1511325659116274,-6.721128852580775,-0.9654660230226507,-0.9283327144448579,-10.471593018937986,-4.604530263646497
2026-08-05,BICO/USDT,2026-08-05 21:35,0.02688,18.41,0.029157,0.028424,9.08,0.73,9,0.027849,0.025303,6.23,0.024966,7.67,2.668,0.020937,28.39,0.02688,False,-0.8928571428571322,-2.7529761904761814,-0.7440476190476145,1.488095238095242,-1.041666666666663,-9.598214285714281,-4.464285714285713
2026-08-05,BTW/USDT,2026-08-05 16:55,0.14583,9.8,0.147461,0.146979,2.68,0.46,22,0.146526,0.142928,2.03,0.136919,6.51,0.943,0.123681,17.91,0.14585,True,-0.19883441892354112,-1.3438464175522726,-3.009941720946181,-5.44394926294138,-6.266712375728475,-12.094617757970509,-14.912581419266363
2026-08-05,BTW/USDT,2026-08-05 19:00,0.15319,12.47,0.155857,0.152603,2.28,4.42,18,0.15036,0.146346,4.68,0.139096,10.13,1.548,0.125818,21.76,0.15318,False,-0.7638072855464006,-0.8943726335030566,-1.8670844757801286,-0.7376942159550803,-6.776341558950254,-4.661182922052474,-15.517691604648116
2026-08-05,BTW/USDT,2026-08-05 22:40,0.15454,18.79,0.159148,0.159428,4.27,-0.29,22,0.158148,0.152346,1.44,0.144918,6.64,2.275,0.129485,19.35,0.15445,True,-3.6257688572353475,-7.018452573648422,-5.490449983813524,-5.898348980252513,-1.722240207186789,-12.955649077371318,-9.284558109420518
2026-08-05,CYS/USDT,2026-08-05 00:40,0.5439,33.18,0.560683,0.545693,3.08,2.06,12,0.54428,0.519571,4.68,0.475472,14.39,6.816,0.351551,54.71,0.544,False,-1.9852941176470442,0.6801470588235361,-3.3823529411764657,-4.908088235294107,0.8455882352941264,-8.694852941176471,-29.558823529411754
2026-08-05,CYS/USDT,2026-08-05 08:30,0.578,12.59,0.608212,0.582293,5.33,7.29,17,0.572736,0.552356,4.64,0.53547,7.94,1.428,0.394165,46.64,0.5779,False,0.4845128915037246,-0.81328949645268,-5.035473265270811,-7.78681432773837,-17.684720539885806,-28.067139643536947,-32.15089115763974
2026-08-05,CYS/USDT,2026-08-05 10:50,0.6352,25.18,0.646608,0.628464,3.9,4.34,13,0.616024,0.568307,11.77,0.54909,15.68,2.358,0.408783,55.39,0.6351,False,-0.7242953865533064,-0.39363879703982785,-1.669028499448914,-12.171311604471741,-8.297905841599745,-21.791843804125328,-33.67973547472838
2026-08-05,CYS/USDT,2026-08-05 16:50,0.7346,25.49,0.7581,0.733921,3.98,0.56,7,0.72138,0.672641,9.21,0.611953,20.04,3.684,0.457855,60.44,0.7345,True,-1.9605173587474427,1.3614703880190617,-2.0558202859087817,-5.309734513274326,-5.377808032675286,-0.8441116405718152,-18.162014976174262
2026-08-05,CYS/USDT,2026-08-05 20:20,0.7874,28.57,0.800486,0.796929,2.32,-1.84,7,0.786396,0.733648,7.33,0.657066,19.84,4.338,0.491735,60.13,0.7873,False,6.604852025911348,1.6893179220119368,-2.4641178712053824,-5.194970151149504,-4.343960370887846,-6.541343833354501,-5.017147211990344
2026-08-05,CYS/USDT,2026-08-05 20:50,0.774,28.57,0.787543,0.781143,5.95,-1.84,7,0.784308,0.738716,4.78,0.664479,16.48,4.471,0.49652,55.88,0.7738,True,-4.0578960971827325,-4.25174463685706,-6.397001809253035,-9.718273455673291,4.277591108813649,-12.16076505556991,-10.338588782631165
2026-08-05,CYS/USDT,2026-08-05 22:45,0.8287,28.38,0.848087,0.835064,2.53,3.52,16,0.817448,0.766495,8.12,0.697088,18.88,5.106,0.518192,59.92,0.8286,True,-2.8119720009654823,-3.7895244991551995,-4.236060825488779,10.970311368573494,8.423847453536082,9.172097513878827,3.8498672459570407
2026-08-05,HEI/USDT,2026-08-05 06:30,0.17977,50.34,0.191744,0.185452,9.6,0.13,11,0.18517,0.15956,12.67,0.134349,33.81,9.371,0.102908,74.69,0.17976,False,9.518246550956839,19.542723631508675,17.567868268802847,18.357810413885183,9.379172229639526,-0.12794837561193145,-54.383622607921666
2026-08-05,HEI/USDT,2026-08-05 07:00,0.14463,50.34,0.191875,0.172879,25.86,0.13,11,0.17975,0.16154,-10.47,0.13644,6.0,8.556,0.103549,39.67,0.14464,False,-0.05530973451327209,-2.4474557522124,4.265763274336271,-2.5165929203539856,-24.550608407079658,-21.95796460176992,-108.10287610619469
2026-08-05,HEI/USDT,2026-08-05 07:30,0.14818,50.34,0.192005,0.157775,23.17,0.13,11,0.170271,0.162725,-8.94,0.138127,7.28,7.356,0.104188,42.22,0.14817,False,2.348653573597883,6.546534386178029,0.9516096375784535,-10.433960990753866,-20.01079840723494,-31.61233718026591,-77.9510022271715
2026-08-05,HEI/USDT,2026-08-05 11:35,0.18058,22.62,0.180512,0.176584,2.19,2.99,15,0.171204,0.167841,7.59,0.15162,19.1,4.955,0.110242,63.8,0.18063,True,-0.25466423074793126,-4.107844765542811,-6.698776504456623,-6.421967557991473,-11.005923711454344,-40.64108952001327,-51.47539168465924
2026-08-05,HFT/USDT,2026-08-05 07:40,0.01665,44.99,0.017324,0.016684,4.76,1.71,9,0.016488,0.013286,25.32,0.01209,37.71,7.13,0.009986,66.73,0.01665,True,-3.243243243243236,1.2012012012012148,-1.0810810810810785,-4.864864864864854,-7.927927927927916,-4.504504504504487,-7.447447447447435
2026-08-05,HFT/USDT,2026-08-05 09:35,0.01797,56.25,0.019533,0.017631,10.36,12.0,12,0.017263,0.014596,23.11,0.012914,39.15,7.108,0.010383,73.07,0.01798,False,10.400444938820913,9.899888765294774,3.0033370411568345,1.2235817575083314,-2.3359288097886557,-5.784204671857616,-2.5583982202447277
2026-08-05,HFT/USDT,2026-08-05 17:50,0.01828,25.42,0.019264,0.018219,6.15,2.02,18,0.017963,0.017782,2.8,0.016142,13.24,4.865,0.012005,52.27,0.01827,True,-3.229337712096315,-7.443897099069513,-8.483853311439514,1.0399562123700201,1.6967706622879104,4.050355774493711,-24.13793103448274
2026-08-05,HFT/USDT,2026-08-05 19:45,0.018,28.69,0.018011,0.018749,1.51,-10.52,16,0.018974,0.018177,-0.97,0.017038,5.65,5.764,0.012404,45.12,0.01799,True,2.167871039466359,3.001667593107275,0.9449694274596999,-0.6670372429127407,-2.4458032240133374,-2.001111728738203,-29.01612006670374
2026-08-05,INTW/USDT,2026-08-05 19:40,24.61,5.94,24.792308,24.682857,0.86,0.32,13,24.6116,23.771212,3.53,23.57645,4.38,0.996,22.17,11.01,24.63,True,2.1518473406414844,1.7864393016646274,1.7864393016646274,3.6540803897685694,2.5172553796183417,4.019488428745426,5.075111652456354
2026-08-05,INTW/USDT,2026-08-05 20:10,24.19,5.94,24.829231,24.529286,3.74,0.32,13,24.5596,23.856667,1.4,23.62045,2.41,0.93,22.2129,8.9,24.22,False,0.4954582989264965,0.1238645747316168,-0.12386457473163145,1.5276630883567195,-0.9909165978530223,2.8075970272502055,4.70685383980182
2026-08-05,MUU/USDT,2026-08-05 17:05,29.23,8.11,29.801818,29.411429,1.99,1.54,11,29.2988,27.784747,5.2,27.7117,5.48,0.824,26.2476,11.36,29.23,False,-0.34211426616489177,-0.20526855969893507,-0.06842285323297836,-0.6500171057133126,4.20800547382826,9.61341087923366,9.066028053369832
2026-08-05,MVLL/USDT,2026-08-05 01:05,27.17,6.16,27.326667,27.497857,0.94,-1.22,6,27.3116,27.283838,-0.42,26.43715,2.77,1.717,23.15935,17.32,27.18,True,1.8027961736570952,0.25754231052244403,-1.471670345842526,-1.1405445180279572,-5.776306107431936,0.8830022075055131,4.782928623988229
2026-08-05,MVLL/USDT,2026-08-05 01:35,27.11,6.16,26.986667,27.213571,0.21,-1.22,6,27.2784,27.224444,-0.42,26.52825,2.19,1.636,23.21175,16.79,27.12,True,-1.5117994100294991,-1.6961651917404028,-0.14749262536872842,-2.359882005899707,-5.604719764011798,0.0,1.9174041297935085
2026-08-05,MVLL/USDT,2026-08-05 06:05,28.66,6.55,29.018182,28.712857,1.37,3.06,22,28.4292,27.579697,3.92,27.3699,4.71,1.432,23.7947,20.45,28.66,False,1.1165387299371956,0.6978367062107441,0.3140265177948355,1.7445917655268668,6.03628750872296,4.9546406140963075,8.513607815771113
2026-08-05,MVLL/USDT,2026-08-05 06:35,28.46,6.55,29.252727,28.567143,2.88,3.06,22,28.5628,27.680808,2.81,27.42425,3.78,1.366,23.86135,19.27,28.45,False,-0.0702987697715275,-0.4217926186291775,1.6871704745166975,7.065026362038658,6.010544815465733,9.947275922671347,8.29525483304042
2026-08-05,SKYAI/USDT,2026-08-05 03:05,0.06458,26.39,0.066521,0.064715,5.68,2.83,11,0.062664,0.055913,15.5,0.053082,21.66,3.92,0.043676,47.86,0.06459,False,0.8670072766682011,6.316767301439842,3.6847809258399034,16.535067347886663,19.105124632296018,11.73556278061619,8.22108685555039
2026-08-05,SKYAI/USDT,2026-08-05 11:45,0.05318,5.71,0.05895,0.054878,9.89,8.62,9,0.053615,0.055232,-3.72,0.055778,-4.66,0.236,0.047753,11.37,0.05318,False,-2.463332079729219,-2.444528018051904,-3.535163595336592,-3.873636705528393,-14.009025949605125,-19.462203836028593,-25.836780744640837
2026-08-05,SKYAI/USDT,2026-08-05 16:45,0.06137,11.57,0.062803,0.061359,3.09,2.91,14,0.060516,0.056232,9.14,0.056994,7.68,1.556,0.05006,22.59,0.06136,True,-1.9556714471968817,-2.607561929595835,-1.4667535853976614,-8.898305084745774,-5.5247718383311675,-13.282268578878757,-18.106258148631042
2026-08-05,SKYAI/USDT,2026-08-05 17:50,0.06242,11.56,0.06285,0.062147,1.93,0.42,13,0.061896,0.057153,9.22,0.057516,8.53,1.738,0.050536,23.52,0.06238,True,-3.238217377364542,-4.071817890349483,-5.658865020840011,-2.6130169926258406,-5.578711125360699,-5.819172811798656,-18.739980763065084
2026-08-05,SNXX/USDT,2026-08-05 05:40,13.2,9.41,13.665714,13.193571,3.7,4.49,14,13.0032,12.687778,4.04,12.5915,4.83,1.353,11.04785,19.48,13.2,False,-1.4393939393939492,-0.7575757575757683,1.5151515151515098,2.500000000000001,4.242424242424233,3.787878787878788,4.84848484848484
2026-08-05,SYN/USDT,2026-08-05 05:00,0.11,19.8,0.114467,0.109236,4.78,5.98,12,0.105976,0.098733,11.41,0.095598,15.07,2.581,0.088956,23.66,0.1101,True,1.7257039055404169,-1.8165304268846518,-14.078110808356026,-18.437783832879187,-10.445049954586736,-3.3605812897365985,-10.990009082652135
2026-08-05,SYN/USDT,2026-08-05 18:15,0.1217,7.34,0.124,0.122379,2.02,1.06,13,0.121,0.118916,2.34,0.116566,4.4,2.649,0.098267,23.85,0.1218,True,-2.7914614121510675,-3.6945812807881695,-7.307060755336621,-12.807881773399005,-11.24794745484401,-5.6650246305418746,-11.904761904761903
2026-08-05,SYN/USDT,2026-08-05 20:25,0.1344,16.26,0.138922,0.1338,4.77,3.45,9,0.131024,0.121974,10.19,0.120655,11.39,3.272,0.100068,34.31,0.1343,False,-0.7446016381236045,-5.137751303052859,-7.59493670886075,-4.169769173492178,-2.010424422933736,-1.7870439314966384,2.755026061057341
2026-08-05,SYN/USDT,2026-08-05 22:10,0.1375,20.58,0.138557,0.140157,1.27,0.44,21,0.1387,0.126901,8.35,0.123824,11.04,3.055,0.101973,34.84,0.1373,True,-1.8936635105608093,-1.165331391114341,-4.369992716678809,1.3109978150036388,6.991988346686087,3.204661325564468,1.3109978150036388
2026-08-05,TAKE/USDT,2026-08-05 00:00,0.04559,19.04,0.045966,0.045815,1.06,-0.39,7,0.045715,0.04334,5.19,0.039633,15.03,3.233,0.038332,18.93,0.04563,True,-1.424501424501435,-0.7889546351084948,0.7670392285776817,-4.55840455840457,-9.511286434363365,5.698005698005694,3.791365329826858
2026-08-05,TAKE/USDT,2026-08-05 04:10,0.05027,24.16,0.050873,0.049783,2.29,0.3,18,0.049805,0.046696,7.65,0.042712,17.69,4.125,0.039158,28.38,0.05024,False,2.050159235668796,1.015127388535025,1.831210191082797,0.9554140127388561,14.03264331210191,10.609076433121022,10.171178343949038
2026-08-05,TAKE/USDT,2026-08-05 04:40,0.04973,24.16,0.050923,0.04977,3.09,0.3,18,0.049632,0.047001,5.81,0.043136,15.29,4.049,0.039262,26.66,0.04975,False,0.30150753768845084,0.8643216080402006,1.0653266331658344,7.296482412060304,12.040201005025128,10.412060301507545,9.64824120603016
2026-08-06,BICO/USDT,2026-08-06 05:55,0.02989,20.03,0.03003,0.030049,0.9,-0.66,10,0.029989,0.028337,5.48,0.026803,11.52,2.984,0.022834,30.9,0.02989,True,-0.06691201070591898,-0.26764804282368754,5.4198728671796585,5.453328872532618,4.918032786885243,-20.709267313482773,-26.095684175309476
2026-08-06,BICO/USDT,2026-08-06 14:30,0.03509,29.48,0.037862,0.035412,9.62,15.92,15,0.033596,0.030009,16.93,0.029206,20.15,2.46,0.02507,39.97,0.03509,False,-1.5673981191222424,-7.0105443146195405,-2.8783129096608633,-20.547164434311753,-5.78512396694214,-13.679110857794239,-4.502707324023932
2026-08-06,BICO/USDT,2026-08-06 15:30,0.0361,30.61,0.038738,0.036452,6.89,4.1,12,0.036081,0.030947,16.65,0.029767,21.27,3.592,0.025453,41.83,0.0361,False,-1.3573407202215992,-3.4903047091412667,-17.174515235457054,-0.13850415512465772,-5.041551246537402,-10.193905817174523,0.3601108033240946
2026-08-06,BICO/USDT,2026-08-06 16:00,0.03736,30.61,0.039492,0.036923,8.29,4.1,12,0.036416,0.031464,18.74,0.030048,24.33,3.804,0.02566,45.6,0.03737,True,-15.199357773615194,-13.192400321113185,-3.7998394434037936,-1.0168584426010125,-4.602622424404601,-5.51244313620551,-5.592721434305597
2026-08-06,BICO/USDT,2026-08-06 17:55,0.03769,52.34,0.039149,0.038094,4.8,1.93,30,0.039358,0.033935,11.07,0.031451,19.84,4.848,0.026414,42.69,0.03769,False,0.7429026266914367,1.379676306712655,-2.5736269567524506,-2.069514460068973,-5.67789864685592,-6.314672326877156,-8.01273547360043
2026-08-06,BICO/USDT,2026-08-06 18:25,0.03717,52.34,0.039297,0.037386,5.8,1.93,30,0.038723,0.034474,7.82,0.031757,17.05,4.368,0.026596,39.76,0.03717,False,-3.255313424804939,-4.008609093354852,-1.0223298358891535,-5.192359429647568,-6.187785848802788,1.8832391713747625,-13.613128867366143
2026-08-06,BICO/USDT,2026-08-06 21:30,0.0393,19.77,0.039928,0.039298,1.85,-0.03,9,0.03903,0.037907,3.67,0.033529,17.21,3.432,0.027786,41.44,0.03931,True,-0.9666751462732265,-2.340371406766737,-1.4754515390485987,-1.195624523022145,-1.5772068176036695,0.712286949885514,-18.34138895955228
2026-08-06,BICO/USDT,2026-08-06 22:15,0.04011,23.79,0.040618,0.039801,2.63,1.25,8,0.03953,0.038388,4.49,0.033972,18.07,3.504,0.028063,42.93,0.0401,False,0.523690773067319,0.24937655860348112,-0.39900249376558716,6.6334164588528575,9.87531172069825,-5.58603491271822,-24.96259351620949
2026-08-06,BLESS/USDT,2026-08-06 05:10,0.026457,32.71,0.029916,0.026317,12.76,14.76,9,0.025193,0.025288,4.62,0.023261,13.74,2.791,0.016137,63.95,0.026457,False,-8.923914275995005,-7.412027062781107,2.0939637903012525,3.0426730165929627,-0.4271081377329195,11.305136636806896,12.654495974600295
2026-08-06,BTW/USDT,2026-08-06 08:30,0.16139,12.12,0.175141,0.165379,9.1,-1.24,17,0.169969,0.166331,-2.97,0.160814,0.36,1.819,0.140656,14.74,0.16138,False,3.445284421861451,1.4437972487297055,-2.020076837278481,-3.1106704672202237,-11.736274631305003,-13.087123559301029,-14.004213657206598
2026-08-06,BTW/USDT,2026-08-06 09:00,0.15905,12.12,0.174365,0.161787,10.99,-1.24,17,0.165596,0.165968,-4.17,0.161097,-1.27,1.413,0.141053,12.76,0.15898,False,-4.434520065417034,-3.560196251100766,-7.67392124795571,-8.252610391244177,-11.82538684111208,-13.045666121524707,-15.2472009057743
2026-08-06,BTW/USDT,2026-08-06 12:30,0.18032,9.9,0.182227,0.178451,2.46,2.09,9,0.175296,0.169826,6.18,0.165461,8.98,1.592,0.145054,24.31,0.18031,False,-0.4104043036991796,1.4031390383228908,1.4918751039875757,0.05546004104042426,-1.2145748987854237,-2.0353835061837984,-4.819477566413401
2026-08-06,BTW/USDT,2026-08-06 16:10,0.17981,8.98,0.180673,0.181048,2.63,-0.66,9,0.180712,0.173645,3.55,0.169791,5.9,1.439,0.149177,20.54,0.17985,True,-0.4225743675284864,-1.4122880177925976,1.006394217403395,-0.8340283569641375,-1.990547678621073,-6.777870447595206,-5.916041145398934
2026-08-06,CAP/USDT,2026-08-06 02:50,0.0315,32.56,0.032912,0.031543,5.11,13.38,13,0.030161,0.028114,12.04,0.028617,10.08,1.083,0.02731,15.34,0.0315,False,2.1269841269841288,1.269841269841273,2.285714285714292,0.09523809523810237,2.031746031746037,7.396825396825394,0.3809523809523875
2026-08-06,CYS/USDT,2026-08-06 05:00,0.8107,18.11,0.878745,0.837257,8.34,5.85,11,0.81658,0.811181,-0.06,0.77361,4.79,2.751,0.583178,39.01,0.8106,False,0.16037503084134813,-2.195904268443133,-0.6291635825314574,7.562299531211451,-3.207500616827045,-2.862077473476437,-3.071798667653594
2026-08-06,CYS/USDT,2026-08-06 05:30,0.8284,18.11,0.904982,0.837643,8.9,5.85,11,0.82616,0.812692,1.93,0.777279,6.58,2.59,0.588516,40.76,0.8283,False,0.30182301098636455,1.521187975371249,9.815284317276353,-1.9678860316310491,5.1551370276469966,-1.835083906797053,-4.068574188096095
2026-08-06,CYS/USDT,2026-08-06 18:10,0.8333,10.41,0.864815,0.852979,3.9,2.33,13,0.835544,0.821662,1.42,0.810571,2.8,0.473,0.695509,19.81,0.8333,False,0.852034081363254,-0.6360254410176372,-0.9720388815552616,-3.4801392055682125,-2.388095523820943,6.924276971078854,18.996759870394815
2026-08-06,CYS/USDT,2026-08-06 18:40,0.8386,10.41,0.873862,0.84565,5.57,2.33,13,0.842432,0.823427,1.84,0.812005,3.28,0.829,0.698629,20.04,0.8386,False,0.1430956355831122,-0.33388981636060394,-3.6370140710708285,-4.197471977104699,1.0612926305747699,7.488671595516333,17.529215358931555
2026-08-06,DODOX/USDT,2026-08-06 04:05,0.025332,34.39,0.025301,0.025187,2.77,-12.71,23,0.026949,0.027482,-7.82,0.023294,8.75,4.567,0.020157,25.67,0.025344,True,-3.1052714646464765,-11.122948232323242,-14.050662878787886,-16.22474747474748,-17.58996212121212,2.324021464646462,13.49037247474747
2026-08-06,HEI/USDT,2026-08-06 06:15,0.43468,85.87,0.469923,0.428218,10.12,12.57,17,0.406114,0.308795,40.77,0.272893,59.29,10.581,0.178341,143.74,0.43481,False,-3.0013109174122046,-6.628182424507259,-8.272578827533867,-14.942158644005435,1.4489087187507124,43.53165750557715,56.61323336629792
2026-08-06,HEI/USDT,2026-08-06 08:40,0.51289,76.28,0.52633,0.502967,4.55,5.37,16,0.486985,0.371512,38.05,0.315362,62.64,12.866,0.196422,161.12,0.513,False,3.758284600389867,5.2865497076023455,26.0,27.14814814814815,46.23781676413255,64.52046783625731,60.793372319688096
2026-08-06,HEI/USDT,2026-08-06 09:10,0.48588,76.28,0.53632,0.504602,9.57,5.37,16,0.496123,0.386052,25.86,0.324392,49.78,12.699,0.200441,142.41,0.48567,False,10.98070706446764,21.835814441904994,12.119340292791394,27.03893590297939,45.609158482096895,55.69007762472461,57.85615747318137
2026-08-06,HFT/USDT,2026-08-06 01:40,0.01778,6.8,0.019049,0.018477,7.87,2.33,10,0.018427,0.018463,-3.7,0.018113,-1.84,1.058,0.013494,31.77,0.01779,False,-2.473299606520514,0.9555930297920181,0.28105677346824864,-4.553119730185488,-28.330522765598648,-13.603147835862837,-76.84092186621699
2026-08-06,HFT/USDT,2026-08-06 14:20,0.02974,56.53,0.034312,0.030319,16.27,12.82,10,0.029472,0.02422,22.79,0.021541,38.06,6.907,0.016841,76.6,0.02972,False,3.331090174966357,-7.503364737550469,13.324360699865403,-7.267833109017492,-11.77658142664872,-16.621803499327065,-0.10094212651412778
2026-08-06,JCT/USDT,2026-08-06 10:10,0.004735,12.89,0.00497,0.004759,4.75,7.85,14,0.004649,0.004508,5.04,0.004384,8.02,1.188,0.004099,15.53,0.004734,False,-1.9011406844106422,-1.4575411913814875,-4.795099281791291,-4.689480354879594,-1.3941698352344574,5.55555555555556,0.5703422053231962
2026-08-06,ON/USDT,2026-08-06 12:25,0.32244,10.99,0.327836,0.324913,4.6,1.1,16,0.321264,0.300567,7.28,0.297741,8.3,-0.865,0.270771,19.08,0.32223,True,-0.3196474567855182,-1.5330664432237842,-2.315116531669915,-6.386742388976814,-10.107687055829683,-10.967321478447065,-15.135151910126302
2026-08-06,ON/USDT,2026-08-06 23:45,0.39055,34.13,0.398041,0.402158,3.2,3.14,19,0.393841,0.367394,6.3,0.34283,13.92,3.746,0.298135,31.0,0.39075,False,4.1356365962891894,6.3314139475367845,6.380038387715933,-7.715930902111327,-10.152271273192587,-12.841970569417787,-12.847088931541913
2026-08-06,RESOLV/USDT,2026-08-06 16:15,0.02015,15.18,0.020169,0.020071,0.94,-2.51,17,0.02029,0.0194,3.86,0.018506,8.88,1.964,0.017334,16.25,0.02014,False,3.3763654419066533,2.8798411122145016,0.0,-5.312810327706048,-3.3763654419066533,-0.5461767626613654,6.405163853028813
2026-08-06,RESOLV/USDT,2026-08-06 19:40,0.02111,13.63,0.021379,0.021174,1.58,-0.05,15,0.021042,0.020159,4.72,0.019163,10.16,2.26,0.017662,19.53,0.0211,False,0.5687203791469291,1.5165876777251224,4.644549763033183,3.1279620853080607,4.218009478672995,11.848341232227497,11.04265402843603
2026-08-06,RESOLV/USDT,2026-08-06 20:10,0.02078,13.63,0.021375,0.021036,2.92,-0.05,15,0.021098,0.020223,2.75,0.019267,7.85,2.292,0.017713,17.31,0.02078,False,2.309913378248322,3.1761308950914384,2.4542829643888355,2.358036573628493,2.8392685274302223,9.528392685274298,9.287776708373443
2026-08-06,SKYAI/USDT,2026-08-06 00:00,0.06656,18.89,0.068116,0.067274,2.65,2.8,18,0.066422,0.064388,3.37,0.059771,11.36,2.492,0.053632,24.1,0.06655,True,-2.4492862509391533,-4.1021788129226096,1.352366641622837,-0.5709992486852071,-4.02704733283246,-17.11495116453794,-24.147257700976713
2026-08-06,SKYAI/USDT,2026-08-06 12:40,0.08125,21.38,0.081945,0.081974,1.43,-1.96,16,0.082155,0.078272,3.81,0.072051,12.77,3.028,0.061108,32.96,0.08124,True,-2.8680452978828144,-0.12309207287049358,-0.5416051206302264,-1.674052191038897,-7.717872968980795,-27.708025603151142,-26.181683899556862
2026-08-06,UB/USDT,2026-08-06 17:05,0.15873,15.61,0.166786,0.160469,5.07,4.3,14,0.158939,0.152647,3.99,0.146406,8.42,1.447,0.139424,13.85,0.15871,False,1.2286560393169803,-2.860563291538036,-1.3546720433495136,-1.7579232562535536,-2.665238485287639,4.442064142146053,9.457501102640032
2026-08-06,ZBT/USDT,2026-08-06 11:45,0.14653,16.38,0.147839,0.145899,1.34,1.03,19,0.145629,0.136107,7.66,0.130787,12.04,3.964,0.115281,27.11,0.14646,False,2.7038099139696974,0.23897309845692813,-11.300013655605614,-5.441758842004646,-19.984978833811272,-30.554417588420037,-25.60426054895535
2026-08-06,ZBT/USDT,2026-08-06 13:35,0.16054,24.29,0.16976,0.160834,8.49,11.5,16,0.154241,0.141896,13.14,0.135035,18.89,3.579,0.116835,37.41,0.16054,False,5.9798181138657025,-1.7191977077363978,-10.18437772517753,-10.682695901333002,-7.742618662015713,-12.532702130310202,-25.3083343714962
2026-08-06,ZBT/USDT,2026-08-06 14:05,0.1633,24.29,0.17612,0.159189,12.15,11.5,16,0.156478,0.143341,13.92,0.135928,20.14,3.326,0.117336,39.17,0.16332,True,-6.355620867009552,-8.30884153808474,-9.410972324271366,-5.026940974773448,-7.861866274797954,-11.033553759490577,-15.013470487386735
2026-08-06,ZBT/USDT,2026-08-06 20:30,0.17918,27.27,0.183067,0.184258,2.7,-1.86,15,0.183201,0.171596,4.42,0.154058,16.31,4.358,0.125735,42.51,0.1791,True,-1.9151312116136174,-0.27359017308765515,-0.8542713567839215,-2.5516471245114407,-5.667225013958678,22.652149637074274,26.365159128978227
2026-08-07,ACE/USDT,2026-08-07 02:45,0.12793,34.06,0.131567,0.127458,4.22,9.42,23,0.120512,0.113782,12.43,0.103944,23.08,5.709,0.082462,55.14,0.12795,False,5.892926924579918,5.978898007034,3.2590855803048115,0.3829620945682049,2.837045720984766,-10.003907776475168,9.245799140289181
2026-08-07,ACE/USDT,2026-08-07 03:15,0.1203,34.06,0.1345,0.125735,11.78,9.42,23,0.123466,0.114782,4.81,0.105338,14.2,5.962,0.082946,45.03,0.12025,False,-5.081081081081084,-2.93555093555094,-2.494802494802497,-19.30145530145531,-5.247401247401256,-13.089397089397092,9.646569646569645
2026-08-07,ALLO/USDT,2026-08-07 08:40,0.31164,12.03,0.329295,0.321791,5.5,2.54,13,0.318253,0.30303,2.84,0.293738,6.09,1.816,0.272615,14.32,0.31169,False,-1.5913247136577893,-5.245596586351816,-4.799640668613036,-5.255221534216673,-10.080528730469377,-13.5262600660913,-4.8124739324328525
2026-08-07,ALLO/USDT,2026-08-07 19:25,0.35026,13.43,0.355795,0.360561,1.7,-2.75,13,0.36049,0.347473,0.8,0.329596,6.27,2.473,0.290173,20.71,0.35025,False,2.683797287651683,1.6788008565310482,8.208422555317629,8.137044967880094,8.242683797287654,7.123483226266961,8.959314775160605
2026-08-07,ALLO/USDT,2026-08-07 19:55,0.34437,13.43,0.351128,0.351586,2.57,-2.75,13,0.3574,0.347483,-0.9,0.331021,4.03,2.351,0.291024,18.33,0.34437,False,4.8958968551267485,6.641112756628045,4.492261230653072,10.381275953189883,5.857072334988535,6.188111624125213,7.828788802741232
2026-08-07,ALLO/USDT,2026-08-07 20:25,0.3215,13.43,0.346462,0.337974,8.13,-2.75,13,0.348336,0.346834,-7.3,0.33173,-3.08,1.871,0.291708,10.21,0.32133,False,-1.6680670961316952,-2.3558335667382506,-0.13070675007001398,3.7033579186506147,0.1493791429371613,-0.5850683098372367,0.1618274048486044
2026-08-07,ALLO/USDT,2026-08-07 20:55,0.3289,13.43,0.341796,0.329349,4.36,-2.75,13,0.339236,0.346036,-4.95,0.332568,-1.1,1.458,0.292431,12.47,0.32889,False,-0.46216060080877064,2.17093861169389,6.163154854206576,2.803368907537476,-0.4469579494663782,3.262488978077782,5.8530207668217304
2026-08-07,AXTI/USDT,2026-08-07 14:30,84.03,13.14,88.594286,85.027143,5.65,8.19,14,82.974,80.132626,4.86,78.32935,7.28,1.239,73.47845,14.36,84.0,False,3.261904761904756,4.345238095238102,-0.24999999999999253,-3.33333333333333,-4.321428571428567,-6.130952380952388,-6.857142857142863
2026-08-07,AXTI/USDT,2026-08-07 19:25,87.96,9.6,88.686667,87.855,1.01,1.05,12,87.5336,84.314444,4.32,81.1875,8.34,1.643,74.88885,17.45,87.88,False,-0.42102867546655054,-0.7168866636322369,-1.5817023213472927,-1.4565316340464283,-2.0368684569868076,-1.9116977696859432,-2.082385070550749
2026-08-07,AXTI/USDT,2026-08-07 21:20,89.09,9.44,89.295,89.076429,0.38,-0.22,16,88.7464,86.415253,3.1,82.6037,7.85,1.815,75.5709,17.89,89.03,True,0.24710771650005486,0.06739301359092696,0.2695720543636919,-0.7525553184319911,-0.7413231495001646,-0.7413231495001646,-1.4040211164775918
2026-08-07,BICO/USDT,2026-08-07 04:50,0.03889,13.37,0.040781,0.039346,4.88,2.16,9,0.037652,0.038563,0.85,0.037696,3.17,2.944,0.030218,28.7,0.03889,False,-1.7742350218565086,-0.8742607354075598,-4.602725636410388,-7.122653638467476,-21.496528670609408,-20.41655952687065,-43.50732836204679
2026-08-07,BICO/USDT,2026-08-07 05:20,0.03923,13.37,0.041354,0.039483,5.4,2.16,9,0.038686,0.038577,1.69,0.037975,3.31,3.167,0.030389,29.09,0.03923,False,-0.7137394850879492,-3.696150904919704,-8.539383125159313,-0.5862860056079557,-17.894468518990564,-24.853428498598014,-40.12235534030078
2026-08-07,BICO/USDT,2026-08-07 07:05,0.04021,14.15,0.042723,0.041491,6.26,6.6,20,0.040709,0.038829,3.56,0.038708,3.88,2.29,0.031027,29.6,0.04021,False,1.8652076597861242,1.616513305147985,-6.242228301417553,-15.891569261377766,-29.569758766475996,-26.386471027107667,-33.10121860233771
2026-08-07,BICO/USDT,2026-08-07 12:15,0.04546,33.34,0.048484,0.049674,8.22,-8.32,13,0.05007,0.044374,2.45,0.041413,9.77,3.659,0.033278,36.61,0.04544,False,3.8512323943662006,0.68221830985915,-6.734154929577466,-8.516725352112672,-17.055457746478872,-24.053697183098596,-23.1294014084507
2026-08-07,BICO/USDT,2026-08-07 12:45,0.04513,33.34,0.046425,0.046163,3.72,-8.32,13,0.048562,0.044643,1.09,0.041567,8.57,3.093,0.033497,34.73,0.04514,True,-8.41825431989366,-7.443509082853349,-11.342490031014622,-11.741249446167478,-24.412937527691632,-17.722640673460347,-20.358883473637583
2026-08-07,BICO/USDT,2026-08-07 18:00,0.05331,32.17,0.053793,0.054682,1.92,-4.11,13,0.05472,0.050872,4.79,0.045622,16.85,4.509,0.036524,45.96,0.0533,True,0.33771106941838575,-1.7636022514071228,-0.7879924953095625,-2.0825515947467164,1.5196998123827359,-2.3264540337711033,-15.403377110694189
2026-08-07,BTW/USDT,2026-08-07 22:45,0.21613,11.9,0.21793,0.213162,2.2,3.74,11,0.210144,0.201453,7.29,0.196493,9.99,1.29,0.182525,18.41,0.21615,False,0.2637057598889729,1.8551931529030827,0.749479528105487,-5.024288688410817,-9.33610918343743,30.47883414295629,28.457089983807542
2026-08-07,BTW/USDT,2026-08-07 23:15,0.21214,11.9,0.22219,0.215746,4.86,3.74,11,0.212508,0.202506,4.76,0.197452,7.44,1.537,0.183109,15.85,0.21209,False,-1.1410250365410937,-1.1504549955207686,-5.181762459333301,-6.789570465368473,-6.369937290772783,35.52737045593852,25.442029327172435
2026-08-07,DIA/USDT,2026-08-07 23:30,0.1248,5.57,0.125467,0.1265,1.01,-1.18,9,0.126032,0.123538,1.02,0.12168,2.56,0.554,0.119122,4.77,0.1249,False,0.0,-0.5604483586869433,0.6405124099279385,0.6405124099279385,0.08006405124099508,-0.6405124099279496,0.24019215372297417
2026-08-07,GWEI/USDT,2026-08-07 04:35,0.02257,21.79,0.023273,0.022655,3.84,-1.64,25,0.022744,0.021876,3.17,0.020202,11.72,2.931,0.01838,22.8,0.02259,False,-1.6821602478973081,-4.913678618857902,-8.100929614873847,-10.801239486498456,-7.835325365205847,-5.356352368304572,-24.701195219123516
2026-08-07,GWEI/USDT,2026-08-07 06:50,0.02473,22.99,0.025485,0.024896,3.24,2.58,15,0.024488,0.022939,7.81,0.021019,17.66,3.685,0.018689,32.32,0.02472,False,4.288025889967631,7.241100323624596,4.733009708737853,3.4385113268608416,-2.305825242718451,-6.998381877022664,-27.629449838187714
2026-08-07,GWEI/USDT,2026-08-07 07:20,0.02293,22.99,0.025741,0.024229,11.81,2.58,15,0.024456,0.023072,-0.62,0.021167,8.33,3.554,0.01875,22.3,0.02293,False,-3.358046227649367,-2.703881378107294,-6.323593545573485,-3.7941561273441025,-6.7597034452682045,-20.75883122546882,-32.31574356737898
2026-08-07,GWEI/USDT,2026-08-07 11:55,0.02354,13.97,0.023665,0.024252,0.87,-4.91,17,0.024498,0.024027,-2.03,0.022725,3.59,3.077,0.019374,21.5,0.02353,True,-1.4874628134296626,-3.1874203144921407,-3.1449213769655806,-6.077348066298346,-18.402039949001278,-26.22184445388866,-42.07394815129623
2026-08-07,GWEI/USDT,2026-08-07 16:35,0.02817,20.51,0.028868,0.028117,3.53,1.23,9,0.027634,0.025264,11.5,0.024286,15.99,3.304,0.020211,39.38,0.02817,False,1.810436634717785,2.307419240326593,-0.8519701810436656,-8.12921547745829,-5.679801206957759,-11.537096201632927,-11.82108626198083
2026-08-07,GWEI/USDT,2026-08-07 19:15,0.03039,26.33,0.032074,0.030448,7.12,7.96,14,0.029609,0.02682,13.31,0.025319,20.03,3.284,0.020873,45.59,0.03039,False,-0.6581112207963106,2.500822639025996,1.9743336623889434,-0.7897334649555795,-16.781836130306022,0.3290556103981553,15.761763738071732
2026-08-07,GWEI/USDT,2026-08-07 23:35,0.03513,34.14,0.035846,0.034922,3.31,0.65,7,0.033809,0.030482,15.25,0.027496,27.76,4.257,0.022155,58.56,0.03512,False,3.701594533029601,1.7369020501138939,10.535307517084288,11.70273348519362,11.44646924829157,24.82915717539863,25.39863325740318
2026-08-07,ON/USDT,2026-08-07 00:00,0.37459,34.13,0.399946,0.395499,7.24,3.14,19,0.39304,0.3681,1.76,0.3439,8.92,3.596,0.298796,25.37,0.37468,False,2.3139745916515455,2.188534215864215,-5.52471442297427,-8.807515746770571,-14.874025835379523,-18.06608305754243,-19.1683569979716
2026-08-07,ON/USDT,2026-08-07 05:05,0.43691,21.41,0.446358,0.439771,3.03,0.81,11,0.431292,0.400332,9.14,0.374508,16.66,3.663,0.316338,38.11,0.43677,False,1.6919660233074636,4.608833024246167,6.655676900886047,3.800627332463311,-0.3777731987086991,3.3770634430020348,23.937083590905964
2026-08-07,RIVER/USDT,2026-08-07 00:00,3.227,15.41,3.254615,3.257286,3.12,-1.06,13,3.2466,3.040626,6.13,2.898955,11.32,2.437,2.655655,21.51,3.227,True,-2.4480942051441024,-3.439727300898674,-3.8425782460489653,-2.6960024790827455,6.569569259374024,1.5494267121165115,7.964053300278887
2026-08-07,SKYAI/USDT,2026-08-07 11:25,0.10703,17.22,0.111415,0.108022,4.21,2.92,12,0.10671,0.099613,7.45,0.098617,8.53,2.5,0.079615,34.43,0.10702,False,-1.5511119416931367,-3.092879835544752,-7.989160904503832,-0.2896654830872648,1.2240702672397734,-15.184077742478042,-6.232479910297136
2026-08-07,SKYAI/USDT,2026-08-07 20:00,0.12088,18.71,0.123467,0.12114,2.87,1.64,8,0.120831,0.114185,5.86,0.106996,12.98,2.948,0.089546,34.99,0.12091,False,-1.0338268133322315,-0.3225539657596571,2.0180299396245123,0.9263088247456867,4.292448928955421,0.024811843519975393,4.424778761061953
2026-08-07,STG/USDT,2026-08-07 01:50,0.1528,21.5,0.1622,0.158757,7.21,0.75,8,0.155456,0.146693,4.16,0.13585,12.48,3.087,0.126139,21.14,0.1526,False,-2.4246395806028707,-7.273918741808649,-13.30275229357797,-12.450851900393177,-1.1795543905635621,1.834862385321117,6.6841415465268765
2026-08-07,STG/USDT,2026-08-07 05:35,0.1726,25.23,0.17965,0.174207,4.59,0.17,12,0.174016,0.162172,6.43,0.146533,17.79,4.236,0.130014,32.75,0.1727,False,10.596409959467275,11.580775911986098,8.801389693109433,12.970469021424439,13.549507817023743,17.139548349739425,16.039374638100753
2026-08-07,STG/USDT,2026-08-07 06:05,0.1527,25.23,0.1798,0.167264,15.07,0.17,12,0.170172,0.162564,-6.07,0.147494,3.53,3.831,0.13033,17.16,0.1528,False,-1.3743455497382322,-3.0759162303664986,-1.7015706806282849,-3.337696335078548,4.188481675392664,5.693717277486901,4.908376963350772
2026-08-07,ZBT/USDT,2026-08-07 01:50,0.1915,22.52,0.203272,0.197569,7.97,5.08,13,0.193346,0.184559,3.76,0.171382,11.74,4.204,0.133955,42.96,0.1915,False,1.9112271540469956,10.281984334203662,22.929503916449086,23.530026109660582,28.041775456919062,33.6710182767624,36.281984334203656
2026-08-07,ZBT/USDT,2026-08-07 02:20,0.17181,22.52,0.207776,0.192764,17.65,5.08,13,0.192602,0.184998,-7.13,0.172667,-0.5,3.952,0.13467,27.58,0.17179,False,3.050235752954185,14.086966645322777,18.15006694219686,16.840328307817693,19.628616333896037,26.928226322836018,30.96222131672391
2026-08-07,ZBT/USDT,2026-08-07 02:50,0.14759,22.52,0.212281,0.176501,30.75,5.08,13,0.186333,0.184188,-19.87,0.173212,-14.79,3.265,0.135136,9.22,0.14759,False,-1.754861440477003,4.729317704451512,0.7791855816789838,6.856833118774978,6.687444948844766,16.87783725184633,20.021681685751062
2026-08-08,AIO/USDT,2026-08-08 20:50,0.04513,7.67,0.045711,0.045344,1.42,4.81,26,0.044699,0.043672,3.34,0.043162,4.56,0.017,0.042163,7.04,0.04516,False,1.5500442869796265,2.6350752878653605,1.0186005314437603,3.188662533215228,1.5279007971656249,5.447298494242686,11.935341009743134
2026-08-08,AXTI/USDT,2026-08-08 00:30,89.42,7.4,89.91,89.784286,0.63,0.16,14,89.5716,88.441111,1.11,84.8584,5.38,1.689,76.93835,16.22,89.41,True,-0.3131640756067567,-0.07829101890169712,-0.6039592886701781,-0.3914550945084538,-0.827647914103578,-0.9730455206352808,-0.9618610893636051
2026-08-08,BICO/USDT,2026-08-08 02:55,0.05674,22.42,0.060637,0.05621,7.96,10.34,12,0.054569,0.054142,4.8,0.05266,7.75,1.801,0.041323,37.31,0.05677,False,1.5853443720274758,4.773648053549417,-3.7872115553989767,-6.235687863308088,-1.9904879337678334,-4.967412365686095,1.0568962480183253
2026-08-08,BROCCOLI714/USDT,2026-08-08 20:25,0.01653,7.08,0.016572,0.016643,0.32,-1.01,9,0.016624,0.016302,1.4,0.015781,4.75,1.079,0.015075,9.65,0.01654,False,0.6045949214026566,-1.088270858524786,-0.967351874244259,-2.176541717049572,-4.836759371221295,-3.6880290205562245,-1.511487303506652
2026-08-08,BROCCOLI714/USDT,2026-08-08 21:40,0.01659,6.49,0.016768,0.016608,1.06,0.78,14,0.016609,0.016466,0.75,0.015873,4.52,0.988,0.015142,9.56,0.0166,True,-1.8072289156626398,-0.9036144578313303,-1.6867469879518013,-5.240963855421682,-6.385542168674689,-8.313253012048188,-13.012048192771076
2026-08-08,BROCCOLI714/USDT,2026-08-08 23:50,0.01759,11.55,0.018003,0.01747,3.29,4.18,11,0.017193,0.016725,5.17,0.016127,9.07,1.512,0.01529,15.04,0.01757,False,-1.3659647125782621,-0.2845759817871453,1.821286283437663,-0.05691519635742512,1.821286283437663,4.382470119521912,-12.464428002276614
2026-08-08,CAP/USDT,2026-08-08 06:30,0.03532,9.54,0.036075,0.037306,2.31,-8.52,16,0.038146,0.037083,-4.75,0.036764,-3.93,1.13,0.033114,6.66,0.03532,False,-0.5945639864099713,-1.7270668176670427,-1.8969422423556173,-4.473386183465474,-5.464326160815406,-7.502831257078142,-4.813137032842583
2026-08-08,CAP/USDT,2026-08-08 15:25,0.03875,6.61,0.039148,0.038631,1.96,1.69,12,0.038151,0.037346,3.76,0.037182,4.22,0.601,0.034286,13.02,0.03874,True,5.007743933918424,5.291688177594208,3.1233866804336494,3.8461538461538423,4.620547237996902,4.594734124935459,0.2581311306143416
2026-08-08,CYS/USDT,2026-08-08 10:45,1.0832,24.49,1.1075,1.1412,6.91,-4.77,13,1.136284,1.033263,4.83,0.980208,10.51,3.539,0.858356,26.19,1.0832,False,11.050590841949772,17.106720827178723,22.128877400295412,22.368906942392908,24.51070901033973,12.343057607090097,13.035450516986707
2026-08-08,CYS/USDT,2026-08-08 11:15,0.8979,24.49,1.0817,1.0627,18.34,-4.77,13,1.107968,1.036372,-13.36,0.983095,-8.67,3.132,0.859764,4.44,0.8975,False,-1.1587743732590614,6.016713091921999,7.509749303621172,11.231197771587745,8.679665738161557,-4.846796657381614,-8.144846796657387
2026-08-08,GWEI/USDT,2026-08-08 00:00,0.03379,34.14,0.03601,0.034857,7.36,0.65,7,0.03423,0.03078,9.78,0.02776,21.72,4.432,0.02233,51.32,0.03381,False,-2.543626146110617,6.27033422064477,9.050576752440106,2.7210884353741416,9.13930789707187,21.058858325939074,21.41378290446613
2026-08-08,HEI/USDT,2026-08-08 02:20,0.22117,13.11,0.238286,0.2346,7.62,-2.83,19,0.23713,0.223315,-0.96,0.222856,-0.76,1.11,0.251897,-12.2,0.22131,False,7.803533505038185,9.195246486828433,10.13962315304325,9.552211829560354,8.996430346572685,1.9700872079887952,10.523699787628216
2026-08-08,HEI/USDT,2026-08-08 02:50,0.20096,13.11,0.236085,0.220609,15.24,-2.83,19,0.229894,0.222828,-9.81,0.22183,-9.41,0.149,0.251365,-20.05,0.20097,False,-0.0447828034034826,1.0449320794148473,1.288749564611638,1.1295218191770025,1.0847390157735062,-4.503159675573469,2.32372990993681
2026-08-08,KOMA/USDT,2026-08-08 17:35,0.014584,6.57,0.014584,0.014589,0.41,-0.28,11,0.014516,0.014046,3.83,0.013845,5.34,1.009,0.013017,12.04,0.014586,True,1.940216646099001,2.9686000274235522,2.2350198820787046,1.5425750719868334,0.6513094748388838,1.8236665295488865,2.015631427396139
2026-08-08,KOMA/USDT,2026-08-08 18:05,0.014153,6.57,0.014561,0.01446,3.33,-0.28,11,0.014478,0.014117,0.26,0.013874,2.01,0.981,0.013041,8.53,0.014149,False,-0.06360873559969134,-0.7845077390628311,-1.943600254434937,-1.6608947628807627,-1.081348505194716,-0.007067637288849143,-2.2121704714114
2026-08-08,MMT/USDT,2026-08-08 03:30,0.1993,13.55,0.204475,0.199886,4.05,3.56,16,0.197456,0.189223,5.33,0.181342,9.9,2.224,0.172723,15.39,0.1992,True,-3.162650602409639,-0.5522088353413743,-4.51807228915663,-7.429718875502012,-16.214859437751016,-15.461847389558244,-5.873493975903623
2026-08-08,MMT/USDT,2026-08-08 04:40,0.2075,14.63,0.209657,0.205221,2.22,2.6,14,0.203196,0.192678,7.69,0.184064,12.73,2.508,0.173629,19.51,0.2075,False,0.14457831325300952,1.9759036144578277,-2.8433734939759114,-16.19277108433736,-9.68674698795181,-11.421686746987952,0.7228915662650609
2026-08-08,MMT/USDT,2026-08-08 05:10,0.2034,14.63,0.211929,0.205843,5.68,2.6,14,0.204232,0.194167,4.76,0.185186,9.84,2.5,0.174081,16.84,0.2034,False,-2.6057030481809242,-4.91642084562439,-10.422812192723697,-17.6007866273353,-9.29203539823009,-12.881022615535889,-1.0324483775811164
2026-08-08,MMT/USDT,2026-08-08 07:20,0.2332,30.34,0.241805,0.2353,6.5,11.04,19,0.226456,0.20458,13.99,0.192248,21.3,3.619,0.17714,31.65,0.2331,False,0.7722007722007704,5.791505791505797,-0.4719004719004676,4.976404976404976,0.3432003432003411,10.381810381810382,11.969111969111973
2026-08-08,MMT/USDT,2026-08-08 07:50,0.2196,30.34,0.249321,0.232257,12.84,11.04,19,0.230452,0.206905,6.14,0.193891,13.26,3.784,0.177819,23.5,0.2196,False,-6.238615664845181,-6.6484517304189445,-2.5956284153005513,-3.4608378870674064,-5.054644808743169,3.415300546448078,5.510018214936248
2026-08-08,MUBARAK/USDT,2026-08-08 15:00,0.01506,7.56,0.015196,0.015015,2.01,-0.26,5,0.014872,0.014524,3.69,0.014246,5.71,1.025,0.013434,12.1,0.01508,True,-0.994694960212207,-1.5915119363395267,-1.4588859416445605,-2.122015915119369,-1.392572944297083,-4.5092838196286475,-6.233421750663129
2026-08-08,MUBARAK/USDT,2026-08-08 17:05,0.01537,8.64,0.015516,0.015404,1.39,-0.19,14,0.015371,0.014789,3.93,0.014438,6.46,1.291,0.013538,13.53,0.01538,False,0.06501950585175288,1.6254876462938896,0.8452535760728211,0.9752925877763271,-0.06501950585175288,-0.5201560468140456,-9.557867360208068
2026-08-08,MUBARAK/USDT,2026-08-08 17:35,0.01513,8.64,0.015503,0.015311,3.31,-0.19,14,0.015358,0.014838,1.96,0.01447,4.56,1.171,0.01356,11.58,0.01511,False,-0.5956320317670404,-0.9265387160820615,-1.9854401058901385,-1.5221707478491018,-3.5076108537392523,-5.559232296492381,-22.63401720714759
2026-08-08,MUBARAK/USDT,2026-08-08 22:30,0.01532,7.47,0.015435,0.015542,0.94,-1.9,11,0.015413,0.0153,0.13,0.014861,3.09,0.992,0.013829,10.79,0.01532,True,-1.762402088772842,-2.8720626631853747,-1.566579634464745,-2.9373368146214034,-3.6553524804177417,-16.449086161879904,-30.874673629242803
2026-08-08,RECALL/USDT,2026-08-08 01:45,0.05052,14.19,0.050836,0.050639,1.25,-0.35,15,0.05051,0.048681,3.78,0.046356,8.98,2.103,0.043082,17.26,0.05056,True,-0.03955696202531485,1.0087025316455767,4.034810126582278,5.3401898734177236,9.770569620253164,11.115506329113924,12.321993670886075
2026-08-08,SIREN/USDT,2026-08-08 00:00,0.03544,16.94,0.036434,0.035735,3.36,1.43,10,0.035514,0.033645,5.33,0.031454,12.67,2.485,0.029736,19.18,0.03542,True,-4.460756634669673,-1.6939582156973554,-3.867871259175616,-8.752117447769619,5.985319028797281,8.977978543195942,5.759457933370977
2026-08-08,SLX/USDT,2026-08-08 07:45,0.09196,9.42,0.09368,0.092946,2.15,0.45,12,0.092031,0.090767,1.31,0.086878,5.85,2.322,0.079866,15.14,0.09197,True,-1.7288246167228534,-1.989779275850819,0.010873110796994805,-3.457649233445691,-4.664564531912583,2.2942263781667944,3.9251929977166493
2026-08-08,SLX/USDT,2026-08-08 08:50,0.09264,8.3,0.092975,0.092742,1.19,-0.59,13,0.09294,0.091306,1.46,0.087878,5.42,2.3,0.080208,15.5,0.09265,True,-1.8024824608742631,-2.8278467350242824,-2.21262817053428,-4.4036697247706424,1.144090663788442,3.291958985429031,8.224500809498112
2026-08-08,TST/USDT,2026-08-08 10:40,0.01394,9.76,0.014764,0.014146,5.79,5.98,14,0.013878,0.013305,4.78,0.01334,4.5,0.288,0.012213,14.14,0.01395,False,-3.0107526881720448,-0.9318996415770602,-10.179211469534046,-7.311827956989248,-9.318996415770602,-12.401433691756264,-16.057347670250888
2026-08-08,TST/USDT,2026-08-08 16:45,0.01597,18.45,0.016813,0.015819,6.02,4.73,7,0.015504,0.014855,7.51,0.013962,14.38,1.68,0.012798,24.78,0.01597,False,2.6299311208516087,0.9392611145898612,0.9392611145898612,2.567313713212288,4.132748904195371,-1.4402003757044304,-11.83469004383218
2026-08-08,TST/USDT,2026-08-08 22:35,0.01622,11.52,0.016646,0.016051,3.88,5.26,10,0.01573,0.015598,3.99,0.014891,8.92,2.054,0.013329,21.69,0.01622,False,0.24660912453759787,-3.6374845869297188,-2.219482120838488,0.30826140567199733,-17.632552404438975,-7.028360049321838,4.069050554870525
2026-08-08,TUT/USDT,2026-08-08 00:35,0.03782,10.74,0.039378,0.038897,4.24,1.71,15,0.0388,0.038248,-1.12,0.03606,4.88,3.021,0.03025,25.02,0.03781,False,0.10579211848718674,0.2115842369743551,-1.163713303358889,-0.3438243850833064,-13.88521555144141,-37.84713038878602,-64.34805606982279
2026-08-08,TUT/USDT,2026-08-08 01:05,0.03773,10.74,0.039642,0.038419,5.71,1.71,15,0.038555,0.03828,-1.44,0.03626,4.05,2.68,0.030343,24.34,0.03772,False,-1.0604453870625783,-1.4050901378579075,1.4581124072110154,0.02651113467655388,-16.648992576882293,-37.51325556733829,-71.47401908801699
2026-08-08,TUT/USDT,2026-08-08 19:10,0.07819,51.49,0.081448,0.079066,4.03,3.92,12,0.077038,0.069102,13.15,0.058001,34.81,8.811,0.040769,91.79,0.0782,True,-4.271099744245518,-3.452685421994877,-1.0485933503836333,-3.8107416879795353,-42.27621483375958,-84.68030690537081,-132.5447570332481
2026-08-09,1000CAT/USDT,2026-08-09 00:50,0.00211,16.32,0.002181,0.002146,3.7,0.6,15,0.002145,0.002137,-1.28,0.00195,8.21,3.911,0.001657,27.34,0.00211,False,5.545023696682461,5.450236966824649,7.393364928909947,7.819905213270142,10.142180094786731,13.270142180094782,14.123222748815161
2026-08-09,1000CAT/USDT,2026-08-09 01:20,0.001995,16.32,0.002186,0.002098,9.05,0.6,15,0.002118,0.002129,-6.3,0.001965,1.53,3.686,0.001662,20.04,0.001996,False,2.3046092184368754,2.1042084168336643,1.7034068136272416,3.1563126252504965,4.809619238476952,9.168336673346694,8.967935871743482
2026-08-09,4/USDT,2026-08-09 20:10,0.013566,16.29,0.013806,0.01375,2.0,0.97,18,0.013601,0.01291,5.08,0.012503,8.5,0.902,0.011909,13.91,0.013577,False,2.386388745672839,1.0679826176622305,0.03682698681593722,-1.4657140752743576,-2.474773514031078,6.901377329306918,9.876997864034767
2026-08-09,4/USDT,2026-08-09 20:40,0.013432,16.29,0.01385,0.013486,3.75,0.97,18,0.013546,0.012968,3.58,0.012524,7.25,0.83,0.011937,12.52,0.013456,False,-1.1667657550535142,-0.8620689655172526,-2.0065398335315185,-4.369797859690845,0.6093935790725233,7.409334126040426,8.665279429250884
2026-08-09,ACE/USDT,2026-08-09 03:25,0.13032,17.21,0.133131,0.133376,2.8,-7.62,27,0.140253,0.145365,-10.35,0.137466,-5.2,3.247,0.124214,4.92,0.13026,True,-1.742668509135592,-0.6141563027790748,0.26101642868108343,1.8194380469829445,2.310763089206192,6.694303700291719,5.312452019038831
2026-08-09,BEAT/USDT,2026-08-09 03:55,2.78,19.87,3.063,3.085714,11.56,-2.69,17,3.11344,2.93596,-5.31,2.80187,-0.78,2.66,2.355935,18.0,2.782,False,-5.10424155283968,-4.09777138749101,-6.362329259525524,-12.257368799424881,-16.71459381739755,-16.96621135873472,-22.21423436376707
2026-08-09,BEAT/USDT,2026-08-09 14:30,3.266,9.72,3.265222,3.305214,0.99,-2.9,9,3.31372,3.248333,0.54,3.113015,4.91,1.977,2.595035,25.86,3.266,True,-1.285976729944881,-1.3165952235150076,-4.898958971218621,-7.317819963257804,-10.77770973668095,-17.942437232088178,15.43172075933864
2026-08-09,BEAT/USDT,2026-08-09 17:10,3.537,13.56,3.605294,3.508286,2.75,3.83,17,3.45196,3.315404,6.68,3.20443,10.38,2.286,2.660615,32.94,3.537,False,-0.621996041843377,-3.194797851286401,-3.3361605880689815,-4.438789934973142,-5.79587220808595,14.39072660446706,26.208651399491096
2026-08-09,BEAT/USDT,2026-08-09 21:40,3.74,13.92,3.793933,3.725857,2.71,1.5,15,3.70732,3.541465,5.61,3.376095,10.78,2.711,2.805375,33.32,3.739,False,0.053490238031553346,-1.1500401176785278,-3.6908264241775854,-5.028082374966574,23.10778282963359,27.627707943300344,30.14174913078363
2026-08-09,BEAT/USDT,2026-08-09 23:15,3.817,14.77,3.875556,3.855429,1.64,-0.05,9,3.80424,3.641273,4.83,3.44747,10.72,2.728,2.865865,33.19,3.817,True,-2.515064186533918,-2.148283992664392,16.05973277443018,17.788839402672263,26.43437254388264,34.162955200419184,34.424941053183126
2026-08-09,BICO/USDT,2026-08-09 07:55,0.07085,43.49,0.079823,0.074162,11.62,3.78,14,0.073159,0.069918,1.33,0.064272,10.23,3.457,0.057023,24.25,0.07082,False,8.133295679186652,6.791866704320807,26.870940412312894,27.054504377294545,31.50240045184976,40.694719005930516,35.540807681445905
2026-08-09,BICO/USDT,2026-08-09 08:25,0.06601,43.49,0.081061,0.070595,19.31,3.78,14,0.071812,0.070012,-5.72,0.06453,2.29,3.164,0.057259,15.28,0.066,False,21.1969696969697,21.53030303030303,25.045454545454547,25.96969696969697,33.65151515151515,34.257575757575765,26.63636363636364
2026-08-09,BLUAI/USDT,2026-08-09 01:10,0.02138,13.44,0.021605,0.021409,2.74,-1.01,7,0.020826,0.020296,5.34,0.019505,9.61,1.058,0.015311,39.64,0.021371,True,-4.763464507978092,-1.6658088063263237,-1.8295821440269477,-3.9726732487950915,-16.976276262224506,20.775817696878946,12.67137709980816
2026-08-09,BROCCOLI714/USDT,2026-08-09 07:55,0.01661,8.03,0.017003,0.017302,2.43,-6.05,9,0.017386,0.017473,-4.94,0.017081,-2.76,0.896,0.015864,4.7,0.01662,False,0.722021660649811,-1.0228640192539111,-3.369434416365833,-11.73285198555957,-18.892900120336947,-21.3598074608905,-21.540312876052948
2026-08-09,BROCCOLI714/USDT,2026-08-09 12:50,0.01888,16.35,0.019389,0.01937,3.19,-0.05,18,0.019284,0.018013,4.82,0.017636,7.05,1.857,0.016284,15.94,0.0189,False,-2.0634920634920713,-8.571428571428571,-5.873015873015873,-1.9576719576719512,-4.920634920634922,-7.142857142857145,-7.566137566137569
2026-08-09,BROCCOLI714/USDT,2026-08-09 14:30,0.01916,22.26,0.020897,0.020187,9.75,7.07,20,0.019778,0.018511,3.5,0.017971,6.62,2.19,0.016463,16.38,0.01918,False,-0.10427528675703433,-1.668404588112622,-5.422314911366002,-7.038581856100107,-8.029197080291969,-2.711157455683001,1.5641293013555693
2026-08-09,BROCCOLI714/USDT,2026-08-09 19:55,0.0202,13.45,0.02081,0.020676,3.08,0.0,16,0.020625,0.020054,0.73,0.018872,7.04,1.884,0.016981,18.96,0.0202,False,0.7920792079207941,1.5841584158415882,-0.2970297029703021,2.07920792079208,0.7425742574257467,5.9900990099009865,6.881188118811876
2026-08-09,BROCCOLI714/USDT,2026-08-09 20:25,0.01988,13.45,0.02081,0.020369,5.0,0.0,16,0.020489,0.020067,-0.93,0.018946,4.93,1.819,0.017024,16.77,0.01989,False,-2.36299648064353,-1.8602312719959717,1.809954751131235,1.458019105077939,-2.36299648064353,3.167420814479648,3.267973856209157
2026-08-09,COOKIE/USDT,2026-08-09 01:00,0.012904,29.6,0.013488,0.013079,5.4,6.91,18,0.012788,0.011982,7.69,0.01079,19.59,3.218,0.010154,27.08,0.012904,False,1.1546807191568491,5.897396156230636,9.159950402975827,8.40824550526969,10.089894606323629,7.38530688158711,-3.4717916924984404
2026-08-09,COOKIE/USDT,2026-08-09 12:05,0.013614,16.54,0.013963,0.013706,5.72,-0.2,12,0.013502,0.01248,9.09,0.012336,10.36,2.155,0.010582,28.65,0.013619,False,1.960496365371906,2.0045524634701444,0.6167853733754242,6.079741537557816,8.68639400837066,-11.212276966003383,-15.316836772156556
2026-08-09,COOKIE/USDT,2026-08-09 12:35,0.013346,16.54,0.013949,0.013563,6.22,-0.2,12,0.013548,0.012556,6.3,0.012383,7.77,2.007,0.010622,25.64,0.013346,False,1.6784055147609789,-1.4161546530795739,-2.1204855387382007,4.450771766821526,3.888805634647088,-12.865277985913382,-12.872770867675701
2026-08-09,COOKIE/USDT,2026-08-09 20:05,0.015146,31.27,0.015886,0.015719,4.97,16.23,28,0.015561,0.01364,11.04,0.013018,16.35,3.595,0.011282,34.25,0.015139,False,1.6183367461523248,0.5020146641125549,-1.8825549904220922,-4.491710152586037,-3.738688156417204,8.785256621969745,16.843913072197637
2026-08-09,COOKIE/USDT,2026-08-09 20:35,0.015063,31.27,0.016356,0.015204,9.44,16.23,28,0.015637,0.01373,9.71,0.013115,14.86,3.598,0.011339,32.84,0.015067,False,-3.205681290236935,-2.3694166058273023,-3.856109378111092,-3.358332780248221,0.019911063914523564,11.528506006504285,16.964226455166926
2026-08-09,DYM/USDT,2026-08-09 11:00,0.017,20.38,0.01725,0.017049,2.49,1.41,12,0.016541,0.015773,7.78,0.015284,11.23,1.608,0.014398,18.07,0.017,True,1.764705882352951,0.8235294117647131,5.6470588235294255,8.0,10.823529411764712,7.294117647058831,7.4705882352941195
2026-08-09,FHE/USDT,2026-08-09 10:30,0.02895,14.74,0.029603,0.029611,4.13,6.24,26,0.029622,0.028805,0.5,0.028105,3.01,1.229,0.026661,8.59,0.02895,False,0.4835924006908505,-0.34542314335060237,0.31088082901554337,-1.1053540587219373,0.5872193436960277,2.9706390328151975,8.842832469775475
2026-08-09,IOTX/USDT,2026-08-09 00:35,0.002626,10.22,0.002686,0.002642,2.42,1.21,9,0.002619,0.002525,3.98,0.00245,7.18,1.78,0.002316,13.41,0.002626,True,-2.2086824067022213,-23.343488194973354,-41.24143183549125,-45.39223153084541,-30.27418126428028,-28.17974105102819,-10.738766184310744
2026-08-09,IOTX/USDT,2026-08-09 02:20,0.003731,60.04,0.004089,0.003701,11.04,15.15,12,0.003299,0.002731,36.59,0.002567,45.32,5.04,0.002359,58.13,0.003731,False,-2.3318145269364856,-0.8040739748056842,7.39748056821227,11.900294827124094,7.317073170731703,18.359689091396405,18.89573840793353
2026-08-09,LISTA/USDT,2026-08-09 07:10,0.06247,12.05,0.066738,0.06506,7.94,2.9,13,0.064343,0.061863,0.98,0.059981,4.15,1.896,0.056262,11.03,0.06244,False,0.8488148622677814,-1.6495836002562398,0.5445227418321589,2.3702754644458714,1.9698910954516364,0.19218449711723581,-3.6194746957078654
2026-08-09,LISTA/USDT,2026-08-09 07:40,0.06347,12.05,0.067601,0.064035,8.34,2.9,13,0.064102,0.062003,2.37,0.060162,5.5,1.764,0.056343,12.65,0.06349,False,-0.5040163805323685,2.1893211529374743,1.7640573318632902,6.237202709088053,3.3863600567018524,0.5355174043156512,-0.7875255945818246
2026-08-09,MUBARAK/USDT,2026-08-09 07:55,0.01788,24.61,0.018272,0.018137,2.8,-3.32,26,0.017942,0.01666,7.32,0.016001,11.75,2.299,0.014565,22.76,0.01789,True,-0.11179429849077242,-2.179988820570159,-8.049189491335945,-6.036892118501962,-9.614309670206815,-22.470653996646167,-33.482392397987695
2026-08-09,MUBARAK/USDT,2026-08-09 10:50,0.01962,28.65,0.020538,0.019492,5.1,5.31,21,0.019556,0.017857,9.88,0.016687,17.58,3.209,0.014963,31.12,0.01961,False,1.4788373278939246,3.6206017338092753,0.050994390617030046,7.29219785823558,-1.9887812340642606,-20.958694543600217,-31.71851096379398
2026-08-09,MUBARAK/USDT,2026-08-09 18:05,0.02478,37.45,0.025558,0.024699,3.52,2.58,13,0.02406,0.020897,18.58,0.019129,29.54,5.592,0.016094,53.97,0.0248,False,-0.685483870967742,0.0,3.9516129032257994,6.532258064516129,-7.580645161290321,3.7500000000000013,7.33870967741935
2026-08-09,MUBARAK/USDT,2026-08-09 18:35,0.0248,37.45,0.025854,0.024876,4.73,2.58,13,0.024606,0.02124,16.76,0.019398,27.85,5.782,0.016204,53.05,0.02479,False,4.316256555062517,3.9128680919725642,7.018959257765221,3.307785397337627,-1.6942315449778145,8.955223880597014,16.53892698668818
2026-08-09,MUBARAK/USDT,2026-08-09 23:00,0.02542,29.47,0.026661,0.025721,5.29,6.13,13,0.024958,0.023769,6.94,0.02141,18.73,4.589,0.017148,48.24,0.0254,False,0.6299212598425213,0.3543307086614166,-0.7480314960630027,-11.22047244094489,8.779527559055115,18.346456692913378,20.944881889763774
2026-08-09,TST/USDT,2026-08-09 00:50,0.01622,17.0,0.016304,0.016538,0.95,-4.49,18,0.016569,0.015887,2.1,0.015323,5.85,2.644,0.013566,19.56,0.01622,True,2.3427866831072652,-4.99383477188657,-6.84340320591864,-14.241676942046876,-10.850801479654756,-0.06165228113442086,0.24660912453759787
2026-08-09,TST/USDT,2026-08-09 03:15,0.01937,30.94,0.020648,0.01919,7.45,2.65,9,0.018357,0.016576,16.85,0.015942,21.5,3.552,0.01392,39.15,0.01938,False,3.19917440660476,3.6119711042311797,8.152734778121783,10.887512899896803,14.293085655314766,15.170278637770906,17.234262125903005
2026-08-09,TST/USDT,2026-08-09 03:45,0.01868,30.94,0.021001,0.018998,11.67,2.65,9,0.018782,0.016754,11.5,0.016078,16.18,3.694,0.013994,33.48,0.01868,False,2.034261241970013,4.710920770877938,4.389721627408982,4.3361884368308266,8.886509635974296,10.06423982869379,12.473233404710914
2026-08-09,TST/USDT,2026-08-09 20:10,0.02099,43.85,0.021706,0.021984,4.5,11.03,16,0.020312,0.017238,21.77,0.0171,22.75,1.277,0.015507,35.36,0.02099,False,1.8580276322058191,-2.9537875178656456,-2.0962363030014264,1.6198189614101952,-7.003334921391134,8.289661743687478,1.1434016198189643
2026-08-09,TUT/USDT,2026-08-09 07:55,0.17808,147.7,0.22468,0.178766,28.34,13.18,18,0.179392,0.144132,23.55,0.112922,57.7,13.44,0.065701,171.04,0.17803,False,15.418749648935576,7.549289445599062,-2.4153232601246972,12.318148626635963,2.988260405549622,17.89024321743526,-4.965455260349388
2026-08-09,TUT/USDT,2026-08-09 08:25,0.16459,147.7,0.23329,0.165022,30.95,13.18,18,0.175683,0.147479,11.6,0.115777,42.16,12.467,0.066991,145.69,0.16459,False,-11.835469955647381,-10.77829758794581,-3.0257002248010285,7.217935476031336,-7.278692508657889,11.641047451242471,-9.283674585333262
2026-08-09,TUT/USDT,2026-08-09 19:55,0.18687,31.46,0.201276,0.191898,8.77,12.39,17,0.182699,0.164315,13.73,0.164115,13.87,4.007,0.097082,92.49,0.18685,False,-1.3807867273213803,3.7356168049237284,3.00240834894299,-1.8196414236018272,-8.065293015788066,-23.109446079743122,13.872089911693871
2026-08-09,龙虾/USDT,2026-08-09 02:05,0.024659,9.29,0.025083,0.024698,2.3,2.68,12,0.02452,0.024543,0.47,0.023332,5.69,1.939,0.020746,18.86,0.024651,False,-0.9330250294105759,-1.3914242829905463,-2.336619204089084,-0.1541519613808764,0.9776479655997653,17.204170216218404,22.534582775546635
2026-08-09,龙虾/USDT,2026-08-09 03:40,0.024746,7.41,0.025186,0.025102,2.34,-0.45,7,0.024986,0.024654,0.37,0.023694,4.44,1.954,0.020877,18.53,0.024748,False,-0.731372232099566,0.13334410861483073,0.12122191692257467,-1.4021335057378377,29.69532891546791,24.72523032164215,25.985938257636974
2026-08-10,BMT/USDT,2026-08-10 03:00,0.03726,33.31,0.037522,0.037229,3.58,-2.33,13,0.03591,0.03487,6.85,0.030835,20.84,5.535,0.019758,88.58,0.03727,True,0.6707807888382082,-4.10517842768984,-7.378588677220291,-0.16098738932118192,-0.8854306412664447,23.504158840890792,30.61443520257579
2026-08-10,BMT/USDT,2026-08-10 04:40,0.04032,34.61,0.042921,0.040302,8.2,6.46,9,0.038899,0.03581,12.59,0.032235,25.08,5.34,0.020576,95.95,0.04035,False,7.162329615861207,4.832713754646841,5.774473358116478,5.229244114002463,16.926889714993795,26.443618339529113,39.20693928128872
2026-08-10,BROCCOLI714/USDT,2026-08-10 21:20,0.0197,7.65,0.020056,0.02008,2.32,-1.42,9,0.019951,0.019053,3.4,0.019033,3.5,0.611,0.01882,4.67,0.01972,False,2.3833671399594403,3.1947261663286106,2.2819472616632983,6.947261663286001,10.141987829614612,11.866125760649096,15.111561866125758
2026-08-10,BROCCOLI714/USDT,2026-08-10 21:50,0.01909,7.65,0.019862,0.01965,4.54,-1.42,9,0.01985,0.019089,0.01,0.019055,0.18,0.569,0.018844,1.3,0.0191,False,-1.6753926701570725,-0.8900523560209425,1.3089005235602107,3.8743455497382078,9.738219895287962,11.518324607329847,12.303664921465957
2026-08-10,CGPT/USDT,2026-08-10 01:55,0.02249,12.87,0.023089,0.023409,2.94,-4.13,18,0.023536,0.022852,-1.58,0.021761,3.35,2.011,0.02012,11.78,0.0225,False,2.444444444444437,0.8444444444444409,4.088888888888892,6.400000000000001,8.311111111111112,5.688888888888888,7.822222222222212
2026-08-10,CTSI/USDT,2026-08-10 03:15,0.0284,10.08,0.029279,0.028768,3.21,3.07,22,0.0286,0.028552,-0.53,0.027039,5.03,1.726,0.02585,9.87,0.02842,False,-0.914848698099929,0.4222378606615132,3.0612244897959155,5.9817030260380015,8.374384236453203,5.946516537649544,7.459535538353274
2026-08-10,CYS/USDT,2026-08-10 14:35,1.1191,23.71,1.163989,1.098514,7.53,-9.37,19,1.153964,1.058893,5.69,1.051695,6.41,0.195,0.969223,15.46,1.1188,False,-0.7954951734000633,-0.34858777261351576,-3.655702538434031,-2.9585269932069993,-12.200572041473013,-12.379335001787634,-16.83947086163746
2026-08-10,CYS/USDT,2026-08-10 18:45,1.2254,18.65,1.265988,1.245064,5.2,2.73,16,1.2258,1.174325,4.35,1.072042,14.31,2.292,1.000422,22.49,1.2256,False,0.48139686684073246,0.8322454308093984,-0.7996083550913863,-3.745104438642302,-3.26370757180157,-6.764033942558745,-9.603459530026102
2026-08-10,ESP/USDT,2026-08-10 03:40,0.0774,8.72,0.078034,0.078031,0.98,2.17,17,0.077132,0.074175,4.35,0.073897,4.74,0.867,0.068317,13.3,0.07739,True,0.2067450575009786,-0.8657449282853132,1.4730585346944076,-1.124176250161514,1.5635094973510826,5.750096911745698,5.142783305336604
2026-08-10,INX/USDT,2026-08-10 21:30,0.00824,9.71,0.008936,0.008825,8.59,-0.83,9,0.008748,0.008422,-2.16,0.008331,-1.1,0.633,0.008133,1.31,0.008244,False,-2.6686074721009185,-0.25473071324599933,-1.5162542455118888,-1.698204754973329,-0.48520135856380525,-5.046094129063558,-3.869480834546335
2026-08-10,NIL/USDT,2026-08-10 03:25,0.0445,15.55,0.04521,0.044611,2.85,0.67,10,0.043855,0.042133,5.62,0.040154,10.82,2.656,0.036644,21.44,0.0445,True,2.2921348314606744,-1.2359550561797796,-2.831460674157313,-3.4382022471910196,5.999999999999997,1.5730337078651668,6.988764044943808
2026-08-10,NIL/USDT,2026-08-10 10:40,0.04627,11.96,0.0483,0.046225,6.09,5.65,17,0.045276,0.044413,4.18,0.042939,7.76,1.791,0.037903,22.07,0.04624,False,4.152249134948108,5.276816608996549,3.0709342560553727,0.8650519031141967,2.4437716262975906,16.52249134948097,14.035467128027687
2026-08-10,NIL/USDT,2026-08-10 11:10,0.0438,11.96,0.0492,0.045757,11.42,5.65,17,0.045292,0.044381,-1.31,0.043087,1.65,1.755,0.037995,15.28,0.04378,False,-0.04568296025582272,-2.375513933302876,-2.1699406121516662,-4.636820465966188,4.728186386477849,12.859753312014611,9.8446779351302
2026-08-10,NIL/USDT,2026-08-10 11:40,0.04482,11.96,0.0501,0.044421,11.98,5.65,17,0.045276,0.044348,1.06,0.043204,3.74,1.663,0.03809,17.67,0.04483,False,0.4907428061566025,0.22306491188936617,-2.252955610082527,-4.149007361142094,9.413339281730988,15.257639973232207,10.283292438099494
2026-08-10,NIL/USDT,2026-08-10 14:50,0.04409,12.46,0.045375,0.044231,3.45,-2.59,21,0.045385,0.044447,-0.8,0.044076,0.03,1.163,0.038783,13.68,0.04406,False,5.038583749432591,5.923740354062644,7.376305038583755,7.943713118474814,12.25601452564685,9.577848388561055,13.595097594189745
2026-08-10,NIL/USDT,2026-08-10 15:20,0.04145,12.46,0.045029,0.043515,8.9,-2.59,21,0.044461,0.04443,-6.71,0.044083,-5.97,0.775,0.038852,6.69,0.04146,False,1.423058369512784,1.567776169802214,1.640135069946937,5.306319343945956,8.055957549445239,4.920405209840811,7.54944524843221
2026-08-10,NIL/USDT,2026-08-10 15:50,0.04081,12.46,0.044683,0.041971,9.05,-2.59,21,0.042904,0.044374,-8.03,0.044055,-7.37,0.295,0.038912,4.88,0.04081,False,-1.543739279588333,0.07351139426611676,0.6125949522175943,4.459691252144088,7.571673609409464,1.5192354814996387,4.0921342808135215
2026-08-10,ON/USDT,2026-08-10 09:45,0.40091,9.83,0.407378,0.400071,1.8,3.06,16,0.39537,0.383283,4.6,0.374149,7.15,1.124,0.354856,12.98,0.40095,False,-0.017458535977058112,-3.638857712931799,-3.297169223095152,3.569023569023567,0.39905225090410035,0.5636613044020413,3.122583863324598
2026-08-10,PUMP/USDT,2026-08-10 06:45,0.002826,6.46,0.002864,0.002849,1.79,2.47,22,0.002825,0.002747,2.87,0.002717,4.02,0.861,0.002515,12.37,0.002826,False,0.3184713375796141,1.6277423920736036,2.547770700636943,2.1585279547062934,3.0785562632696335,4.352441613588105,1.6277423920736036
2026-08-10,THE/USDT,2026-08-10 03:15,0.07268,14.67,0.074564,0.072925,2.53,-1.27,20,0.073484,0.070281,3.41,0.068397,6.26,2.105,0.06112,18.91,0.07268,False,0.22014309301044785,-0.564116675839306,-3.3709411117226304,5.6136488717666495,13.924050632911381,9.93395707209685,11.227297743533299
2026-08-10,TST/USDT,2026-08-10 00:55,0.01909,28.86,0.018996,0.020827,0.03,-12.67,13,0.021186,0.020146,-5.24,0.0181,5.47,2.732,0.016241,17.54,0.01911,True,-2.3024594453166034,-0.8895866038723184,-1.0989010989011088,4.343275771847187,3.976975405546818,-6.070120355834649,-25.79801151229723
2026-08-10,TST/USDT,2026-08-10 10:30,0.02407,29.47,0.02507,0.024091,7.22,2.68,10,0.022814,0.019828,21.39,0.02021,19.1,4.114,0.017561,37.06,0.02407,True,1.786456169505608,5.941005400914003,2.0357291233901154,2.368093061902788,12.463647694225187,8.059825508932283,4.486913169921068
2026-08-10,TUT/USDT,2026-08-10 00:55,0.18579,44.13,0.204329,0.21114,11.7,4.67,18,0.202728,0.184138,0.9,0.172833,7.5,1.872,0.112408,65.28,0.18567,False,0.47934507459471204,-9.204502612161358,-8.121936769537356,-7.642591694942645,-3.9963375881941134,17.170248289976836,35.5954112134432
2026-08-10,TUT/USDT,2026-08-10 01:25,0.20276,44.13,0.207356,0.198899,8.36,4.67,18,0.202978,0.186548,8.69,0.173297,17.0,1.97,0.11396,77.92,0.20276,True,-0.5326494377589257,0.991319786940217,-2.5251528901164004,-13.868613138686134,5.8492799368711825,27.09114223712764,43.71670941014006
2026-08-10,XAN/USDT,2026-08-10 00:20,0.020928,21.76,0.021987,0.021824,5.55,-1.28,7,0.021295,0.020023,4.52,0.018915,10.64,3.707,0.016035,30.52,0.020929,True,-4.634717377801131,-7.850351187347693,3.053179798365907,37.93301161068374,36.93439724783792,39.648334846385396,40.24081418127956
2026-08-11,ARIA/USDT,2026-08-11 00:05,0.03643,9.15,0.036366,0.03659,1.72,-1.99,9,0.036606,0.035536,2.52,0.03497,4.17,1.412,0.032909,10.7,0.03641,True,-0.2471848393298539,1.2908541609447903,0.5218346608074588,-5.190881625926951,8.514144465806094,7.827519912112053,7.223290304861303
2026-08-11,BLESS/USDT,2026-08-11 00:50,0.013772,8.09,0.01395,0.013732,2.24,2.3,12,0.013613,0.013337,3.26,0.013149,4.74,1.32,0.01279,7.68,0.013771,True,-1.7137462784111546,-3.5582020187350163,1.038414058528798,-1.3506644397647258,9.78868636990778,8.35088228886791,5.28647157069203
2026-08-11,BSP/USDT,2026-08-11 00:00,53.0,11.91,53.656667,53.33,1.75,0.75,15,53.1524,52.505657,0.94,48.71665,8.79,2.087,46.1503,14.84,52.96,False,-0.03776435045316469,-0.3021148036253712,0.7364048338368591,0.7552870090634414,0.8308157099697842,-0.6986404833836809,-0.6608761329305163
2026-08-11,BSP/USDT,2026-08-11 16:30,56.97,10.58,58.437778,57.879286,2.7,0.43,18,57.7588,54.608182,4.33,53.658,6.17,1.053,49.078,16.08,57.0,False,-0.2456140350877203,0.8070175438596507,4.03508771929824,3.9298245614035126,4.368421052631582,4.298245614035093,4.070175438596492
2026-08-11,CAP/USDT,2026-08-11 19:25,0.05492,16.13,0.057357,0.054902,4.89,3.67,12,0.054013,0.051663,6.3,0.049745,10.4,2.057,0.046493,18.12,0.05492,False,-0.6919155134741539,-1.0378732702112183,0.9104151493080727,3.0043699927166765,1.6205389657683815,-2.9679533867443673,0.8557902403495962
2026-08-11,CYS/USDT,2026-08-11 01:20,1.2933,17.33,1.370183,1.3131,6.48,6.09,12,1.293388,1.261587,2.51,1.190579,8.63,3.809,1.044906,23.77,1.2925,False,1.4313346228239816,-1.052224371373312,-0.13926499032882195,-1.9729206963249577,-3.2263056092843385,-6.413926499032881,-12.665377176015472
2026-08-11,CYS/USDT,2026-08-11 01:50,1.3061,17.33,1.409133,1.313207,8.77,6.09,12,1.301112,1.266261,3.15,1.201819,8.68,3.9,1.048366,24.58,1.3062,False,0.2832644311744018,0.911039657020366,0.5741846577859487,-1.186648292757623,-2.4728219261981312,-5.588730669116518,-9.232889297197982
2026-08-11,CYS/USDT,2026-08-11 06:00,1.3496,9.84,1.3835,1.335179,3.63,2.57,8,1.327772,1.302947,3.58,1.247971,8.14,1.059,1.086353,24.23,1.3496,False,1.61529342027266,1.03734439834025,1.9487255483106098,3.445465323058683,-2.1561944279786696,-5.09780675755781,-6.816834617664499
2026-08-11,CYS/USDT,2026-08-11 09:50,1.3792,11.22,1.43685,1.376186,4.23,3.6,10,1.347836,1.326665,3.96,1.294555,6.54,1.808,1.125254,22.57,1.3793,False,0.029000217501628067,-0.964257231929246,-4.277532081490607,-4.980787355905168,-3.4437758283187194,-1.27600957007178,12.426593199448996
2026-08-11,CYS/USDT,2026-08-11 12:55,1.462,12.5,1.4805,1.463129,1.38,-0.3,9,1.459304,1.374399,6.37,1.332908,9.68,2.083,1.157403,26.32,1.462,False,-0.08891928864569623,0.1983584131326883,2.058823529411766,2.154582763337884,-3.693570451436392,20.129958960328317,25.396716826265386
2026-08-11,DODOX/USDT,2026-08-11 03:30,0.023074,6.43,0.023862,0.023139,3.81,2.82,9,0.022808,0.023155,-0.35,0.02242,2.92,0.543,0.02139,7.87,0.023074,False,2.5829938458871426,4.619918523012919,5.842073329288385,9.014475166854478,9.439195631446646,9.946259859582222,10.513998439802378
2026-08-11,GUA/USDT,2026-08-11 01:50,0.05489,21.72,0.055769,0.056341,2.31,-13.7,23,0.059729,0.056182,-2.3,0.055809,-1.65,4.261,0.043169,27.15,0.05489,True,-1.82182546912006,-5.939151029331388,-0.7651666970304185,-3.8076152304609248,4.900710511932953,8.580797959555472,15.175806157770092
2026-08-11,ON/USDT,2026-08-11 19:15,0.40171,8.15,0.401804,0.405036,0.59,-2.65,10,0.404347,0.403183,-0.37,0.396824,1.23,0.749,0.388775,3.33,0.40155,True,0.9388619100983677,1.4468932885070445,1.7357738762296182,3.924791433196363,5.319387373926047,5.461337317893165,5.5709127132362095
2026-08-11,PRL/USDT,2026-08-11 03:40,0.3202,8.38,0.3246,0.322564,1.73,0.0,11,0.318384,0.306756,4.38,0.301806,6.09,0.576,0.296729,7.91,0.3202,False,0.2498438475952428,-0.4372267332916966,0.4372267332916966,-0.4372267332916966,-0.031230480949403183,2.2485946283572718,1.8425983760149784
2026-08-11,PROM/USDT,2026-08-11 01:30,2.579,35.47,2.624,2.578,5.64,-2.08,8,2.46516,2.173273,18.67,2.082075,23.87,2.537,2.069545,24.62,2.58,True,-2.4031007751937916,-4.612403100775185,27.4031007751938,22.984496124031008,18.527131782945744,17.829457364341085,22.751937984496124
2026-08-11,SHAZ/USDT,2026-08-11 17:30,56.2,5.58,56.748182,56.199286,1.2,0.84,11,55.6456,54.157475,3.77,53.8364,4.39,0.573,51.86165,8.37,56.21,False,-0.28464685998931966,-0.0533712862480006,0.7116171499733118,-1.5477673011919542,-0.08895214374665923,-0.33801814623732024,-2.3661270236612673
2026-08-11,SHAZ/USDT,2026-08-11 18:45,55.57,5.3,55.864444,56.165714,0.83,-0.92,9,56.2396,54.672828,1.64,54.04055,2.83,0.638,52.0202,6.82,55.58,False,-0.3958258366318799,-1.5473191795609922,-2.590860021590509,-3.7963296149694123,-2.6268441885570364,-2.1230658510255482,-4.390068369917246
2026-08-11,SHAZ/USDT,2026-08-11 22:05,57.34,8.01,57.37,57.477143,0.21,-1.69,18,57.472,55.990505,2.41,54.6993,4.83,0.798,52.50955,9.2,57.34,True,0.5929543076386526,0.8022322985699352,0.7673526334147276,0.5580746424834326,1.2382281130101165,-0.2615974886641063,-1.9009417509591842
2026-08-11,SHAZ/USDT,2026-08-11 22:35,56.88,8.01,57.04,56.946429,0.46,-1.69,18,57.4112,56.172121,1.26,54.79685,3.8,0.774,52.5828,8.17,56.81,False,-0.2112304171800694,-0.15842281288504895,-0.0880126738250258,-0.33444816053511306,0.2288329519450846,-2.1651117760957526,-2.2531244499207905
2026-08-11,SQD/USDT,2026-08-11 00:00,0.04596,17.06,0.048951,0.046116,8.6,2.31,19,0.047366,0.045663,0.65,0.043912,4.66,2.005,0.038725,18.68,0.04599,False,-0.587084148727983,0.15220700152207134,-0.17395085888235864,-2.826701456838433,5.131550337029791,-0.6088280060882703,0.043487714720604746
2026-08-11,UAI/USDT,2026-08-11 14:15,0.2665,5.22,0.2689,0.269286,1.45,-0.41,22,0.267324,0.261767,1.81,0.261881,1.76,0.496,0.250827,6.25,0.2666,False,0.15003750937734864,0.1875468867216806,0.15003750937734864,-0.8252063015753862,1.350337584396096,1.6129032258064613,1.5003750937734448
2026-08-11,UAI/USDT,2026-08-11 14:45,0.2661,5.22,0.2686,0.267493,1.04,-0.41,22,0.267792,0.262095,1.53,0.262249,1.47,0.574,0.251128,5.96,0.266,False,0.3383458646616586,-0.07518796992480374,-0.11278195488720563,0.26315789473685486,0.4135338345864623,0.7142857142857191,1.8796992481203023
2026-08-11,龙虾/USDT,2026-08-11 00:00,0.028888,6.05,0.029283,0.028855,1.83,-0.09,19,0.02894,0.028916,-0.1,0.028991,-0.36,3.658,0.0239,20.87,0.028895,False,-0.08998096556497058,2.98321508911577,3.5507873334486906,7.437272884582113,2.315279460114205,12.510815019899638,25.028551652535036
2026-08-12,BOT/USDT,2026-08-12 02:10,31.23,7.22,31.356667,31.275714,0.66,0.32,30,31.0876,30.700808,1.72,29.6229,5.43,1.44,28.6524,9.0,31.22,False,-0.2242152466367722,0.09609224855860854,-0.16015374759769607,0.2242152466367722,0.8007687379884689,1.7616912235746227,-5.605381165919283
2026-08-12,BOT/USDT,2026-08-12 14:50,32.26,8.58,32.7704,32.684286,1.56,6.99,25,31.8072,30.811818,4.7,30.93525,4.28,0.436,29.1929,10.51,32.33,False,0.03093102381688219,0.7732755954222085,2.1033096195484062,0.12372409526755072,2.5054129291679517,0.7423445716053043,0.34024126198577
2026-08-12,BTR/USDT,2026-08-12 00:00,0.02813,11.84,0.030332,0.030944,7.29,-8.67,20,0.032014,0.032111,-12.4,0.031366,-10.32,0.426,0.025733,9.31,0.02813,False,-3.4482758620689733,-4.194809811589053,-6.363313188766441,-5.367934589406332,-8.425168858869537,-6.505510131532179,-5.581230003554931
2026-08-12,BTR/USDT,2026-08-12 00:30,0.02931,11.84,0.029456,0.029569,2.33,-8.67,20,0.030898,0.031952,-8.27,0.031334,-6.46,0.228,0.025803,13.59,0.02929,True,-6.657562307954934,-2.1509047456469736,-5.804028678729942,-12.325025606008872,-5.326049846363943,-1.5705018777739794,-1.5363605326049812
2026-08-12,CAP/USDT,2026-08-12 01:25,0.0562,14.16,0.057682,0.056373,3.54,2.94,13,0.055659,0.054387,3.33,0.052515,7.02,2.047,0.048284,16.4,0.0562,True,-3.701067615658361,-2.8113879003558684,-4.234875444839858,-0.6227758007117492,-2.0462633451957264,-3.416370106761563,-1.7971530249110266
2026-08-12,CAP/USDT,2026-08-12 03:10,0.05703,12.52,0.05715,0.057586,1.07,-2.18,16,0.057412,0.055307,3.12,0.053389,6.82,1.935,0.048848,16.75,0.05704,True,0.8590462833099534,-0.5259467040673241,-2.7699859747545545,-0.8239831697054667,1.2447405329593308,-2.1388499298737704,-0.9992987377279121
2026-08-12,CRWV/USDT,2026-08-12 07:25,104.28,6.71,104.481667,104.271429,0.27,0.21,12,104.1392,103.93101,0.34,98.72495,5.63,1.753,92.70855,12.48,104.26,False,0.14387109150201965,0.0,-1.7648187224246972,-1.7744101285248361,-2.608862459236523,-2.1484749664300735,-3.4145405716477923
2026-08-12,CRWV/USDT,2026-08-12 10:30,106.68,6.25,107.41,106.84,0.77,-0.07,7,106.556,104.731717,1.86,101.8608,4.73,2.118,93.6065,13.97,106.72,False,-0.10307346326836528,0.1874062968515769,-0.28110944527735865,-2.5112443778111007,-0.028110944527737197,-1.3586956521739157,0.6559220389805124
2026-08-12,CRWV/USDT,2026-08-12 13:10,107.39,5.51,108.606364,107.647143,1.45,1.11,11,107.346,105.804848,1.5,104.60345,2.66,1.95,94.3725,13.79,107.36,True,-1.2015648286140148,-0.24217585692996005,-1.9374068554396409,-0.6147540983606526,0.2794336810730227,1.127049180327863,0.9966467958271173
2026-08-12,FHE/USDT,2026-08-12 08:25,0.02724,12.58,0.027996,0.027662,2.99,-1.61,21,0.028255,0.027121,0.44,0.027329,-0.32,1.156,0.025528,6.71,0.02724,False,-1.3950073421439,-1.4317180616740013,-1.3950073421439,-1.138032305433191,-0.403817914831127,3.0102790014684335,4.588839941262853
2026-08-12,HOLO/USDT,2026-08-12 02:35,0.09484,27.79,0.096613,0.095769,2.98,-0.15,11,0.093874,0.086113,10.13,0.078853,20.28,3.795,0.07216,31.43,0.09479,True,-3.6396244329570573,-2.901149910328096,-1.825087034497305,8.049372296655763,13.345289587509226,19.07374195590252,20.023209199282622
2026-08-12,HOLO/USDT,2026-08-12 03:55,0.09512,26.81,0.101298,0.097811,6.95,2.45,11,0.0968,0.089116,6.74,0.081042,17.37,4.083,0.072904,30.47,0.09511,False,4.321312164861742,3.164756597623803,8.800336452528654,6.1402586478813985,21.532961833666278,20.397434549469036,20.51309010619283
2026-08-12,HOLO/USDT,2026-08-12 04:25,0.0921,26.81,0.102613,0.095011,10.63,2.45,11,0.095776,0.089695,2.68,0.081681,12.76,3.905,0.073143,25.92,0.09211,False,5.395722505699709,5.829985886440126,7.121919444142868,9.727499728585382,18.31505808272717,17.73965910324611,18.8687438931712
2026-08-12,H/USDT,2026-08-12 09:25,0.09433,7.86,0.09609,0.095021,2.92,0.54,8,0.093725,0.091095,3.55,0.090276,4.49,1.173,0.084932,11.07,0.09435,False,4.3349231584525665,4.4091149973502874,7.419183889772131,5.447800741918394,4.557498675145732,4.493905670376266,4.504504504504508
2026-08-12,H/USDT,2026-08-12 09:55,0.09019,7.86,0.09648,0.093376,7.21,0.54,8,0.093703,0.091072,-0.97,0.090444,-0.28,1.144,0.085018,6.08,0.09019,False,0.4435081494622591,3.148907861181959,1.873821931478003,1.873821931478003,0.14414014857523574,0.354806519569798,-0.1552278523117722
2026-08-12,H/USDT,2026-08-12 10:25,0.08735,7.86,0.09687,0.090514,10.27,0.54,8,0.092536,0.090953,-3.96,0.090502,-3.48,0.909,0.085078,2.67,0.08735,False,0.09158557527189094,-1.316542644533484,-2.129364625071552,-3.1825987406983454,-3.010875787063546,-3.2283915283342908,-3.6634230108757966
2026-08-12,H/USDT,2026-08-12 10:55,0.0885,7.86,0.09726,0.088488,9.52,0.54,8,0.090799,0.090809,-2.54,0.090517,-2.23,0.591,0.085122,3.97,0.08845,False,-0.9609949123798796,-0.859242509892591,-0.056529112492927636,-1.718485019785182,-1.944601469756924,-1.7976257772752902,-1.8428490672696356
2026-08-12,KORU/USDT,2026-08-12 10:20,19.2,6.28,19.23,19.192143,0.36,0.0,13,19.1244,18.883333,1.68,18.34775,4.64,1.039,17.4079,10.29,19.2,False,0.4687499999999993,0.6770833333333282,0.7812499999999927,-0.4166666666666763,-4.739583333333335,-5.000000000000004,-5.781249999999997
2026-08-12,NBIS/USDT,2026-08-12 08:45,210.94,5.44,213.396,210.790714,1.23,2.07,15,209.7288,208.32303,1.26,203.65195,3.58,1.083,193.1584,9.21,211.0,False,-0.01895734597156021,0.24644549763033657,-0.24644549763033657,-0.15639810426540876,-7.289099526066349,-16.50236966824644,-20.672985781990523
2026-08-12,NBIS/USDT,2026-08-12 12:55,224.47,8.98,227.805556,223.827143,1.83,1.36,9,219.0104,211.989495,5.89,209.51975,7.14,1.578,195.12205,15.04,224.48,False,-0.29846756949394865,-0.7706699928724244,-1.2874198146828293,-4.32109764789737,-9.59550962223807,-12.655915894511761,-13.355310049893095
2026-08-12,NBIS/USDT,2026-08-12 17:05,245.87,15.25,253.563636,245.948571,3.07,3.25,11,242.7992,225.808586,8.88,216.99155,13.31,1.967,199.1689,23.45,245.88,False,-0.5571823653814888,-0.7768016918822176,-1.0289572149015784,-1.2282414185781723,-3.237351553603387,-3.5545794696600006,-3.6887912802993306
2026-08-12,NBIS/USDT,2026-08-12 18:50,247.66,13.78,249.785455,249.173571,0.95,-0.16,11,248.1744,233.744242,5.95,221.31305,11.9,2.255,201.28715,23.04,247.66,False,-0.5006864249374179,-0.9448437373818959,-3.690543487038688,-2.354033755955751,-2.1440684809819923,-2.9395138496325615,-1.0619397561172557
2026-08-12,NBIS/USDT,2026-08-12 20:45,254.62,16.98,256.12,256.469286,0.74,0.92,13,253.4016,242.408586,5.04,226.5678,12.38,2.466,203.96875,24.83,254.61,False,0.47916421193198505,0.20816150190487454,0.7187463178979664,0.875849338203534,-0.10997211421388504,0.08247908566042494,2.466517418797377
2026-08-12,NBIS/USDT,2026-08-12 21:15,254.08,16.98,257.2,254.842143,1.34,0.92,13,254.6728,244.11101,4.08,227.93475,11.47,2.521,204.63555,24.16,254.08,False,0.32273299748111683,0.5116498740554201,0.9327770780856441,0.0039357682619723415,0.2085957178841314,-0.3699622166246842,2.577928211586906
2026-08-12,OPEN/USDT,2026-08-12 01:25,0.2112,5.24,0.2143,0.211671,1.45,0.85,6,0.211456,0.210213,0.47,0.20431,3.37,1.249,0.197867,6.74,0.2111,False,0.4263382283278124,0.04737091425865312,0.1894836570345862,0.1894836570345862,-0.7105637138796784,-6.726669824727613,0.7579346281383316
2026-08-12,SHAZ/USDT,2026-08-12 13:10,61.39,8.83,61.998889,61.637143,1.01,-0.23,9,60.5328,58.60697,4.75,57.79855,6.21,0.843,54.885,11.85,61.37,False,-0.29330291673456044,-2.6397262506110555,-4.49731138992993,-9.043506599315634,-10.542610395958949,-10.558905002444186,-10.819618706208258
2026-08-12,SHAZ/USDT,2026-08-12 15:30,66.38,15.74,68.291429,66.465714,3.0,4.94,14,65.3072,60.637576,9.47,58.85315,12.79,1.674,55.65235,19.28,66.35,False,0.4370761115297544,0.4220045214770176,-1.281085154483811,-2.140165787490583,-3.330821401657887,-3.195177091183127,-1.899020346646579
2026-08-12,SHAZ/USDT,2026-08-12 16:00,66.07,15.74,69.654286,66.556429,5.25,4.94,14,65.9336,61.112323,8.11,59.1317,11.73,1.869,55.78385,18.44,66.07,False,-0.3178447101559073,-1.7103072498864988,-2.9665506281217016,-4.177387619191775,-3.8595429090358886,-3.814136521870759,-2.361132132586654
2026-08-12,SHAZ/USDT,2026-08-12 19:05,68.13,13.57,68.890909,68.652857,1.28,-0.07,11,68.3908,64.818485,5.11,61.19705,11.33,2.332,56.72405,20.11,68.13,False,0.41097901071481163,-0.5871128724497368,-0.35226772346985047,0.6311463378834473,-0.10274475267871333,0.7632467341846412,2.377807133421386
2026-08-12,SHAZ/USDT,2026-08-12 19:35,68.53,13.57,68.863636,68.514286,0.51,-0.07,11,68.4748,65.432121,4.73,61.54225,11.35,2.348,56.8849,20.47,68.57,True,-0.5250109377278892,0.2916727431821331,1.0062709639784129,1.7792037334111115,-0.04375091147732411,1.545865538865376,2.654221962957552
2026-08-12,SMCI/USDT,2026-08-12 18:00,37.42,7.88,37.516667,37.297143,0.71,0.32,9,36.7308,35.522222,5.34,34.9282,7.13,0.935,33.1367,12.93,37.42,True,-0.9887760555852417,-0.5344735435595824,-0.8284339925173575,-0.2672367717798007,0.1603420630678842,-0.4275788348476659,-1.0956707642971582
2026-08-12,SMCI/USDT,2026-08-12 18:50,37.76,8.57,38.156667,37.662143,1.46,1.33,9,37.4608,35.851313,5.32,35.1106,7.55,1.173,33.22385,13.65,37.75,False,-0.4503311258278191,-1.086092715231779,-0.3708609271523194,0.7417218543046388,1.509933774834438,0.6357615894039788,-0.1324503311258203
2026-08-12,SMCI/USDT,2026-08-12 21:00,37.38,8.4,37.506667,37.412143,0.55,-1.18,27,37.652,36.710404,1.82,35.56565,5.1,1.192,33.48405,11.64,37.39,False,0.0,0.2139609521262324,0.0802353570473419,0.37443166622091617,0.2139609521262324,-1.0965498796469553,0.053490238031567605
2026-08-12,SQD/USDT,2026-08-12 12:15,0.0514,7.36,0.052868,0.052055,3.17,6.45,28,0.05149,0.048228,6.58,0.049369,4.11,0.187,0.047245,8.8,0.05139,False,-1.7707725238373246,-1.5372640591554758,-1.050788091068299,3.444249854057211,4.456119867678537,9.496010897061677,7.978205876629693
2026-08-12,VELVET/USDT,2026-08-12 17:35,0.6772,14.73,0.681333,0.6719,1.5,1.01,12,0.664228,0.624792,8.39,0.598523,13.15,1.124,0.556073,21.78,0.6773,True,-4.030710172744721,-4.385058319799195,-2.067030857817808,-2.687140115163147,-3.942123135981093,-0.0885870367636105,-4.768935479108223
2026-08-12,VELVET/USDT,2026-08-12 18:25,0.6929,18.08,0.72205,0.693264,4.95,4.1,8,0.68334,0.6394,8.37,0.60355,14.8,1.541,0.560003,23.73,0.6929,False,-1.0102467888584221,-0.3463703276086115,0.46182710347813266,-1.1689998556790295,-2.496752778178683,-7.331505267715409,-5.195554914129028
2026-08-12,VELVET/USDT,2026-08-12 20:00,0.6995,17.84,0.704171,0.700093,0.82,0.37,14,0.699836,0.660971,5.83,0.612559,14.19,1.89,0.569237,22.88,0.6995,False,0.8720514653323794,-0.22873481057897566,-0.6719085060757738,-2.244460328806281,-1.4724803431022124,4.71765546819157,-2.244460328806281
2026-08-12,VELVET/USDT,2026-08-12 23:00,0.7065,14.25,0.718795,0.711879,2.16,1.33,21,0.7086,0.688521,2.61,0.637972,10.74,2.841,0.586123,20.54,0.7068,True,-1.6553480475382065,-0.7640067911714873,-0.4244482173174876,-3.126768534238824,1.103565365025471,-2.1222410865874384,-0.5659309564233168
2026-08-12,VELVET/USDT,2026-08-12 23:50,0.7122,12.57,0.71346,0.712357,0.29,-0.52,10,0.71212,0.694893,2.49,0.645956,10.26,2.908,0.590337,20.64,0.7121,True,0.14042971492767883,-0.14042971492767883,-1.8817581800309058,4.339278191265262,6.010391798904641,-0.3370313158264385,1.671113607639364
2026-08-13,APR/USDT,2026-08-13 00:40,0.5696,51.54,0.62,0.604207,10.82,0.0,14,0.5923,0.487605,16.82,0.434174,31.19,8.822,0.285432,99.56,0.5694,False,19.75763962065333,10.958904109589044,12.486828240252896,4.513523006673701,15.612925886898497,17.544783983140157,15.12118018967334
2026-08-13,APR/USDT,2026-08-13 01:10,0.507,51.54,0.62,0.553686,23.06,0.0,14,0.576588,0.491537,3.15,0.438812,15.54,7.557,0.288274,75.87,0.5069,False,2.2095087788518533,1.6965870980469513,-13.395146971789298,-10.35707240086802,10.79108305385678,5.287038863681198,7.0428092325902565
2026-08-13,APR/USDT,2026-08-13 15:55,0.4973,7.14,0.511667,0.502079,3.84,2.0,12,0.499444,0.487485,2.01,0.500699,-0.68,-0.428,0.374408,32.82,0.4973,False,-0.160868690931021,3.338025336818822,0.5027146591594615,-0.68369193645687,-4.122260205107584,-0.6434747637240951,-2.7347677458274684
2026-08-13,APR/USDT,2026-08-13 21:05,0.5073,8.55,0.515535,0.511164,1.71,1.06,17,0.51016,0.499542,1.55,0.48925,3.69,0.11,0.406179,24.9,0.5073,False,0.5125172481766087,-0.49280504632368577,-0.3351074315001054,1.813522570471119,8.65365661344372,10.684013404297254,0.8279124778237693
2026-08-13,APR/USDT,2026-08-13 21:35,0.5098,8.55,0.517441,0.50905,2.04,1.06,17,0.50984,0.501427,1.67,0.48998,4.04,0.627,0.409206,24.58,0.5099,False,0.37262208276132824,0.17650519709747242,2.510296136497359,1.4708766424789295,7.707393606589527,11.8258482055305,0.17650519709747242
2026-08-13,AVAAI/USDT,2026-08-13 09:20,0.011827,12.99,0.012695,0.011768,8.55,15.62,18,0.011277,0.011089,6.66,0.011105,6.5,0.693,0.009723,21.64,0.011822,False,-2.596853324310607,-11.715445779056004,-20.055828117069886,-10.285907629842669,-11.089494163424137,-19.116900693622075,-22.58501099644731
2026-08-13,AVAAI/USDT,2026-08-13 16:40,0.014051,19.99,0.014222,0.013937,2.92,0.94,12,0.013615,0.01309,7.34,0.012042,16.68,2.468,0.01039,35.24,0.014052,True,0.39851978366069235,0.960717335610587,2.1491602618844303,1.2026757756902986,-3.3020210646171297,-5.387133504127519,0.9037859379447791
2026-08-13,AVAAI/USDT,2026-08-13 18:30,0.013878,18.49,0.014242,0.013792,3.62,0.17,16,0.013921,0.013408,3.51,0.012333,12.53,2.649,0.010605,30.86,0.013875,False,0.6558558558558616,-0.5405405405405436,-2.2846846846846813,-3.524324324324323,-3.3081081081081036,-0.9297297297297344,-9.6
2026-08-13,AVAAI/USDT,2026-08-13 20:30,0.014364,18.79,0.01484,0.014432,3.51,3.84,14,0.014218,0.013618,5.48,0.012694,13.15,2.93,0.010836,32.56,0.014355,False,-0.8289794496691122,-2.4451410658307253,-1.9087425983977704,0.1462904911180786,-2.2222222222222214,3.1208638105189865,6.151166840822015
2026-08-13,BR/USDT,2026-08-13 04:20,0.22322,7.26,0.22544,0.223334,1.81,-1.77,24,0.224641,0.223498,-0.12,0.218069,2.36,0.886,0.164319,35.85,0.2232,False,1.5277777777777761,2.2401433691756294,4.292114695340504,-1.1200716845878147,0.36290322580645396,-3.7275985663082407,-8.64247311827957
2026-08-13,BR/USDT,2026-08-13 04:50,0.2182,7.26,0.22442,0.220844,3.04,-1.77,24,0.223156,0.22329,-2.28,0.218307,-0.05,0.55,0.165187,32.09,0.21831,False,0.34354816545279676,2.148321194631487,0.10077412853281938,-5.510512573862849,-4.186706976318084,-4.264577893820707,-12.72502404837158
2026-08-13,BR/USDT,2026-08-13 07:45,0.2216,7.69,0.222148,0.224524,1.69,-2.14,17,0.22426,0.22295,-0.61,0.220597,0.45,0.755,0.170632,29.87,0.22159,True,0.798772507784657,1.173338147028304,-1.0921070445417111,-3.0777562164357564,-3.8675030461663407,-13.980775305744848,-16.44929825353129
2026-08-13,BR/USDT,2026-08-13 20:20,0.26095,19.56,0.272299,0.258866,5.23,8.35,15,0.254204,0.243692,7.08,0.234305,11.37,1.455,0.196914,32.52,0.26095,False,0.39471163058058284,0.6208085840199311,-1.6248323433607839,-0.5058440314236398,-2.648016861467703,6.794405058440322,1.1036597049243126
2026-08-13,COTI/USDT,2026-08-13 01:25,0.012454,19.67,0.012732,0.01261,3.09,0.12,9,0.012492,0.012604,-1.19,0.01105,12.71,3.43,0.010651,16.93,0.012454,False,-1.493496065521121,-2.5614260478561093,-3.099405813393295,-1.1401959209892387,9.330335635137304,14.854665167817563,9.603340292275567
2026-08-13,COTI/USDT,2026-08-13 02:45,0.012604,17.1,0.012979,0.012829,3.12,0.42,10,0.012744,0.012576,0.22,0.01131,11.44,3.569,0.010694,17.87,0.012606,False,-1.7452006980802908,-0.7615421227986722,-0.8329366968110498,9.796922100587024,10.019038553069956,15.07218784705695,5.695700460098365
2026-08-13,COTI/USDT,2026-08-13 15:00,0.011794,5.3,0.012211,0.011731,3.99,4.38,13,0.011562,0.011068,6.56,0.011667,1.09,-0.854,0.010793,9.27,0.011797,False,-1.1528354666440532,-2.9329490548444443,-7.527337458675934,-1.5936254980079736,5.2894803763668685,5.9845723489022635,6.459269305755705
2026-08-13,CSOPSAMSUNG2L/USDT,2026-08-13 23:05,10.88,5.26,10.92,10.845,0.92,1.58,17,10.778,10.691818,1.76,10.39105,4.71,0.493,9.99845,8.82,10.88,False,0.8272058823529561,0.6433823529411791,1.654411764705896,4.411764705882357,3.584558823529417,0.4595588235294183,-1.1948529411764612
2026-08-13,CSOPSAMSUNG2L/USDT,2026-08-13 23:45,10.76,5.06,10.8,10.836429,0.46,-0.73,8,10.816,10.697475,0.58,10.41195,3.34,0.608,10.02745,7.31,10.76,True,0.09293680297397572,1.8587360594795475,1.672862453531596,2.1375464684014913,1.3940520446096687,-0.6505576208178465,-2.6022304832713696
2026-08-13,CSOPSKHYNIX2L/USDT,2026-08-13 15:55,4.681,9.63,4.846538,4.730643,3.66,2.7,13,4.68092,4.404838,6.27,4.44542,5.3,0.822,4.14808,12.85,4.684,False,-1.9427839453458624,-1.9000853970964886,-2.98889837745516,-2.946199829205805,-2.946199829205805,-4.654141759180187,0.0
2026-08-13,CSOPSKHYNIX2L/USDT,2026-08-13 16:25,4.773,9.63,4.905154,4.757786,3.18,2.7,13,4.73184,4.434273,7.64,4.45685,7.09,0.953,4.15946,14.75,4.771,False,-0.5449591280653909,-1.1108782225948426,-1.6558373506602335,-1.907356948228887,-1.467197652483762,-1.6767973171242943,0.733598826241881
2026-08-13,CSOPSKHYNIX2L/USDT,2026-08-13 17:55,4.822,9.04,4.8534,4.839143,0.81,-0.18,5,4.81208,4.535212,6.32,4.48375,7.54,0.862,4.19484,14.95,4.824,True,-0.393864013267001,-0.787728026534002,-0.8291873963515762,0.04145936981757421,-2.114427860696524,3.855721393034825,1.9900497512437827
2026-08-13,CSOPSKHYNIX2L/USDT,2026-08-13 19:10,4.853,8.52,4.876556,4.857714,0.54,0.14,9,4.85056,4.617525,5.1,4.50874,7.64,0.857,4.225325,14.86,4.853,True,0.08242324335461693,0.39151040593447617,0.45332783845042973,-0.2884813517411959,-0.39151040593447617,3.8326808159901082,3.0908716257984645
2026-08-13,CSOPSKHYNIX2L/USDT,2026-08-13 22:35,4.934,8.8,4.9548,4.923286,0.88,0.24,10,4.90076,4.828343,2.19,4.58171,7.69,1.045,4.313385,14.39,4.937,True,-0.40510431436093924,0.9722503544662758,1.1950577273647998,1.6609276888798836,4.415637026534331,4.942272635203579,3.1395584362973517
2026-08-13,KORU/USDT,2026-08-13 23:05,21.81,5.55,21.94,21.82,0.59,0.37,8,21.708,21.590101,1.02,20.84625,4.62,0.716,19.9959,9.07,21.82,True,-0.09165902841429685,-0.824931255728688,-0.4582951420715005,3.5288725939505023,2.703941338221814,0.824931255728688,-3.253895508707612
2026-08-13,MUU/USDT,2026-08-13 16:15,31.88,12.47,31.974667,31.889286,0.64,0.82,15,31.5236,29.336667,8.67,29.26565,8.93,1.111,27.95845,14.03,31.88,True,-0.6273525721455435,-0.8469259723964855,-1.3801756587202048,-0.5332496863237082,1.5683814303638646,1.0351317440401453,1.3801756587201937
2026-08-13,NBIS/USDT,2026-08-13 15:40,261.63,9.03,263.851111,266.339286,1.11,-2.52,18,267.6296,254.396263,2.84,254.12115,2.95,0.697,229.3205,14.09,261.65,False,1.6204853812344555,2.281673991974,3.0307662908465427,3.5467227211924226,3.424421937703031,0.9401872730747104,1.3797057137397122
2026-08-13,QNTX/USDT,2026-08-13 01:00,71.55,10.79,71.791429,71.667143,0.49,0.11,14,71.5968,70.553131,1.41,65.58175,9.1,2.86,59.561,20.13,71.49,True,-0.02797594069102005,0.5035669324381025,-0.5735067841656327,-0.7693383690026737,-0.36368722898308176,2.0842075814799204,1.8464120856063693
2026-08-13,QNTX/USDT,2026-08-13 02:45,71.94,10.0,72.769231,71.948571,1.76,0.88,13,71.7276,71.18404,1.06,67.2227,7.02,2.853,60.07855,19.74,71.94,False,-0.1390047261607013,0.34751181540172366,-0.0973033083124929,-0.0973033083124929,0.4865165415624052,2.3213789268835163,3.57242146232971
2026-08-13,SHAZ/USDT,2026-08-13 15:40,72.47,9.23,73.685789,72.615714,1.69,0.99,19,72.3792,68.374747,5.99,68.0262,6.53,0.838,62.7551,15.48,72.43,False,-0.1380643379814915,-0.2623222421648457,0.08283860278890276,0.9112246306779106,0.7869667264945566,1.021676101063108,0.9526439320723621
2026-08-13,SMCI/USDT,2026-08-13 15:45,41.45,11.47,41.568571,41.715714,0.65,-1.35,14,41.2848,38.897879,6.56,38.2348,8.41,1.291,35.81395,15.74,41.45,False,1.9059107358263117,3.449939686369118,4.028950542822682,3.449939686369118,4.8250904704463204,4.800965018094094,5.548854041013279
2026-08-13,SMCI/USDT,2026-08-13 16:15,40.02,11.47,41.324286,41.132143,3.18,-1.35,14,41.406,39.058384,2.46,38.32995,4.41,1.307,35.89435,11.49,40.03,False,0.0,0.6245316012990257,-0.49962528103920995,0.8493629777666835,2.023482388208849,1.9485385960529629,2.148388708468647
2026-08-13,SMCI/USDT,2026-08-13 16:45,39.78,11.47,41.08,40.410714,3.36,-1.35,14,41.004,39.21596,1.44,38.406,3.58,1.16,35.97425,10.58,39.76,False,-1.1820925553319892,-1.1820925553319892,-0.6539235412474977,-0.2515090543259593,2.0623742454728378,1.5593561368209192,1.6348088531187088
2026-08-13,SNXX/USDT,2026-08-13 16:20,14.48,31.31,15.034286,14.270714,5.22,15.47,14,13.4652,11.785354,22.86,11.57055,25.15,2.451,10.95295,32.2,14.47,False,0.13821700069109433,1.03662750518314,-1.9350380096751856,-0.13821700069108206,0.8984105044920578,-0.4837595024187871,-0.4837595024187871
2026-08-13,SNXX/USDT,2026-08-13 23:35,14.72,15.67,14.753333,14.740714,0.36,-0.34,6,14.6288,14.471313,1.72,12.9177,13.95,3.154,11.61435,26.74,14.72,True,-1.0869565217391313,0.0,1.2907608695652262,2.9891304347826173,1.9701086956521803,-0.06793478260869419,-8.491847826086957
2026-08-13,VELVET/USDT,2026-08-13 01:40,0.6772,11.59,0.68475,0.691071,1.79,-3.96,16,0.700588,0.702626,-3.62,0.661446,2.38,2.649,0.59957,12.95,0.6773,True,-0.47246419607263845,-8.82917466410748,-7.810423741325845,-6.466853683744271,-3.764949062453856,-0.4281706776908333,-3.632068507308424
2026-08-13,VELVET/USDT,2026-08-13 03:15,0.7009,12.48,0.704437,0.7197,1.89,2.12,19,0.703124,0.705924,-0.71,0.675882,3.7,2.61,0.609404,15.01,0.7011,True,-2.923976608187145,-1.3835401511909917,1.440593353301954,2.9525032092426104,-2.981029810298107,-1.4263300527742133,-1.6688061617458343
2026-08-13,龙虾/USDT,2026-08-13 03:05,0.022098,9.1,0.022303,0.022189,1.55,-0.94,14,0.022042,0.021401,3.26,0.021247,4.0,1.59,0.021571,2.44,0.022091,False,1.186003349780446,2.4444343850436776,4.6308451405549755,6.916843963605079,9.850165225657511,13.842741387895515,9.198316056312523
2026-08-13,龙虾/USDT,2026-08-13 03:35,0.021551,9.1,0.022211,0.021914,3.18,-0.94,14,0.022102,0.02143,0.56,0.021301,1.17,1.483,0.021518,0.16,0.021572,False,0.060263304283342256,2.3363619506768076,3.940292972371593,6.017059150750976,6.587242722047108,10.79176710550714,8.608381234934178
2026-08-14,ACE/USDT,2026-08-14 02:30,0.13007,16.55,0.135846,0.129221,5.46,6.58,15,0.127014,0.120668,7.79,0.116126,12.01,2.343,0.110978,17.2,0.13007,False,1.7375259475666829,0.4382255708464575,-1.583762589374957,-1.5453217498270253,-8.67225340201431,-63.72722380256787,-111.24010148381642
2026-08-14,ACE/USDT,2026-08-14 03:00,0.1295,16.55,0.139158,0.130154,8.3,6.58,15,0.12768,0.121566,6.53,0.116781,10.89,2.366,0.111212,16.44,0.12949,False,-1.6063016449146643,-2.0387674723916933,-0.08494864468298632,-4.6258398331917485,-12.186269209977619,-73.1407830720519,-124.04046644528535
2026-08-14,ACE/USDT,2026-08-14 06:10,0.13819,16.37,0.140652,0.137144,3.66,2.38,13,0.135089,0.128115,7.86,0.121474,13.76,2.572,0.112936,22.36,0.13815,False,-0.028954035468702316,-3.7350705754614535,-4.480636988780312,-8.049221860296793,-30.973579442634815,-97.00325732899024,-123.71335504885994
2026-08-14,ACE/USDT,2026-08-14 13:55,0.26051,86.89,0.27051,0.268334,8.79,-3.07,8,0.257134,0.193492,34.64,0.159838,62.98,11.859,0.126606,105.76,0.261,True,-4.275862068965519,-6.601532567049796,-12.134099616858228,-6.245210727969342,-19.4367816091954,-28.908045977011497,
2026-08-14,ACE/USDT,2026-08-14 16:00,0.28045,74.11,0.286644,0.280342,4.59,0.52,18,0.277431,0.227838,23.09,0.179393,56.33,11.745,0.134219,108.95,0.28048,True,-6.0539075869937236,-3.394181403308604,-1.6079577866514598,-8.599543639475177,-11.676411865373645,,
2026-08-14,ACE/USDT,2026-08-14 17:00,0.28499,68.57,0.292628,0.28808,3.29,1.84,12,0.2843,0.244566,16.53,0.18942,50.45,11.443,0.137849,106.74,0.28498,True,-1.5088778159870764,0.2842304723138581,-6.884693662713162,-6.698715699347321,-16.857323320934793,,
2026-08-14,ACE/USDT,2026-08-14 18:40,0.29958,61.88,0.309583,0.300302,3.36,3.91,13,0.29516,0.269489,11.17,0.206587,45.01,10.971,0.143604,108.61,0.29958,False,1.8325655918285584,1.6256091861939999,-2.032845984378124,-3.7485813472194276,-18.826356899659523,,
2026-08-14,ACE/USDT,2026-08-14 23:25,0.32959,52.01,0.335429,0.347816,2.8,-2.71,17,0.343067,0.310454,6.16,0.261239,26.16,10.439,0.164169,100.76,0.3296,False,5.864684466019422,23.179611650485445,,,,,
2026-08-14,ACE/USDT,2026-08-14 23:55,0.2532,52.01,0.332125,0.316558,27.34,-2.71,17,0.332788,0.3115,-18.72,0.265666,-4.69,9.525,0.165905,52.62,,False,,,,,,,
2026-08-14,AKE/USDT,2026-08-14 05:20,0.0077169,23.79,0.007756,0.007634,1.94,-1.18,12,0.007571,0.007026,9.84,0.00671,15.0,3.53,0.005084,51.8,0.0077169,True,-2.3623475748033624,-2.707045575295787,-6.575179152250266,-1.6431468594902188,-0.782697715403859,-51.08139278725915,-29.18918218455598
2026-08-14,AKE/USDT,2026-08-14 06:50,0.007858,21.44,0.008274,0.008063,5.91,2.93,11,0.007907,0.007265,8.16,0.006925,13.47,4.268,0.005196,51.23,0.0078752,False,1.389171068671282,0.3999898415278377,4.495123933360435,0.06983949613978434,-20.940420560747647,-44.442045916294184,-27.20692807801706
2026-08-14,AVAAI/USDT,2026-08-14 14:05,0.014587,8.47,0.015444,0.015133,5.73,3.75,20,0.014963,0.014452,0.93,0.014335,1.76,0.386,0.012733,14.56,0.014587,False,-4.346335778432858,-5.539178720778786,-3.8801672722287,-2.8175772948515796,-2.879276067731544,-2.207444985260856,
2026-08-14,AVNT/USDT,2026-08-14 02:50,0.10713,5.49,0.107804,0.108566,1.29,0.59,15,0.107714,0.107847,-0.66,0.106854,0.26,0.893,0.097153,10.27,0.10718,True,-4.021272625489837,-1.520806120544884,-0.5504758350438582,1.3901847359581931,6.67102071281956,6.932263481992902,4.469117372644153
2026-08-14,BR/USDT,2026-08-14 01:25,0.26998,11.55,0.27288,0.269466,1.43,0.8,10,0.266231,0.259308,4.12,0.247202,9.21,2.189,0.210393,28.32,0.27026,False,0.24420927995263594,-0.15910604602974393,0.05180196847479223,3.707540886553679,13.953230222748461,11.559239251091538,11.82934951528158
2026-08-14,EDEN/USDT,2026-08-14 02:25,0.08162,51.42,0.082721,0.081726,4.29,0.43,17,0.080324,0.06996,16.67,0.059227,37.81,7.501,0.049731,64.12,0.08164,False,5.071043606075459,3.7726604605585488,-0.11024007839293588,0.5267025967662908,22.256246937775607,27.290543851053407,35.22782949534542
2026-08-14,H/USDT,2026-08-14 00:00,0.10642,11.92,0.108581,0.107365,2.32,1.29,19,0.106944,0.10248,3.84,0.097668,8.96,1.669,0.093202,14.18,0.10632,False,0.5643340857787842,0.47968397291196063,-0.0658389766741917,-1.4014296463506446,-5.248306997742666,5.3517682468021075,-9.095184349134685
2026-08-14,H/USDT,2026-08-14 00:30,0.10581,11.92,0.109016,0.106676,3.87,1.29,19,0.106937,0.103034,2.69,0.098014,7.95,1.608,0.093366,13.33,0.10575,False,-0.8888888888888856,-0.6052009456264791,-1.2387706855792016,-2.14657210401892,-6.600472813238771,1.2576832151300217,-12.24586288416076
2026-08-14,H/USDT,2026-08-14 16:25,0.11816,13.72,0.12025,0.11958,2.06,0.06,14,0.119409,0.113007,4.56,0.108416,8.99,1.416,0.099053,19.29,0.11827,False,-0.34666441193877884,0.6933288238775693,2.747949606831828,-0.8370677263887756,-1.4035681068740973,,
2026-08-14,H/USDT,2026-08-14 22:35,0.11797,10.11,0.120558,0.12048,2.68,0.39,25,0.120147,0.118943,-0.82,0.112903,4.49,1.543,0.102638,14.94,0.11802,False,-1.1777664802575856,-1.5421115065243196,-1.5166920860871038,,,,
2026-08-14,RDDT/USDT,2026-08-14 09:00,177.76,5.35,178.195,177.626429,0.38,0.08,6,176.7396,176.159394,0.91,170.6772,4.15,1.527,160.09815,11.03,177.72,True,-0.2813414359666892,-0.05626828719333464,-0.09565608822866728,-0.36011703803737044,1.1928876884987647,0.5289218996173743,-0.500787756020715
2026-08-14,ROBO/USDT,2026-08-14 11:30,0.01482,8.49,0.014982,0.014944,1.28,-2.27,12,0.014985,0.014605,1.47,0.014423,2.75,0.917,0.013574,9.18,0.01478,False,-0.3382949932340981,-4.127198917456018,-5.953991880920166,-3.585926928281468,-1.2178619756427578,-4.533152909336945,-9.810554803788914
2026-08-14,ROBO/USDT,2026-08-14 13:00,0.01533,8.62,0.015453,0.015445,0.92,-0.83,7,0.01515,0.014832,3.36,0.014533,5.49,0.933,0.013658,12.24,0.01529,True,-0.8502289077828641,-0.13080444735121596,1.1772400261608869,0.0,-0.3270111183780229,-3.204708960104638,
2026-08-14,ROBO/USDT,2026-08-14 13:30,0.01531,8.62,0.015341,0.015443,0.47,-0.83,7,0.015309,0.014912,2.67,0.014572,5.07,1.03,0.013691,11.83,0.01534,True,-0.32594524119947654,1.4993481095175965,1.17340286831812,2.4771838331160376,0.9778357235984296,-2.542372881355942,
2026-08-14,ROBO/USDT,2026-08-14 21:20,0.01578,5.93,0.0159,0.015726,1.38,1.15,12,0.015641,0.015335,2.9,0.01508,4.64,1.292,0.014155,11.48,0.01578,False,0.2534854245880759,-0.8871989860583095,-2.5348542458808687,-2.9150823827630044,,,
2026-08-14,ROBO/USDT,2026-08-14 23:00,0.01614,7.63,0.01625,0.016145,0.68,0.68,11,0.015992,0.015487,4.22,0.015264,5.74,1.449,0.014259,13.19,0.01614,True,-1.4250309789343096,-0.557620817843865,,,,,
2026-08-14,SCRT/USDT,2026-08-14 00:00,0.03781,23.46,0.038555,0.037719,3.31,3.06,13,0.037494,0.034215,10.51,0.031698,19.28,3.348,0.030936,22.22,0.03777,True,-2.0386550172094253,-0.5030447445062289,-2.118083134763045,-0.18533227429176757,-5.771776542229286,10.802223987291502,19.301032565528192
2026-08-14,SCRT/USDT,2026-08-14 00:45,0.03844,22.81,0.038722,0.038298,1.27,0.73,9,0.03791,0.034901,10.14,0.032138,19.61,3.545,0.031039,23.85,0.03847,False,-0.25994281258123964,5.952690408110217,3.3532622822978935,1.5856511567455145,-1.5856511567455145,14.79074603587211,20.535482193917332
2026-08-14,SCRT/USDT,2026-08-14 04:20,0.03885,22.13,0.040234,0.039331,4.71,2.93,14,0.038847,0.037416,3.83,0.034229,13.5,3.627,0.031459,23.49,0.03886,False,-0.20586721564591787,3.4225424601132217,4.1430777148739075,4.992279979413271,14.256304683479145,20.766855378281,26.453937210499223
2026-08-14,SCRT/USDT,2026-08-14 04:50,0.03753,22.13,0.040723,0.039261,7.84,2.93,14,0.038958,0.037651,-0.32,0.034508,8.76,3.581,0.031513,19.1,0.03776,False,4.713983050847467,1.3506355932203482,0.6620762711864413,4.846398305084759,12.764830508474589,19.09427966101695,25.741525423728824
2026-08-14,SNDK/USDT,2026-08-14 09:00,1586.63,5.37,1598.686,1585.026429,0.87,1.83,15,1574.8392,1554.276667,2.08,1552.6803,2.19,0.647,1425.90485,11.27,1586.62,False,-0.2350909480530952,-0.4727029786590362,-1.9588811435630558,-2.652178845596309,-3.65809078418274,-2.633900997088162,-3.617753463337163
2026-08-14,SNDK/USDT,2026-08-14 09:35,1594.3,5.37,1612.07,1589.809286,1.41,1.83,15,1582.834,1557.978182,2.33,1554.14535,2.58,0.412,1428.7508,11.59,1594.29,False,-0.6548369493630428,-1.7769665493730706,-0.9653199856989694,-2.2448864384773137,0.31926437473733876,-1.9500843635725085,-3.9967634495606212
2026-08-14,SNDK/USDT,2026-08-14 15:20,1617.14,5.25,1641.7705,1623.678571,1.72,-0.43,20,1623.9528,1610.808687,0.39,1580.4724,2.32,0.57,1463.0744,10.53,1617.09,False,-0.049471581668316666,-0.3017766481766698,-0.24364753971640754,-0.6183947708538178,-0.6289074819583371,-2.5780877996895692,
2026-08-14,SNXX/USDT,2026-08-14 00:35,14.53,14.76,14.583333,14.682857,0.85,-1.08,12,14.7152,14.517273,0.09,13.12935,10.67,3.307,11.70645,24.12,14.53,False,0.8947006194081144,1.4452856159669587,1.7205781142463867,0.27529249827941604,0.206469373709562,-5.0240880935994525,-9.49759119064006
2026-08-14,SNXX/USDT,2026-08-14 01:05,14.32,14.76,14.503333,14.495,1.75,-1.08,12,14.6252,14.511818,-1.32,13.23245,8.22,3.278,11.74855,21.89,14.31,False,0.3494060097833732,0.20964360587002892,-0.8385744234800784,-0.7686932215234062,-0.8385744234800784,-5.730258560447242,-13.207547169811312
2026-08-14,SNXX/USDT,2026-08-14 09:00,15.17,8.35,15.406,15.157143,1.73,3.59,15,14.9696,14.589798,3.98,14.5528,4.24,1.209,12.43585,21.99,15.17,False,-0.5932762030322997,-0.9887936717205034,-3.889255108767303,-5.207646671061311,-7.251153592617005,-5.207646671061311,-7.119314436387608
2026-08-14,SNXX/USDT,2026-08-14 09:35,15.34,8.35,15.653333,15.242857,2.64,3.59,15,15.116,14.65798,4.65,14.5808,5.21,0.802,12.4836,22.88,15.33,False,-1.1741682974559668,-3.392041748206129,-1.6960208741030645,-4.174820613176782,0.7175472928897549,-3.7834311806914553,-7.566862361382899
2026-08-14,SNXX/USDT,2026-08-14 10:40,15.61,8.72,15.80381,15.611429,1.42,3.01,21,15.4464,14.823838,5.3,14.6413,6.62,0.727,12.5832,24.05,15.62,False,-1.0243277848911663,-3.841229193341867,-2.5608194622279155,-1.6645326504481535,-1.3444302176696599,-2.5608194622279155,-5.377720870678628
2026-08-14,SNXX/USDT,2026-08-14 15:20,15.75,10.01,16.209,15.862857,3.26,-0.86,20,15.87,15.628788,0.78,15.07225,4.5,1.107,13.0679,20.52,15.74,False,-0.2541296060991051,-0.5717916137229978,-0.5717916137229978,-1.270648030495548,-1.2071156289707718,-4.955527318932652,
2026-08-14,STORJ/USDT,2026-08-14 01:20,0.04811,8.55,0.048383,0.047921,1.02,0.08,6,0.047626,0.046507,3.45,0.044795,7.4,1.971,0.044109,9.07,0.04806,True,-3.786933000416151,-4.431960049937578,-4.972950478568463,3.037869330004153,3.0170620058260504,7.906783187682059,9.092800665834371
2026-08-14,USELESS/USDT,2026-08-14 23:55,0.0401,5.43,0.04032,0.040345,0.72,-0.69,14,0.040362,0.039568,1.35,0.038783,3.4,0.616,0.037658,6.48,,False,,,,,,,
