day,symbol,time_utc,price,bias,line_val,sma14,close_break_pct,neck_chg_pct,span,sma25,sma99,dist_ma99_pct,sma200,dist_ma200_pct,sma200_slope_pct,sma200_15,dist_ma200_15m_pct,entry,reclaim_3,pnl_15m,pnl_30m,pnl_1h,pnl_2h,pnl_4h,pnl_8h,pnl_12h
2026-07-16,AKE/USDT,2026-07-16 06:55,0.0008355,20.73,0.000863,0.000834,9.71,0.31,12,0.000825,0.000752,11.15,0.000723,15.51,2.584,0.000435,91.94,0.0008353,False,0.6943613073147282,-0.29929366694600823,-0.53872860050282,-0.16760445348976824,-9.098527475158628,-17.143541242667308,-13.156949598946488
2026-07-16,BANK/USDT,2026-07-16 08:55,0.05552,6.47,0.056656,0.055454,2.53,1.49,10,0.055313,0.054714,1.47,0.053366,4.04,1.057,0.047133,17.79,0.05554,False,-0.3060857039971255,-4.19517464890169,-4.015124234785746,-9.164566078501988,-7.43608210298884,-9.50666186532229,-9.938782859200582
2026-07-16,BANK/USDT,2026-07-16 11:10,0.06045,13.82,0.061582,0.059844,2.86,4.48,18,0.058841,0.056308,7.36,0.054267,11.39,1.592,0.04785,26.33,0.06048,True,-2.496693121693129,-1.83531746031746,-0.2314814814814835,0.7109788359788357,0.5291005291005304,-1.2400793650793662,-1.9675925925925986
2026-07-16,FLOCK/USDT,2026-07-16 06:45,0.03812,9.3,0.03973,0.038166,4.28,11.29,15,0.036601,0.035318,7.93,0.036088,5.63,0.696,0.033272,14.57,0.03814,False,-0.7865757734661815,0.10487676979548603,-1.5993707393812255,-8.652333508127942,-2.9103303618248555,2.4121657052962693,4.876769795490301
2026-07-16,FLOCK/USDT,2026-07-16 07:15,0.0381,9.3,0.04131,0.038415,8.33,11.29,15,0.037573,0.035508,7.3,0.036079,5.6,0.49,0.033347,14.25,0.0381,False,-2.572178477690275,-1.7060367454068182,-4.881889763779529,-7.401574803149595,-2.2572178477690277,2.283464566929141,5.065616797900265
2026-07-16,FLOCK/USDT,2026-07-16 10:50,0.03854,16.0,0.039411,0.039942,2.59,-5.06,25,0.04044,0.037721,2.17,0.036658,5.14,1.092,0.03396,13.48,0.03854,False,0.8562532433834898,-0.7524649714582397,1.8941359626362082,0.2854177477944966,3.8142189932537605,5.760249091852621,5.422937208095472
2026-07-16,MMT/USDT,2026-07-16 13:00,0.1763,6.3,0.179173,0.177443,1.66,0.39,11,0.177464,0.172682,2.1,0.170187,3.59,0.719,0.166428,5.93,0.1763,False,0.3403289846852054,0.2836074872376633,0.4537719795802739,0.2836074872376633,2.892796369824175,1.985252410663643,-0.7373794668179214
2026-07-16,ONDO/USDT,2026-07-16 00:00,0.3687,10.85,0.37005,0.366614,1.45,0.68,12,0.365696,0.347224,6.18,0.336332,9.62,1.641,0.321117,14.82,0.3687,False,0.8679142934635302,1.1120151885001486,2.4410089503661534,0.027122321670747084,0.5424464334147008,-0.6238133984268969,-1.3561160835367367
2026-07-16,ONDO/USDT,2026-07-16 03:40,0.365,8.33,0.365491,0.366857,0.33,-0.76,11,0.366916,0.361663,0.92,0.346348,5.39,1.644,0.324916,12.34,0.3651,True,-0.7943029307039206,-0.027389756231181735,0.9860312243221014,-2.0542317173377174,-1.5064365927143264,-2.0542317173377174,-5.477951246233913
2026-07-16,ONDO/USDT,2026-07-16 06:20,0.3715,7.42,0.37216,0.372179,0.66,-0.59,10,0.368836,0.366185,1.45,0.352801,5.3,1.356,0.328253,13.18,0.3716,False,0.8342303552206652,-0.24219590958019696,-0.8611410118406987,0.10764262648008921,-0.6996770721205574,-5.4897739504844,-3.740581270182999
2026-07-16,ONDO/USDT,2026-07-16 15:05,0.3821,6.57,0.388431,0.388464,2.09,-0.94,13,0.388404,0.376711,1.43,0.371576,2.83,0.875,0.340066,12.36,0.3821,False,-0.8374771002355353,-1.8843234755299618,-0.13085579691180332,-0.9683328971473387,1.9104946349123197,5.181889557707402,3.29756608217744
2026-07-16,PUMP/USDT,2026-07-16 16:15,0.001724,8.55,0.001754,0.001713,2.57,3.59,10,0.001687,0.001634,5.5,0.001637,5.31,0.141,0.001605,7.41,0.001724,False,-0.29002320185614927,-1.1020881670533595,-0.23201856148491184,-0.4640371229698363,-0.23201856148491184,2.320185614849194,5.858468677494197
2026-07-16,RAVE/USDT,2026-07-16 04:20,0.3006,5.47,0.304067,0.297907,2.09,2.78,12,0.295676,0.287528,4.55,0.288822,4.08,0.625,0.265308,13.3,0.3007,False,2.1283671433322304,-0.033255736614562346,1.3634852011972225,-1.629531094113721,0.03325573661458081,-2.693714665779846,-1.9620884602593818
2026-07-16,RAVE/USDT,2026-07-16 07:40,0.3236,13.54,0.327235,0.320029,2.3,5.62,17,0.312112,0.296533,9.13,0.290815,11.27,0.539,0.269419,20.11,0.3238,True,3.150092649783813,0.4632489190858559,6.578134651019144,1.0500308832612597,5.2810376775787535,3.70599135268683,3.5824583075972827
2026-07-16,RAVE/USDT,2026-07-16 08:20,0.3006,14.76,0.322325,0.318757,9.0,-0.71,8,0.317212,0.299023,0.53,0.291503,3.12,0.815,0.270416,11.16,0.3006,False,-1.530272787757834,-0.8316699933466408,-2.7611443779108553,-6.287425149700608,-2.7278775781769933,-1.9960079840319382,-4.357950765136395
2026-07-16,RESOLV/USDT,2026-07-16 17:55,0.02123,7.54,0.021374,0.021191,1.28,-0.19,5,0.020876,0.020009,6.1,0.019986,6.23,0.587,0.019523,8.74,0.02124,False,1.1770244821092128,1.1299435028248455,2.4011299435028253,0.47080979284368835,-2.2128060263653566,-4.048964218455759,-3.201506591337101
2026-07-16,RESOLV/USDT,2026-07-16 22:00,0.02183,8.49,0.021861,0.021659,1.01,0.32,13,0.021533,0.02086,4.65,0.020284,7.62,0.838,0.019722,10.69,0.02183,False,1.1452130096197903,0.5038937242327026,1.6949152542372825,0.7329363261566672,-1.8323408153916678,-0.6413192853870877,1.053595968850195
2026-07-16,RESOLV/USDT,2026-07-16 23:40,0.02163,7.86,0.021883,0.021607,1.34,0.64,12,0.021641,0.021189,2.08,0.020436,5.84,0.922,0.019804,9.22,0.02164,False,0.41589648798521167,0.4621072088724556,-1.2476894639556348,-1.155268022181147,-0.36968576709796774,1.2476894639556348,0.1386321626617319
2026-07-16,SKL/USDT,2026-07-16 05:15,0.004708,6.12,0.004879,0.004752,3.78,2.71,10,0.004736,0.004702,0.13,0.004628,1.72,1.556,0.004308,9.29,0.004708,False,0.8071367884452146,1.1257434154630435,3.4834324553950737,2.846219201359397,6.988105352591339,8.496176720475788,9.68564146134241
2026-07-16,SKL/USDT,2026-07-16 05:45,0.004655,6.12,0.004955,0.004732,6.16,2.71,10,0.00472,0.00469,-0.75,0.004643,0.25,1.503,0.004313,7.94,0.004655,False,0.8807733619763746,2.38453276047261,1.868958109559619,1.3319011815252506,6.595059076262083,7.755102040816331,8.67883995703546
2026-07-16,US/USDT,2026-07-16 18:50,0.043183,7.49,0.043269,0.043271,0.79,-0.16,14,0.0432,0.042553,1.48,0.042203,2.32,2.371,0.035135,22.9,0.043172,True,0.4076716390253,0.47021217455758774,2.8444362086537565,3.7477994996757182,1.4337996849810095,0.8153432780506,0.10655054201798474
2026-07-17,AKE/USDT,2026-07-17 00:55,0.0008803,15.54,0.000968,0.000961,9.28,0.32,25,0.000975,0.000948,-7.17,0.000935,-5.81,1.741,0.0007,25.74,0.0008799,False,-4.784634617570178,-1.5001704739174901,-2.136606432549156,-1.1705875667689487,0.5909762473008318,-26.628025912035476,-42.15251733151496
2026-07-17,AKE/USDT,2026-07-17 08:00,0.001008,13.15,0.001051,0.001012,4.46,3.53,9,0.000975,0.00092,9.52,0.000936,7.75,0.086,0.000802,25.62,0.0010082,True,-12.457845665542553,-10.394762943860362,-12.438008331680235,-15.31442174171792,-17.317992461813137,-23.28902995437414,-42.17417179131127
2026-07-17,AKE/USDT,2026-07-17 10:00,0.0011626,29.48,0.00119,0.001149,3.62,3.24,13,0.001131,0.000969,20.02,0.000957,21.53,2.259,0.000829,40.26,0.0011623,False,2.796179987954915,-0.13765809171470694,2.340187559149962,-1.7637443000946316,-7.4163296911296595,-14.824055751527146,-38.2947603888841
2026-07-17,AKE/USDT,2026-07-17 14:00,0.0012485,29.36,0.001294,0.001251,4.55,2.17,7,0.001225,0.001117,11.78,0.001018,22.67,3.654,0.000878,42.22,0.0012484,False,-0.024030759371992397,1.505927587311761,-0.024030759371992397,0.4325536686959326,-6.904838192886899,-28.756808715155397,-24.022749118872163
2026-07-17,AKE/USDT,2026-07-17 15:45,0.0011962,35.38,0.001221,0.001236,3.34,-3.89,18,0.001241,0.001178,1.57,0.001048,14.18,3.4,0.000897,33.29,0.0011957,True,-3.9558417663293386,-5.335786568537252,-7.426612026428033,-9.68470352095006,-21.30969306682277,-18.541440160575394,-32.76741657606422
2026-07-17,BANK/USDT,2026-07-17 12:45,0.07342,36.85,0.075616,0.075416,9.24,-7.57,18,0.078527,0.069375,5.83,0.065465,12.15,3.288,0.058363,25.8,0.07341,True,0.38141942514644117,2.3293829178586063,23.784225582345734,-1.3077237433592186,9.37202016074104,12.19179948235935,-3.2420651137447116
2026-07-17,BULLA/USDT,2026-07-17 09:05,0.008266,10.52,0.008504,0.008481,2.94,-0.32,14,0.008451,0.008237,0.36,0.007888,4.79,1.516,0.007419,11.42,0.008266,False,2.9639487055407745,4.476167432857495,-0.2782482458262608,-8.008710379869337,-3.9317686910234557,-6.41180740382288,-11.02105008468423
2026-07-17,BULLA/USDT,2026-07-17 09:35,0.007896,10.52,0.008493,0.008252,7.84,-0.32,14,0.008362,0.008258,-4.38,0.007906,-0.12,1.392,0.00743,6.28,0.007892,False,-2.255448555499253,-5.030410542321335,-4.738976178408529,-17.701469842878872,-5.942726811961489,-11.606690319310696,-16.40902179422201
2026-07-17,BULLA/USDT,2026-07-17 12:30,0.008764,17.07,0.008819,0.008899,1.73,-1.49,15,0.008729,0.008414,4.16,0.008109,8.08,1.987,0.007507,16.75,0.008764,False,1.0611592879963412,1.3920584208124014,3.753993610223636,1.643085349155637,-0.7987220447284415,-4.3016887266088615,-1.894112277498873
2026-07-17,BULLA/USDT,2026-07-17 13:00,0.008642,17.07,0.008766,0.008701,2.31,-1.49,15,0.008804,0.00845,2.27,0.008144,6.11,2.068,0.007518,14.95,0.008639,False,2.94015511054521,2.361384419493009,-0.9028822780414392,-1.2154184512096213,-1.6552841764092951,-5.9034610487324715,-2.3382335918508974
2026-07-17,BULLA/USDT,2026-07-17 17:05,0.008796,6.87,0.00888,0.008771,1.72,1.01,12,0.008761,0.008596,2.33,0.008398,4.74,1.508,0.007632,15.25,0.008809,False,0.15892836871381683,0.011352026336712454,-0.28380065841751595,-1.8503802928822786,-4.177545691905988,0.32920876376434605,3.9618571915086878
2026-07-17,BULLA/USDT,2026-07-17 20:50,0.00902,7.84,0.009235,0.009073,2.54,2.13,25,0.009055,0.008811,2.38,0.00861,4.77,1.047,0.007777,15.99,0.009017,False,-1.774426084063421,-1.3419097260729687,-2.4398358655872205,-2.184762116003097,2.4287457025618324,4.846401242098257,0.7541310857269641
2026-07-17,BULLA/USDT,2026-07-17 22:15,0.009215,8.11,0.009263,0.009203,0.78,-0.29,7,0.009164,0.008926,3.24,0.008692,6.01,1.134,0.007845,17.46,0.009227,True,0.20591741627833154,0.1842418987753483,0.45518586756259205,3.4138940067194214,8.084968028611684,4.887829196922076,1.7557169177414185
2026-07-17,ESPORTS/USDT,2026-07-17 19:30,0.02669,25.9,0.028576,0.026916,10.31,4.11,7,0.025001,0.022357,19.38,0.022443,18.93,0.547,0.020053,33.1,0.02667,False,3.5620547431571032,2.17472815898013,4.274465691788522,-1.3873265841769864,-6.89913760779903,-22.347206599175102,-10.123734533183356
2026-07-17,ESPORTS/USDT,2026-07-17 20:00,0.02609,25.9,0.029527,0.026875,12.05,4.11,7,0.026024,0.022444,16.24,0.022572,15.58,1.329,0.020166,29.38,0.02611,False,3.4469551895825408,2.221371122175414,-1.8766756032171479,3.140559172730759,-21.79241669858292,-27.61394101876676,-9.88127154346993
2026-07-17,HEI/USDT,2026-07-17 17:05,0.11682,11.41,0.121317,0.117923,4.01,3.54,12,0.116643,0.113138,3.25,0.111109,5.14,0.651,0.108893,7.28,0.11676,False,-0.9078451524494617,-0.2997601918465254,-1.036313806097981,1.6187050359712254,5.549845837615621,4.170948955121617,7.048646796848236
2026-07-17,KAITO/USDT,2026-07-17 07:55,0.8663,7.02,0.873297,0.873836,1.29,1.86,29,0.866896,0.851538,1.73,0.835507,3.69,1.767,0.784322,10.45,0.8664,True,-1.2003693444136745,-1.5697137580794156,-1.223453370267781,-3.150969529085885,-2.966297322253008,-0.9464450600184783,1.6043397968605624
2026-07-17,KAITO/USDT,2026-07-17 08:30,0.8758,7.02,0.877134,0.872586,0.57,1.86,29,0.872924,0.853523,2.61,0.839468,4.33,1.779,0.785778,11.46,0.8759,True,0.4795067930128989,-1.210183810937315,-0.4909236214179667,-1.0046808996460816,-3.938805799748827,1.4385203790387093,3.2994634090649657
2026-07-17,KAITO/USDT,2026-07-17 15:10,0.9193,8.77,0.927644,0.926307,1.54,1.57,25,0.91466,0.893897,2.84,0.871748,5.45,0.956,0.800147,14.89,0.9192,False,1.0335073977371698,3.307223672758919,5.352480417754571,6.364229765013055,8.300696257615321,6.070496083550921,8.02872062663185
2026-07-17,KAITO/USDT,2026-07-17 15:40,0.8888,8.77,0.931076,0.916393,4.89,1.57,25,0.917124,0.895303,-0.73,0.87296,1.81,0.911,0.801531,10.89,0.8889,False,1.6087298908763616,2.1262234222072256,2.8912138598267587,2.3399707503656253,4.488693891326363,1.8224772190347613,6.0074249071886605
2026-07-17,KAITO/USDT,2026-07-17 16:10,0.87,8.77,0.934508,0.89555,7.2,1.57,25,0.909552,0.89602,-2.9,0.87358,-0.41,0.715,0.802723,8.38,0.8696,False,1.667433302667901,0.7359705611775612,1.0234590616375365,2.426402943882245,1.333946642134321,0.5174793008279737,4.116835326586942
2026-07-17,KAITO/USDT,2026-07-17 16:40,0.8632,8.77,0.93794,0.873893,8.75,1.57,25,0.893484,0.895144,-3.57,0.873889,-1.22,0.464,0.804087,7.35,0.8631,False,0.4518595759471689,0.278067431352098,-0.5793071486502149,-0.23172285946008597,1.9696443054107307,0.18537828756806105,2.6300544548719667
2026-07-17,KAITO/USDT,2026-07-17 17:10,0.8607,8.77,0.941372,0.862893,8.65,1.57,25,0.878228,0.89426,-3.75,0.874365,-1.56,0.3,0.805285,6.88,0.8607,False,-1.707912164517246,-0.8597653073080007,1.4174509120483314,2.068084117578719,0.3601719530614606,0.5925409550365973,3.450679679330784
2026-07-17,LUMIA/USDT,2026-07-17 05:15,0.09515,14.67,0.095754,0.094556,1.79,0.81,10,0.093934,0.088811,7.14,0.084042,13.22,2.63,0.077431,22.88,0.09522,True,-1.53329132535182,-2.7935307708464565,-3.728208359588319,-2.551984877126656,-1.3022474270111373,5.50304557865994,5.660575509346782
2026-07-17,LUMIA/USDT,2026-07-17 07:35,0.09676,18.51,0.098568,0.097539,3.32,-0.74,18,0.097854,0.092231,4.91,0.086998,11.22,3.069,0.078445,23.35,0.0967,True,-2.0165460186142785,-0.12409513960704135,-2.2750775594622623,0.13443640124094233,6.804550155118913,9.162357807652526,14.725956566701125
2026-07-17,MUBARAK/USDT,2026-07-17 09:50,0.01355,5.45,0.013704,0.013672,1.56,-0.58,10,0.013638,0.013346,1.53,0.013208,2.59,0.57,0.012623,7.35,0.01354,False,1.6986706056129934,1.9940915805022112,5.539143279172826,5.391432791728211,9.748892171344165,10.044313146233383,10.339734121122602
2026-07-17,MUBARAK/USDT,2026-07-17 10:20,0.01327,5.45,0.013656,0.013504,3.19,-0.58,10,0.013576,0.01336,-0.67,0.013216,0.41,0.455,0.012632,5.05,0.01327,False,1.1303692539562986,3.617181612660145,3.6925395629238946,2.7882441597588583,7.0082893745290145,8.515448379804075,8.741522230595338
2026-07-17,MUBARAK/USDT,2026-07-17 10:50,0.01279,5.45,0.013608,0.013246,6.45,-0.58,10,0.013443,0.013362,-4.28,0.013219,-3.25,0.369,0.012638,1.2,0.01279,False,-1.0164190774042214,0.07818608287724467,-0.15637216575450288,0.9382329945269632,4.143862392494131,5.160281469898352,5.473025801407344
2026-07-17,MYX/USDT,2026-07-17 04:45,0.08493,10.39,0.08656,0.085123,3.06,4.6,23,0.083611,0.080199,5.9,0.078697,7.92,1.167,0.074719,13.67,0.08502,False,-0.0823335685721014,-0.6821924253116881,-0.19995295224653434,-0.7057163020465812,1.2938132204187296,3.4815337567631195,9.139026111503174
2026-07-17,RAVE/USDT,2026-07-17 01:40,0.3149,5.64,0.3161,0.3182,1.36,-1.4,9,0.31848,0.316794,-0.6,0.312052,0.91,0.144,0.292069,7.82,0.3148,True,-0.7623888182973182,0.6988564167725652,5.717916137229992,3.621346886912332,1.9695044472681187,-0.1588310038119442,7.433290978398993
2026-07-17,SKYAI/USDT,2026-07-17 00:00,0.03415,7.06,0.034015,0.034062,0.51,-0.12,13,0.033954,0.033229,2.77,0.032414,5.36,1.143,0.031005,10.14,0.03412,True,-0.9378663540445512,-2.667057444314189,-5.158264947245032,-2.139507620164131,-3.4876905041031763,8.14771395076201,10.609613130128952
2026-07-17,SOXS/USDT,2026-07-17 14:40,55.42,10.91,56.495294,56.915714,3.28,-2.7,17,57.5192,57.434949,-3.51,55.80405,-0.69,1.267,,,55.44,True,-2.1103896103896136,-2.669552669552677,-0.36075036075036593,4.68975468975468,1.4249639249639234,1.6955266955266914,2.092352092352086
2026-07-17,TAC/USDT,2026-07-17 00:50,0.003686,15.48,0.003714,0.003671,1.31,0.62,10,0.003637,0.003543,4.03,0.003295,11.87,2.359,0.003075,19.89,0.003693,True,-1.8142431627403137,-0.4332520985648512,0.02707825616030687,4.4408340102897395,6.309233685350667,7.69022474952613,4.955320877335499
2026-07-17,US/USDT,2026-07-17 16:25,0.045995,9.8,0.047301,0.046119,3.43,2.62,10,0.045915,0.04407,4.37,0.04353,5.66,0.939,0.041031,12.1,0.045985,False,0.8720234859193184,1.5831249320430567,-0.51973469609656,-1.7070783951288484,-2.2442100685006094,-5.477873219528108,3.098836577144712
2026-07-17,龙虾/USDT,2026-07-17 22:15,0.015931,5.54,0.015953,0.016,0.25,-1.13,24,0.015899,0.015706,1.43,0.01544,3.18,0.371,0.015509,2.72,0.015933,False,0.9037845980041317,0.02510512772234062,0.9477185715182224,-1.1673884390886973,-1.6883198393271945,-3.4958890353354795,-0.5334839640996784
2026-07-17,龙虾/USDT,2026-07-17 22:45,0.015929,5.54,0.015907,0.015938,0.36,-1.13,24,0.015917,0.015745,1.17,0.015459,3.04,0.423,0.015524,2.61,0.015925,True,0.07535321821037105,0.897959183673474,-3.3406593406593266,-2.040816326530605,-2.367346938775503,-3.93092621664049,5.02982731554161
2026-07-18,1000XEC/USDT,2026-07-18 05:55,0.008199,9.2,0.00838,0.008292,2.78,3.37,13,0.008127,0.008033,2.06,0.008057,1.76,0.386,0.007133,14.95,0.008201,False,-0.8535544445799369,1.8778197780758399,-2.6094378734300774,-4.37751493720278,-3.9995122546030992,-15.668820875502984,-19.144006828435558
2026-07-18,1000XEC/USDT,2026-07-18 13:25,0.009609,24.69,0.009874,0.00993,3.01,-1.88,13,0.009816,0.008868,8.36,0.008448,13.74,2.178,0.007491,28.27,0.00961,False,0.7700312174818017,1.29032258064517,-0.6139438085327786,-2.029136316337138,-3.277835587929233,5.8064516129032375,2.6847034339230103
2026-07-18,1000XEC/USDT,2026-07-18 13:55,0.009486,24.69,0.009786,0.009676,4.06,-1.88,13,0.009832,0.008936,6.16,0.008485,11.79,2.093,0.007523,26.09,0.009487,False,-0.20027405923895772,-1.9184146727100226,-2.57194055022662,-4.258458943817854,-2.9935701486244284,5.207125540212937,2.6668072098661484
2026-07-18,1000XEC/USDT,2026-07-18 14:25,0.009669,24.69,0.009698,0.009563,1.69,-1.88,13,0.009743,0.009017,7.23,0.008521,13.48,1.956,0.007556,27.96,0.009669,True,-0.6825938566552909,-0.6412245320095102,-1.4065570379563446,-0.031026993484326516,0.7963594994311788,6.722515254938475,7.425793773916639
2026-07-18,1000XEC/USDT,2026-07-18 17:40,0.009806,15.57,0.010111,0.009853,3.3,1.74,14,0.009823,0.009552,2.66,0.008834,11.01,2.339,0.007785,25.95,0.009804,False,0.3365973072215427,1.5605875152998812,3.580171358629137,4.753161974704196,8.149734802121577,5.038759689922477,14.41248470012241
2026-07-18,AKE/USDT,2026-07-18 02:40,0.0015776,18.91,0.001623,0.001533,5.77,6.2,9,0.001485,0.001482,6.44,0.001357,16.22,3.21,0.00106,48.87,0.0015776,True,2.5481744421906694,-0.41835699797160575,-0.7289553752535503,-8.405172413793109,-19.028904665314403,-15.548935091277889,-7.25152129817444
2026-07-18,AKE/USDT,2026-07-18 03:20,0.001576,20.31,0.001589,0.001571,1.3,-0.14,9,0.001534,0.001499,5.14,0.001375,14.66,3.53,0.001072,46.96,0.0015762,True,-2.0809541936302454,-2.607537114579359,-4.003299073721607,-12.314427103159497,-21.900774013450064,-15.251871589899757,1.916000507549802
2026-07-18,AKE/USDT,2026-07-18 07:40,0.0019072,29.85,0.00194,0.001906,2.99,0.2,8,0.001877,0.001643,16.1,0.001521,25.37,5.198,0.001159,64.49,0.0019073,False,4.435589576888796,1.6830073926492932,7.8592775127143035,9.615687096943324,4.299271221097889,21.124102133906575,-6.8840769674408735
2026-07-18,AKE/USDT,2026-07-18 08:10,0.0018752,29.85,0.001943,0.001895,5.21,0.2,8,0.001888,0.001668,12.41,0.00154,21.74,5.261,0.00117,60.3,0.0018755,False,2.1967475339909313,6.296987470007992,-3.8549720074646743,6.4569448147160795,4.425486536923485,8.845641162356708,-4.046920821114373
2026-07-18,AKE/USDT,2026-07-18 20:25,0.0020318,19.07,0.002112,0.001998,5.91,7.37,13,0.00193,0.001763,15.25,0.00178,14.15,2.549,0.001381,47.08,0.002032,False,0.2116141732283489,1.5944881889763847,5.925196850393696,4.17814960629921,-2.5787401574803246,6.412401574803144,5.477362204724407
2026-07-18,AVAAI/USDT,2026-07-18 03:15,0.007903,9.62,0.008035,0.007846,2.36,3.82,11,0.007711,0.00757,4.39,0.007402,6.77,1.752,0.006592,19.88,0.007904,False,0.0,-0.2150809716599147,2.517712550607282,3.5298582995951384,5.933704453441294,-19.230769230769237,-18.243927125506083
2026-07-18,BANK/USDT,2026-07-18 18:15,0.10995,64.77,0.11862,0.111218,8.03,3.25,12,0.109671,0.081909,34.23,0.077007,42.78,6.23,0.069691,57.77,0.10995,False,-0.1273306048203614,-0.39108685766257373,-0.2546612096407354,-2.0190995907230556,-2.4556616643929003,-0.9458844929513408,-5.120509322419277
2026-07-18,BR/USDT,2026-07-18 20:50,0.16197,9.09,0.164557,0.162697,1.76,2.67,21,0.161176,0.154781,4.64,0.152478,6.22,1.087,0.149026,8.69,0.16197,False,0.17287151941717754,-1.0680990306847005,-0.46304871272457904,-2.3275915292955456,0.6667901463233917,3.241340989072053,3.901957152559111
2026-07-18,BULLA/USDT,2026-07-18 16:25,0.009429,7.45,0.009569,0.009415,2.54,1.51,13,0.009337,0.009205,2.43,0.008935,5.53,0.213,0.008496,10.98,0.009426,False,-0.8487163165711883,-0.7107999151283615,-0.13791640144280845,-0.14852535539995887,0.6047103755569675,-2.0475281137279913,-21.334606407808177
2026-07-18,BULLA/USDT,2026-07-18 16:55,0.009493,7.45,0.009634,0.009479,1.86,1.51,13,0.009415,0.009231,2.84,0.008949,6.08,0.381,0.008516,11.47,0.0095,False,1.2947368421052616,0.6421052631578978,0.15789473684209884,0.9894736842105298,1.8315789473684267,-4.557894736842117,-12.673684210526318
2026-07-18,EDGE/USDT,2026-07-18 10:55,0.4583,5.83,0.462771,0.459843,1.25,-0.04,14,0.457064,0.446172,2.72,0.442361,3.6,1.121,0.426391,7.48,0.4582,False,0.8948057616761225,1.8332605848974288,0.6110868616324682,0.8729812309035363,4.539502400698382,6.634657354866867,6.896551724137935
2026-07-18,ESPORTS/USDT,2026-07-18 03:05,0.03371,52.52,0.033952,0.033685,1.89,0.62,10,0.033704,0.029355,14.84,0.025745,30.94,4.878,0.022259,51.44,0.0337,True,0.4451038575667577,2.848664688427307,-1.1869436201780343,-5.519287833827895,11.394658753709198,28.99109792284867,41.63204747774481
2026-07-18,ESPORTS/USDT,2026-07-18 20:25,0.03071,31.11,0.030813,0.032027,1.47,-10.36,14,0.032898,0.026169,17.35,0.027585,11.33,-0.265,0.025442,20.71,0.03071,True,0.22793878215565164,6.805600781504401,3.907521979811135,-6.186909801367628,-4.298274177792256,-52.263106479973956,-61.478345815695214
2026-07-18,STAR/USDT,2026-07-18 01:25,0.22859,8.63,0.230375,0.229494,1.73,0.18,11,0.228317,0.224053,2.02,0.21408,6.78,2.698,0.191639,19.28,0.22874,False,-0.0524613097840382,-0.5989332867010624,-0.4153187024569408,-0.4808953396869764,11.051849261169885,12.804931363119703,8.686718545073008
2026-07-18,STAR/USDT,2026-07-18 02:00,0.2284,8.63,0.230635,0.228722,1.32,0.18,11,0.228557,0.224893,1.56,0.214407,6.53,1.972,0.192471,18.67,0.22818,True,-0.6004031904636734,-0.5083705846261699,-0.6924357963011649,-0.20597773687439663,12.682969585415021,10.307651853799625,5.898851783679551
2026-07-18,STAR/USDT,2026-07-18 03:10,0.22799,8.48,0.231056,0.229326,1.53,0.12,10,0.228916,0.226275,0.76,0.216043,5.53,1.171,0.193618,17.75,0.228,False,-0.8070175438596406,-0.543859649122803,-0.8640350877192979,1.916666666666672,5.7587719298245625,12.618421052631588,9.01754385964912
2026-07-18,US/USDT,2026-07-18 11:30,0.048416,5.75,0.048753,0.048014,1.6,-0.37,6,0.047258,0.045245,7.01,0.046496,4.13,0.235,0.044342,9.19,0.048388,True,-1.576837232371662,0.1694635033479349,-1.4983053649665135,-2.1906257749855307,5.9828883194180404,-2.5750185996528003,4.100190129784243
2026-07-18,US/USDT,2026-07-18 12:20,0.048614,6.66,0.049462,0.04863,2.42,1.11,10,0.048237,0.045656,6.48,0.046614,4.29,0.465,0.044454,9.36,0.048625,True,-0.9151670951156831,-1.0550128534704362,-1.7871465295629854,-0.5161953727506451,3.4406169665809783,1.7316195372750693,0.9131105398457582
2026-07-18,US/USDT,2026-07-18 12:50,0.049138,6.66,0.049787,0.048842,1.98,1.11,10,0.048704,0.045922,7.0,0.046686,5.25,0.562,0.044539,10.33,0.049123,True,0.5638906418581916,-0.7552470329580915,-0.7124972009038599,7.253221505201222,2.2229912668200287,3.908556073529707,-0.6493903059666548
2026-07-18,US/USDT,2026-07-18 18:10,0.048573,7.22,0.04971,0.048638,2.43,2.36,10,0.048102,0.048033,1.12,0.046604,4.22,-0.079,0.045129,7.63,0.048569,False,-0.3088389713603273,-0.821511663818478,-0.17089089748605024,-1.5091931067141542,4.350511643229228,-0.3150157507875401,13.786571681525253
2026-07-19,AIO/USDT,2026-07-19 19:00,0.10848,5.16,0.108836,0.108384,0.42,0.77,15,0.107687,0.10599,2.35,0.105122,3.19,0.332,0.103036,5.28,0.10842,True,-0.14757424829366675,-0.3504888396974649,-4.528684744512081,-3.2374100719424455,-8.033573141486807,-1.7432208079690121,-5.137428518723475
2026-07-19,AIO/USDT,2026-07-19 23:45,0.11588,9.56,0.116392,0.115904,0.64,0.93,21,0.114981,0.11025,5.11,0.107695,7.6,1.232,0.104342,11.06,0.1159,True,0.6298533218291703,1.7946505608282988,2.545297670405529,4.90077653149267,3.5202761000862814,3.7100949094046576,-7.092320966350295
2026-07-19,AKE/USDT,2026-07-19 01:00,0.0020231,19.06,0.002107,0.002057,5.39,0.42,8,0.002029,0.001925,5.11,0.001832,10.4,0.976,0.001482,36.51,0.0020226,False,-1.0580441016513389,-0.7564520913675571,-0.4696924750321349,6.17027588252743,7.411252842875503,6.096113912785514,6.432314842282199
2026-07-19,AKE/USDT,2026-07-19 01:30,0.0020379,19.06,0.002113,0.002052,4.27,0.42,8,0.002041,0.001942,4.92,0.001839,10.79,1.17,0.001492,36.56,0.0020379,False,3.115952696403169,0.2846067029785686,1.0697286422297563,8.302664507581333,6.442906913980077,9.156484616517007,4.563521271897541
2026-07-19,AKE/USDT,2026-07-19 14:55,0.0018938,7.31,0.001972,0.00194,4.25,-0.68,16,0.001931,0.001873,1.09,0.001913,-0.98,-0.285,0.001725,9.79,0.0018937,False,0.22178803400749822,-1.040291492844701,0.058087342240057696,3.2792945028251483,-0.9135554734118414,-1.3148862016158847,10.181126894439453
2026-07-19,AKE/USDT,2026-07-19 15:25,0.0019134,7.31,0.001967,0.001928,3.11,-0.68,16,0.001927,0.001873,2.16,0.001911,0.11,-0.182,0.001732,10.5,0.0019134,False,-1.019128253370962,1.0870701369290308,0.4651405874359807,3.088742552524306,3.282115605728024,-1.280443190132748,17.52900595798056
2026-07-19,ALLO/USDT,2026-07-19 09:35,0.47358,7.29,0.494735,0.476426,4.51,4.01,11,0.470036,0.457522,3.51,0.453298,4.47,0.439,0.425043,11.42,0.47365,False,1.2372004644779968,1.0302966325345708,2.763644040958512,2.9346563918505275,4.492768922199941,-0.09711812519792261,3.2914599387733543
2026-07-19,ARIA/USDT,2026-07-19 01:15,0.0272,14.09,0.027423,0.027263,1.51,-0.15,12,0.027364,0.026671,1.98,0.024597,10.58,2.459,0.023497,15.76,0.02718,False,1.9499632082413514,2.1339220014716727,-0.1471670345842599,-4.304635761589407,-3.348050036791763,-3.1272994849153792,-9.345106696100077
2026-07-19,ARIA/USDT,2026-07-19 01:45,0.0266,14.09,0.027403,0.02702,3.37,-0.15,12,0.02717,0.026853,-0.94,0.024726,7.58,2.358,0.023532,13.04,0.02662,False,-1.7655897821187008,-2.2539444027047324,-3.230653643876783,-9.541697971450027,-2.2163786626596553,-4.357625845229142,-18.144252441773094
2026-07-19,ARIA/USDT,2026-07-19 04:10,0.0287,15.48,0.029304,0.028584,3.97,5.35,17,0.028056,0.027313,5.08,0.025512,12.5,2.699,0.023736,20.92,0.02871,False,-1.1842563566701498,-0.31347962382445077,0.24381748519679772,7.453848833159177,3.0303030303030276,-2.9954719609892013,2.8213166144200565
2026-07-19,ARIA/USDT,2026-07-19 04:40,0.0288,15.48,0.029826,0.028919,3.94,5.35,17,0.028449,0.027403,5.1,0.025705,12.04,2.872,0.023793,21.04,0.0288,False,2.2569444444444366,0.555555555555557,3.958333333333329,5.173611111111105,5.138888888888885,-0.2083333333333369,-1.0416666666666725
2026-07-19,ARIA/USDT,2026-07-19 12:00,0.02893,11.55,0.029372,0.029071,1.91,4.21,13,0.028548,0.027918,3.63,0.027556,4.99,1.111,0.024463,18.26,0.02894,True,1.1402902557014527,-1.1402902557014527,-1.969592259847965,-12.163096060815489,3.248099516240497,6.7035245335176254,13.752591568762963
2026-07-19,ARIA/USDT,2026-07-19 15:00,0.02892,20.45,0.0301,0.031739,8.31,-7.36,8,0.031251,0.028883,0.13,0.028222,2.47,1.954,0.024912,16.09,0.02892,False,-0.933609958506222,0.8298755186722012,3.181189488243432,2.662517289073305,6.535269709543577,13.762102351313974,12.378976486860303
2026-07-19,AVAAI/USDT,2026-07-19 17:50,0.010411,34.37,0.011006,0.01064,7.07,2.96,14,0.010411,0.008863,17.46,0.008497,22.52,2.937,0.008244,26.28,0.010412,False,-2.8044563964656226,-3.707260852862091,-3.9953899346907553,7.2800614675374575,3.601613522858228,-2.833269304648484,-10.39185555128699
2026-07-19,BANK/USDT,2026-07-19 01:50,0.11072,27.21,0.118271,0.112319,7.76,4.68,11,0.111304,0.111291,-0.51,0.094631,17.0,5.553,0.077166,43.48,0.11072,False,1.2915462427745672,-0.036127167630056335,3.9559248554913253,-1.2373554913294762,-1.4541184971098269,-26.49024566473989,-67.50361271676302
2026-07-19,BANK/USDT,2026-07-19 02:20,0.11076,27.21,0.121107,0.112138,9.54,4.68,11,0.111278,0.111118,-0.32,0.095819,15.59,5.429,0.077658,42.63,0.11077,False,3.611086034124754,3.999277782793166,4.98329872709217,0.06319400559717138,-3.9451114922813155,-28.960909993680612,-81.67373837681684
2026-07-19,BANK/USDT,2026-07-19 06:30,0.11375,13.61,0.117646,0.113781,3.79,2.86,14,0.112918,0.110904,2.57,0.105652,7.67,4.914,0.081839,38.99,0.11375,False,0.23736263736264296,0.0,8.729670329670336,-16.05274725274724,-27.472527472527457,-78.68131868131867,-75.33186813186813
2026-07-19,BANK/USDT,2026-07-19 07:00,0.11375,13.61,0.119039,0.114051,4.61,2.86,14,0.113564,0.111018,2.46,0.106901,6.41,4.921,0.082325,38.17,0.11375,False,5.1516483516483556,8.729670329670336,2.0923076923076986,-15.938461538461532,-37.39780219780221,-56.35164835164835,-84.22857142857141
2026-07-19,BANK/USDT,2026-07-19 12:55,0.1762,63.01,0.185655,0.178471,5.93,5.51,19,0.174448,0.135496,30.04,0.122825,43.46,6.718,0.091344,92.9,0.17617,False,-2.2024181188624596,-2.6905829596412523,-7.918487824260668,-8.491797695407847,-5.409547596071982,-32.50269625929501,-29.51694386104332
2026-07-19,BANK/USDT,2026-07-19 15:00,0.17785,61.99,0.208873,0.198071,18.02,0.04,8,0.190228,0.154938,14.79,0.132737,33.99,7.755,0.096389,84.51,0.17783,False,2.8904009447224754,8.485632345498505,10.26261035820727,-4.830456053534283,-17.842883652926957,-23.275037957599963,-36.99038407467807
2026-07-19,BANK/USDT,2026-07-19 21:50,0.2328,44.87,0.235721,0.231038,2.05,-1.0,9,0.228888,0.199572,16.65,0.169692,37.19,9.157,0.114779,102.82,0.23276,False,-0.11170304175975694,0.622959271352469,6.410036088675025,4.966489087472069,5.93315002577762,-7.982471214985399,-18.925073036604232
2026-07-19,BILL/USDT,2026-07-19 10:20,0.02662,7.21,0.027055,0.026854,2.2,0.11,11,0.026689,0.025914,2.72,0.025577,4.08,0.998,0.024419,9.01,0.02663,False,1.3518588058580518,-0.22530980097633327,-1.5396169733383427,-2.0277882087870776,-0.03755163349605555,2.4033045437476592,6.834397296282396
2026-07-19,BILL/USDT,2026-07-19 10:50,0.02669,7.21,0.027072,0.026656,2.41,0.11,11,0.02672,0.02586,3.21,0.025624,4.16,0.88,0.024453,9.15,0.02669,False,0.0,-1.3113525665043204,-1.9482952416635562,0.7493443237167434,0.8617459722742509,3.484451105282866,7.680779318096665
2026-07-19,BULLA/USDT,2026-07-19 04:20,0.011375,24.84,0.011988,0.011656,6.63,0.98,9,0.011452,0.010113,12.48,0.009734,16.86,3.001,0.009068,25.43,0.011364,False,6.828581485392473,10.410066877859908,6.27419922562478,2.3319253783879033,-3.264695529743046,2.1207321365716436,15.311510031678988
2026-07-19,BULLA/USDT,2026-07-19 10:10,0.011241,18.83,0.011552,0.011781,3.2,-2.83,19,0.011786,0.011286,-0.4,0.01041,7.98,2.768,0.009404,19.54,0.011246,False,1.60056909123245,0.8803130001778421,-0.6402276364929677,-3.716877111861995,10.581540103147786,17.463987195447274,18.75333451894008
2026-07-19,B/USDT,2026-07-19 00:45,0.1687,14.07,0.173264,0.168764,2.81,1.89,11,0.16776,0.161393,4.53,0.153387,9.98,4.401,0.12788,31.92,0.1687,False,0.2963841138115,0.8298755186721901,-0.7113218731476033,-2.7860106698281033,-6.6390041493776035,-15.174866627148791,-31.179608772969775
2026-07-19,B/USDT,2026-07-19 02:50,0.1697,15.32,0.177575,0.173179,5.05,4.12,16,0.170528,0.165542,2.51,0.159276,6.54,3.662,0.130122,30.42,0.1698,False,1.707891637220267,0.0,-2.0023557126030544,-5.8892815076560545,-10.424028268551233,-20.906949352179037,-31.213191990577144
2026-07-19,B/USDT,2026-07-19 03:20,0.1698,15.32,0.1802,0.171343,6.66,4.12,16,0.17096,0.166056,2.25,0.159796,6.26,2.927,0.130654,29.96,0.1698,False,-0.8244994110718402,-2.0023557126030544,-4.2991755005889285,-6.831566548881035,-9.7173144876325,-23.203769140164894,-23.380447585394574
2026-07-19,B/USDT,2026-07-19 05:25,0.1812,15.14,0.182814,0.180114,2.14,0.61,7,0.17706,0.16992,6.64,0.160391,12.97,0.32,0.133181,36.06,0.1811,False,-0.331308669243506,-0.496963003865259,-1.7669795692987191,-2.043070127001646,-10.436223081170622,-5.466593042517942,-21.70071783545003
2026-07-19,B/USDT,2026-07-19 10:20,0.2008,19.26,0.205068,0.199979,3.15,2.71,19,0.196464,0.183476,9.44,0.17367,15.62,3.6,0.140837,42.58,0.2008,False,-0.7470119521912357,-2.241035856573707,-4.183266932270912,-9.960159362549796,-5.776892430278884,-19.5219123505976,-24.551792828685247
2026-07-19,B/USDT,2026-07-19 11:55,0.2139,24.16,0.219762,0.211829,4.12,7.34,16,0.207064,0.190788,12.11,0.178442,19.87,3.426,0.143697,48.86,0.214,False,0.0,-4.439252336448602,-3.971962616822434,4.57943925233645,-0.8878504672897256,-16.728971962616825,-17.897196261682257
2026-07-19,B/USDT,2026-07-19 13:05,0.2116,25.73,0.2251,0.217557,9.6,2.89,14,0.215768,0.196553,7.66,0.182311,16.07,3.694,0.146289,44.65,0.2115,False,9.030732860520098,12.529550827423167,1.0874704491725753,2.316784869976354,-5.484633569739953,-16.26477541371159,-10.969267139479905
2026-07-19,B/USDT,2026-07-19 13:35,0.185,25.73,0.2278,0.208357,20.19,2.89,14,0.21184,0.197414,-6.29,0.183303,0.93,3.383,0.14704,25.82,0.185,False,-8.216216216216212,-13.08108108108108,-17.459459459459456,-14.378378378378384,-27.08108108108108,-35.8918918918919,-27.729729729729733
2026-07-19,B/USDT,2026-07-19 20:05,0.2478,23.93,0.2507,0.247229,1.48,0.28,7,0.243944,0.222952,11.15,0.206289,20.12,4.43,0.161678,53.27,0.2479,False,0.8874546187979053,0.8471157724889142,0.8067769261799119,-1.7345703912867974,-1.452198467123837,7.906413876563133,3.2271077047196477
2026-07-19,ON/USDT,2026-07-19 05:55,0.10391,5.01,0.104508,0.104056,0.9,-0.24,12,0.103464,0.10275,1.13,0.101222,2.66,0.927,0.09524,9.1,0.10399,True,-0.17309356668910433,-0.9231656890085609,-1.6924704298490219,-0.3654197518992262,-2.6541013558996043,-7.866140975093766,-17.751706894893744
2026-07-19,ON/USDT,2026-07-19 13:00,0.11146,10.62,0.113191,0.11006,3.02,-0.11,18,0.111089,0.106733,4.43,0.104638,6.52,0.82,0.097578,14.23,0.1114,False,0.8168761220825801,1.1131059245960548,-0.33213644524236563,-5.269299820466786,-10.511669658886893,-9.739676840215438,-6.885098743267501
2026-07-19,ON/USDT,2026-07-19 13:30,0.11016,10.62,0.113148,0.1111,3.11,-0.11,18,0.110593,0.10714,2.82,0.104882,5.03,0.751,0.097767,12.68,0.11027,False,-1.4328466491339422,-1.360297451709429,-2.8838305976240033,-4.733835131948842,-14.310329191983303,-12.16105921828239,-7.4997732837580475
2026-07-19,ON/USDT,2026-07-19 18:10,0.12314,16.97,0.122854,0.123994,0.24,-2.01,10,0.123132,0.115084,7.0,0.109386,12.57,2.383,0.100286,22.79,0.12313,True,-1.1938601478112556,-4.93787054332818,-4.312515227808004,-2.2252903435393536,1.104523674165516,6.554048566555679,1.4862340615609504
2026-07-19,ON/USDT,2026-07-19 19:25,0.12704,17.91,0.129711,0.127547,2.11,4.24,14,0.125986,0.117797,7.85,0.111217,14.23,2.607,0.10122,25.51,0.12694,False,1.4573814400504101,0.37813140066173645,2.7650858673389,2.843863242476762,7.3499291003623695,13.888451236804784,7.8777375137860375
2026-07-19,ON/USDT,2026-07-19 19:55,0.12646,17.91,0.131952,0.12679,5.79,4.24,14,0.126148,0.118525,6.69,0.111943,12.97,2.638,0.101574,24.5,0.12646,False,0.46655068796455756,2.3960145500553467,3.7324055037165813,3.906373556855912,4.942274236912851,14.036058832832508,5.306025620749639
2026-07-19,PHA/USDT,2026-07-19 01:00,0.02533,15.44,0.02541,0.025427,1.1,-1.39,9,0.024962,0.024294,4.26,0.023476,7.9,1.548,0.022589,12.14,0.02532,True,1.2638230647709219,3.3965244865718787,0.31595576619273386,4.304897314375976,5.687203791469196,3.8309636650868826,5.529225908372823
2026-07-19,TLM/USDT,2026-07-19 00:00,0.001714,32.88,0.001772,0.001712,3.74,2.68,11,0.001623,0.001398,22.57,0.001359,26.11,2.96,0.001432,19.65,0.001713,False,1.4010507880910645,2.1015761821365904,2.1599532983070593,6.713368359603028,9.807355516637477,-19.848219497956816,-21.36602451838881
2026-07-19,TLM/USDT,2026-07-19 06:40,0.001694,21.33,0.001733,0.001693,2.5,10.57,19,0.001627,0.001622,4.41,0.001474,14.9,2.386,0.001445,17.24,0.001693,False,0.7088009450679311,-6.792675723567624,-17.247489663319534,-18.487891317188417,-13.349084465445946,-41.40578854105137,-52.15593620791494
2026-07-19,TLM/USDT,2026-07-19 08:45,0.001993,39.63,0.002011,0.002022,1.85,-1.8,13,0.001941,0.001686,18.19,0.001551,28.5,5.075,0.001465,36.05,0.001992,True,-0.05020080321285807,-1.6566265060240986,4.016064257028101,2.6606425702811185,-18.875502008032132,-30.572289156626514,-22.038152610441777
2026-07-19,TLM/USDT,2026-07-19 13:05,0.002321,44.83,0.002479,0.00231,8.81,11.84,15,0.002214,0.001947,19.2,0.001751,32.55,6.524,0.001512,53.55,0.002319,False,-0.6899525657611021,0.8193186718413076,-1.2505390254419986,-5.864596808969395,-9.443725743855111,-1.768003449762839,5.045278137128069
2026-07-19,TLM/USDT,2026-07-19 14:55,0.002366,36.09,0.002431,0.002355,3.58,-0.37,6,0.00234,0.002103,12.51,0.001858,27.32,6.716,0.00154,53.65,0.002366,True,-1.056635672020281,-2.704987320371928,-0.08453085376161588,-9.678782755705834,-6.7624683009298385,6.255283178360107,8.706677937447168
2026-07-19,TLM/USDT,2026-07-19 15:25,0.00243,39.27,0.002509,0.002415,4.33,2.3,6,0.002371,0.002148,13.13,0.001885,28.88,6.495,0.001548,56.94,0.002429,False,0.12350761630300387,2.511321531494454,-7.369287772745982,-3.7463976945244926,-2.305475504322751,9.510086455331423,13.215314944421577
2026-07-19,TLM/USDT,2026-07-19 16:50,0.002586,42.89,0.002745,0.002545,7.76,9.16,13,0.002498,0.002236,15.66,0.001955,32.28,5.464,0.001578,63.85,0.002586,False,1.8561484918793618,3.7122969837587068,3.2869296210363497,1.5467904098994627,6.651198762567683,14.849187935034811,7.811291569992279
2026-07-19,TLM/USDT,2026-07-19 17:20,0.00249,42.89,0.002849,0.002594,13.07,9.16,13,0.002522,0.002269,9.76,0.001981,25.7,5.273,0.001588,56.79,0.002492,False,-2.3675762439807393,-0.36115569823436305,-3.410914927768861,-1.605136436597115,3.8523274478330554,12.881219903691802,7.664526484751195
2026-07-19,TRADOOR/USDT,2026-07-19 03:30,0.6023,14.96,0.610488,0.594886,3.54,3.57,17,0.588572,0.548986,9.71,0.534987,12.58,1.257,0.470719,27.95,0.6025,False,1.062240663900427,6.8215767634854805,11.053941908713691,16.929460580912878,13.443983402489637,17.228215767634865,21.128630705394194
2026-07-19,ZBT/USDT,2026-07-19 04:00,0.10436,8.76,0.107157,0.105974,2.75,0.6,12,0.105468,0.102077,2.24,0.099105,5.3,2.489,0.092312,13.05,0.10436,False,-0.1245688003066358,-0.1245688003066358,0.6420084323495497,2.0889229589881064,5.873898045228054,6.755461862782676,7.704101188194704
2026-07-20,ACE/USDT,2026-07-20 02:55,0.0968,44.48,0.096973,0.099502,1.4,-6.15,14,0.098081,0.084059,15.16,0.074962,29.13,5.735,0.069228,39.83,0.0968,True,1.5082644628099204,-2.3140495867768656,-0.5268595041322279,3.4814049586776843,-21.518595041322317,-46.81818181818182,-30.712809917355376
2026-07-20,ACE/USDT,2026-07-20 19:45,0.13334,13.47,0.140377,0.133084,5.53,6.01,14,0.12962,0.127212,4.82,0.123937,7.59,3.138,0.088102,51.35,0.13334,False,3.8623068846557587,9.599520023998794,9.599520023998794,15.171741412929343,15.606719664016785,19.23653817309134,22.483875806209685
2026-07-20,ACE/USDT,2026-07-20 20:15,0.12054,13.47,0.143759,0.13181,16.26,6.01,14,0.130526,0.126407,-4.64,0.124784,-3.4,3.154,0.088627,36.01,0.1206,False,-1.8076285240464358,0.049751243781098256,1.56716417910448,7.31343283582089,4.154228855721394,13.548922056384738,18.698175787728026
2026-07-20,AIO/USDT,2026-07-20 12:45,0.12272,10.26,0.123228,0.122699,1.09,-0.93,10,0.121727,0.115927,5.86,0.114317,7.35,1.307,0.108055,13.57,0.12268,True,-1.65471144440822,-0.5216824258232815,0.35865666775350175,0.17117704597326527,1.548744701662862,4.3527877404629916,4.018584936419957
2026-07-20,AVAAI/USDT,2026-07-20 00:40,0.010485,16.57,0.010717,0.010411,4.19,2.78,9,0.010275,0.010209,2.71,0.009289,12.87,2.991,0.008614,21.72,0.010478,False,-1.8705859896926895,-1.7656041229242332,-2.605459057071967,-6.346631036457345,-5.7071960297766875,1.8801297957625431,4.972322962397394
2026-07-20,AVAAI/USDT,2026-07-20 04:30,0.011278,18.64,0.011818,0.011461,4.83,1.79,7,0.011284,0.0105,7.41,0.010023,12.52,4.374,0.008885,26.93,0.011285,False,1.630482941958353,-0.044306601683649055,0.062029242357111755,11.218431546300396,11.174124944616748,9.233495790872837,25.71555161719096
2026-07-20,AVAAI/USDT,2026-07-20 06:05,0.011422,16.34,0.011658,0.01141,2.21,2.06,12,0.011395,0.010809,5.67,0.010368,10.16,4.43,0.00899,27.05,0.011428,False,6.107805390269519,10.386769338466928,9.712985649282462,12.94189709485475,7.236611830591541,22.549877493874703,26.08505425271264
2026-07-20,AVAAI/USDT,2026-07-20 06:35,0.010241,16.34,0.011776,0.011058,15.83,2.06,12,0.011154,0.010835,-5.48,0.010414,-1.66,3.729,0.009016,13.59,0.010241,False,1.5525827555902687,-0.7518796992481269,5.17527585196759,1.2498779416072614,0.029294014256415687,11.327018845815834,18.093936139048925
2026-07-20,BANK/USDT,2026-07-20 03:25,0.24167,33.76,0.254703,0.238964,6.64,7.29,19,0.233419,0.227343,6.3,0.204785,18.01,5.922,0.132503,82.39,0.24169,False,1.7832760974802353,-3.7817038354917494,-8.709503909967307,-0.6206297323017094,2.515619181596249,-18.854731267325924,-15.92949646241053
2026-07-20,BANK/USDT,2026-07-20 10:15,0.27165,23.83,0.284749,0.268695,7.58,5.81,15,0.259132,0.247917,9.57,0.234317,15.93,4.669,0.15758,72.39,0.27174,False,-2.3919923456244963,-4.879664385073966,-7.35261647162729,-4.323986163244292,-4.923824243762422,-5.4647825126959715,1.0340766909545813
2026-07-20,BANK/USDT,2026-07-20 11:45,0.28294,24.56,0.290131,0.2879,2.91,-1.89,9,0.282744,0.256882,10.14,0.241895,16.97,4.337,0.16411,72.41,0.28294,False,-2.039301618717748,-0.19438750265073687,-0.28981409486109677,-1.2264084258146508,-0.6114370537923071,-1.1380504700643248,4.421432105746809
2026-07-20,BANK/USDT,2026-07-20 17:00,0.27474,20.41,0.282237,0.277543,3.84,-0.24,19,0.279022,0.279073,-1.55,0.259598,5.83,2.753,0.186124,47.61,0.27469,True,-3.553096217554331,-0.9101168590046971,-2.624777021369542,-3.986311842440575,-4.1428519421893775,-6.225199315592124,6.793112235611057
2026-07-20,BLESS/USDT,2026-07-20 23:00,0.009762,11.91,0.009946,0.009771,1.89,5.72,29,0.009786,0.009277,5.23,0.009095,7.33,0.539,0.009119,7.05,0.009762,False,1.0653554599467314,0.6248719524687594,-0.34828928498257844,0.46097111247695044,-8.553575087072328,0.06146281499691725,3.6775250973161233
2026-07-20,BLESS/USDT,2026-07-20 23:30,0.009701,11.91,0.010057,0.009715,4.68,5.72,29,0.009793,0.009338,3.88,0.009107,6.52,0.546,0.009131,6.24,0.009697,False,-0.7837475507889003,-1.020934309580266,-1.3818706816541064,-2.9184283799112976,-6.579354439517372,-1.938743941425172,2.2171805713107133
2026-07-20,B/USDT,2026-07-20 00:40,0.2373,17.08,0.238753,0.2448,1.82,-3.46,15,0.245216,0.242045,-1.96,0.224304,5.79,3.364,0.17363,36.67,0.2373,True,0.0,1.8120522545301296,6.06826801517068,1.8963337547408359,2.7812895069532333,4.63548251158871,2.528445006321115
2026-07-20,B/USDT,2026-07-20 14:25,0.2383,12.04,0.2429,0.236186,3.33,2.8,22,0.234428,0.228392,4.34,0.232186,2.63,-0.637,0.202177,17.87,0.2384,True,-2.0134228187919456,-2.3909395973154406,-2.9362416107382576,-5.872483221476515,4.739932885906042,-1.8036912751677843,-1.1325503355704731
2026-07-20,KAITO/USDT,2026-07-20 03:20,0.983,5.12,0.994473,0.9795,1.66,2.08,11,0.971532,0.950611,3.41,0.949286,3.55,0.687,0.880019,11.7,0.983,False,-0.661241098677524,-0.2746693794506649,0.9257375381485247,4.9338758901322475,2.889114954221768,1.2105798575788425,0.6714140386571658
2026-07-20,MET/USDT,2026-07-20 05:35,0.151,8.39,0.1527,0.151386,1.24,0.0,9,0.150392,0.147183,2.59,0.141732,6.54,1.347,0.138341,9.15,0.1511,False,1.455989410986107,0.13236267372601304,-0.9927200529450703,-2.845797485109198,-5.029781601588349,-6.551952349437452,-5.559232296492382
2026-07-20,MET/USDT,2026-07-20 08:30,0.1573,9.94,0.1584,0.156493,1.33,1.8,14,0.155072,0.151716,3.68,0.144879,8.57,1.595,0.139722,12.58,0.1574,False,0.2541296060991178,1.9695044472681187,-0.7623888182973182,-0.3811944091486591,-2.033036848792872,-2.033036848792872,-6.54383735705208
2026-07-20,MET/USDT,2026-07-20 09:00,0.1543,9.94,0.1596,0.156593,3.63,1.8,14,0.155864,0.152143,1.42,0.145476,6.07,1.66,0.1399,10.29,0.1542,False,-1.2321660181582264,-2.8534370946822225,-2.8534370946822225,-2.4643320363164705,-3.372243839169898,-3.2425421530479928,-9.273670557717255
2026-07-20,MET/USDT,2026-07-20 12:30,0.1606,8.9,0.1617,0.1607,0.8,0.0,13,0.159976,0.155721,3.13,0.150319,6.84,1.96,0.141493,13.5,0.1607,False,1.0578718108276335,0.8089607965152602,0.3111387678904794,1.8046048537647876,0.06222775357810625,-4.355942750466695,-6.0360920970752865
2026-07-20,MET/USDT,2026-07-20 13:00,0.1594,8.9,0.1617,0.1601,1.79,0.0,13,0.16028,0.156273,2.0,0.150982,5.58,1.948,0.141711,12.48,0.1594,False,-0.18820577164367785,-0.5018820577164511,-0.37641154328733833,-0.5018820577164511,0.12547051442909535,-5.708908406524483,-4.705144291091598
2026-07-20,MET/USDT,2026-07-20 22:20,0.1689,10.43,0.171342,0.170236,1.95,1.36,19,0.16918,0.162272,4.08,0.159752,5.73,1.43,0.146356,15.4,0.1688,True,-1.8957345971563864,-1.1848341232227497,-0.05924170616113092,-0.5331753554502275,0.7109004739336532,-0.8886255924170623,1.7180094786729938
2026-07-20,MUU/USDT,2026-07-20 12:35,29.9,7.22,29.986364,29.939286,0.42,-0.43,11,29.8344,28.802323,3.81,28.35865,5.44,1.011,27.4576,8.9,29.89,False,2.241552358648383,1.472064235530282,-0.10036801605888637,2.107728337236531,-0.9367681498829078,4.750752760120447,1.8066242890598834
2026-07-20,MUU/USDT,2026-07-20 13:05,29.45,7.22,29.915455,29.653571,1.82,-0.43,11,29.786,28.854848,2.06,28.41315,3.65,0.958,27.48225,7.16,29.44,False,-0.7133152173912951,-1.630434782608697,-0.20380434782608262,1.3926630434782614,-1.596467391304344,2.547554347826087,-0.20380434782608262
2026-07-20,MUU/USDT,2026-07-20 16:45,30.07,6.16,30.262857,30.041429,1.03,1.72,14,29.6388,29.494444,1.95,28.80265,4.4,0.678,27.6914,8.59,30.1,False,0.7308970099667854,0.6312292358804029,1.6943521594684436,4.152823920265781,5.116279069767451,2.159468438538213,-2.65780730897009
2026-07-20,MVLL/USDT,2026-07-20 17:30,23.52,10.58,23.7,23.823571,0.8,-2.26,22,23.9968,23.156364,1.57,22.44865,4.77,1.069,21.626,8.76,23.52,False,0.2551020408163211,0.2551020408163211,0.46768707482992955,2.338435374149663,2.168367346938767,-0.5102040816326573,-4.676870748299326
2026-07-20,ON/USDT,2026-07-20 11:45,0.11493,8.3,0.129753,0.125822,12.6,3.07,17,0.1249,0.119507,-3.83,0.119744,-4.02,-0.041,0.110094,4.39,0.11493,False,-1.4182545897502763,-0.21752371008439939,-5.829635430261896,-10.180109631949872,-14.896023666579653,-28.47820412424955,-36.88332028191071
2026-07-20,ON/USDT,2026-07-20 15:35,0.13013,11.05,0.132589,0.130469,1.9,2.54,16,0.129109,0.123504,5.37,0.12001,8.43,0.659,0.1124,15.77,0.1301,True,-2.236740968485777,-6.5257494235203675,-9.615680245964638,-9.400461183704858,-13.866256725595697,-20.15372790161414,-21.67563412759416
2026-07-20,ON/USDT,2026-07-20 16:45,0.13874,22.27,0.144637,0.138694,5.14,8.25,14,0.135196,0.126339,9.82,0.121311,14.37,1.445,0.113488,22.25,0.13866,False,0.38944180008655177,-1.593826626280102,-4.565123323236696,-6.743112649646616,-7.529208135006494,-13.421318332612136,-8.171065916630612
2026-07-20,ON/USDT,2026-07-20 17:15,0.14087,22.27,0.149309,0.139661,6.98,8.25,14,0.137044,0.127489,10.5,0.12184,15.62,1.653,0.113945,23.63,0.14073,False,-1.9683081077240066,-3.027073118738019,-6.700774532793289,-6.494706174944937,-5.386200525829605,-7.397143466211897,-7.901655652668244
2026-07-20,ON/USDT,2026-07-20 18:45,0.14801,23.09,0.15017,0.147751,3.72,3.54,14,0.144533,0.131813,12.29,0.124416,18.96,2.56,0.115466,28.18,0.14838,True,-0.6335085591049983,-1.0041784607089845,0.4852405984634036,-0.4852405984634036,-0.4852405984634036,-2.062272543469456,-1.684863189109027
2026-07-20,ON/USDT,2026-07-20 21:35,0.14727,18.15,0.149496,0.149224,2.08,0.4,14,0.148468,0.140945,4.49,0.130886,12.52,3.668,0.118004,24.8,0.14712,False,0.23790103317019384,-0.5845568243610656,-1.4885807504078288,-6.253398586188136,-3.7316476345840095,-3.500543773790095,-7.714790647090809
2026-07-20,PROM/USDT,2026-07-20 04:50,1.658,11.56,1.695467,1.654071,2.86,-0.47,30,1.63388,1.654121,0.23,1.566605,5.83,2.009,1.403455,18.14,1.657,False,0.6638503319251732,2.112251056125523,4.103802051901029,-1.146650573325281,-3.802051901025947,-10.923355461677733,-33.6149668074834
2026-07-20,PROM/USDT,2026-07-20 07:35,1.661,6.39,1.681444,1.654286,2.41,3.59,18,1.63336,1.639081,1.34,1.605065,3.48,1.754,1.422225,16.79,1.66,False,1.024096385542163,-0.963855421686748,-5.0000000000000115,-5.240963855421699,-7.710843373493984,-46.686746987951814,-30.180722891566276
2026-07-20,PROM/USDT,2026-07-20 08:50,1.72,13.5,1.784933,1.723429,4.03,5.79,15,1.69248,1.655606,3.89,1.628035,5.65,2.123,1.433415,19.99,1.72,False,-1.2790697674418616,-0.40697674418605334,-3.8953488372092995,-5.872093023255813,-6.860465116279076,-28.72093023255814,-20.116279069767433
2026-07-20,PUMP/USDT,2026-07-20 01:25,0.002014,19.07,0.002041,0.002019,1.61,2.46,26,0.002012,0.00187,7.68,0.001764,14.14,2.564,0.001685,19.53,0.002014,False,0.1489572989076447,-0.7447864945382235,-0.8937437934458682,1.1916583912611791,2.1350546176762695,0.9433962264151118,3.7239324726911716
2026-07-20,PUMP/USDT,2026-07-20 08:30,0.001979,6.65,0.002,0.001996,1.5,0.45,19,0.001986,0.001994,-0.75,0.001905,3.86,1.998,0.001737,13.96,0.00198,False,-0.10101010101009252,0.45454545454544915,-0.9595959595959556,1.9191919191919222,1.262626262626255,-0.8585858585858631,-4.393939393939386
2026-07-20,PUMP/USDT,2026-07-20 09:00,0.001971,6.65,0.002003,0.001988,1.59,0.45,19,0.001986,0.001991,-0.99,0.001915,2.95,1.983,0.00174,13.28,0.001971,False,-1.0147133434804694,-1.4205986808726438,-0.8625063419584013,2.1816336884830068,0.10147133434806013,-0.6088280060882728,-2.2323693556570148
2026-07-20,PUMP/USDT,2026-07-20 19:10,0.002035,5.15,0.002069,0.002036,1.68,2.03,12,0.002019,0.001982,2.65,0.001981,2.71,-0.008,0.001806,12.66,0.002034,True,-1.52409046214357,-1.9665683382497596,-2.6548672566371794,0.5899705014749193,1.4749262536872982,0.6391347099311697,-1.1307767944936096
2026-07-20,PUMP/USDT,2026-07-20 20:15,0.002075,5.6,0.002097,0.002071,1.55,1.26,11,0.002058,0.002001,3.7,0.001985,4.54,0.217,0.001817,14.2,0.002075,False,0.38554216867470814,2.554216867469884,2.120481927710853,3.807228915662654,2.4578313253011967,1.7831325301204886,1.7831325301204886
2026-07-20,PUMP/USDT,2026-07-20 21:25,0.002021,5.67,0.002026,0.002033,0.55,-2.63,16,0.002052,0.002011,0.49,0.001989,1.59,0.391,0.001825,10.75,0.002021,False,0.6927263730826171,0.9401286491835686,0.04948045522017314,0.5442850074220548,-0.2474022761009515,-2.0781791192479155,0.7916872835230062
2026-07-20,PUMP/USDT,2026-07-20 21:55,0.002002,5.67,0.002006,0.002015,0.27,-2.63,16,0.002036,0.002015,-0.63,0.001991,0.57,0.377,0.001828,9.49,0.002002,False,0.04995004995003492,-0.8991008991009101,0.0,-1.298701298701298,-0.39960039960040933,-1.0989010989011148,-1.1988011988012064
2026-07-20,TOWNS/USDT,2026-07-20 21:05,0.002597,13.6,0.00266,0.002557,4.03,5.88,15,0.002507,0.002446,6.16,0.002357,10.19,1.418,0.002263,14.74,0.002595,False,0.6936416184971184,1.0789980732177358,6.859344894026982,6.628131021194615,4.354527938342977,13.102119460500964,17.53371868978806
2026-07-20,XVG/USDT,2026-07-20 08:15,0.002262,13.3,0.002323,0.002279,3.04,1.27,24,0.002265,0.002216,2.09,0.002185,3.51,1.316,0.002087,8.4,0.002261,False,-1.5922158337019023,1.8575851393188827,1.7249004865103925,3.4940291906236216,5.174701459531177,6.590004422821753,6.147722246793445
2026-07-20,YB/USDT,2026-07-20 01:20,0.09489,7.65,0.097004,0.094725,2.44,2.68,10,0.093332,0.093977,0.97,0.090743,4.57,1.279,0.082085,15.6,0.09491,False,1.9597513433779377,4.404172373827826,4.751870192814246,4.541144241913386,7.997049836687388,12.0745969866189,13.64450532083025
2026-07-20,YB/USDT,2026-07-20 01:50,0.09073,7.65,0.098516,0.09444,8.43,2.68,10,0.093444,0.093933,-3.41,0.090992,-0.29,1.255,0.082229,10.34,0.09073,False,1.543039788383113,0.36371652154746037,-0.34167309599910817,-1.532018075608937,2.5901025019288046,9.203130166427874,8.894522208751248
2026-07-20,ZEREBRO/USDT,2026-07-20 01:05,0.045458,25.38,0.047309,0.045964,5.14,2.06,8,0.045135,0.04311,5.45,0.040332,12.71,3.702,0.035917,26.56,0.045409,False,-2.776982536501586,-3.3958025941993917,-2.8826884538307485,-0.9227245700191652,16.44607897112906,18.727565020150188,17.11334757426942
2026-07-21,AIN/USDT,2026-07-21 11:50,0.0853,11.7,0.08559,0.086987,0.87,1.94,25,0.087118,0.082402,3.52,0.08251,3.38,0.649,0.079048,7.91,0.08546,True,-0.38614556517670356,0.12871518839222912,0.29253451907325095,-0.5733676573835764,-0.8542007956939018,2.1296512988532514,3.147671425228175
2026-07-21,AIOT/USDT,2026-07-21 18:55,0.04998,6.02,0.050342,0.050194,1.06,-0.08,10,0.049652,0.048447,3.16,0.047888,4.37,0.814,0.04624,8.09,0.05002,False,0.5197920831667399,0.1399440223910448,0.37984806077569505,-0.05997600959615216,-0.9996001599360264,-0.7596961215513762,-1.679328268692524
2026-07-21,BANK/USDT,2026-07-21 01:35,0.27176,6.87,0.296943,0.27984,8.65,8.03,17,0.275331,0.278561,-2.44,0.279101,-2.63,1.589,0.215262,26.25,0.27175,False,-3.661453541858331,-2.5464581416743264,2.653173873045076,2.4691812327506875,4.353265869365228,46.87396504139834,41.09659613615456
2026-07-21,BANK/USDT,2026-07-21 02:05,0.27867,6.87,0.304662,0.283602,8.87,8.03,17,0.277623,0.278568,0.04,0.279904,-0.44,1.57,0.216978,28.43,0.27868,False,0.6351370747811088,5.073919908138362,2.7666140376058546,4.761733888330704,12.081957801062144,48.159178986651355,37.688388115401175
2026-07-21,BULLA/USDT,2026-07-21 13:50,0.012043,10.36,0.012277,0.011959,2.65,7.12,17,0.011682,0.01113,8.2,0.01122,7.34,0.872,0.01026,17.37,0.01204,False,-1.0714285714285623,-1.2956810631229225,0.564784053156149,3.214285714285716,1.3704318936877093,0.6063122923588052,2.5332225913621236
2026-07-21,COAI/USDT,2026-07-21 12:25,0.3438,5.55,0.345836,0.345936,0.88,0.06,11,0.344316,0.333909,2.96,0.332287,3.46,0.493,0.317886,8.15,0.3438,False,0.5235602094240746,-0.02908667830133478,-0.8726003490401405,-0.6980802792321156,-0.7853403141361199,1.541593949970905,0.14543339150669007
2026-07-21,IREN/USDT,2026-07-21 01:20,41.53,8.25,41.752,41.430714,0.8,1.31,15,41.1988,40.668182,2.12,38.95885,6.6,2.203,35.47445,17.07,41.53,True,-0.6260534553334891,-0.3852636648206034,-0.31302672766673595,-0.7223693715386399,-1.0594750782566764,-1.3002648687695622,-0.4575006019744708
2026-07-21,IREN/USDT,2026-07-21 02:10,41.58,7.76,41.776,41.655,0.68,0.19,10,41.5152,40.776263,1.97,39.3183,5.75,2.222,35.59645,16.81,41.59,False,-0.04808848280835783,-0.24044241404182332,-0.43279634527530586,-1.130079345996631,-1.490742967059383,0.21639817263766148,-0.745371483529683
2026-07-21,IREN/USDT,2026-07-21 02:40,41.69,7.76,41.824,41.662143,0.46,0.19,10,41.6128,40.827677,2.11,39.5232,5.48,2.191,35.6771,16.85,41.71,False,-0.07192519779429665,-0.1438503955885933,-0.959002637257249,-1.1268280987772687,-1.2467034284344185,0.4555262526971895,-0.43155118676576293
2026-07-21,IREN/USDT,2026-07-21 04:40,42.18,6.63,42.5,42.225714,0.87,1.0,14,42.0304,41.27101,2.2,40.27605,4.73,1.905,36.011,17.13,42.16,False,0.33206831119543045,0.7115749525616631,0.09487666034155397,-0.16603415559772366,0.2846299810246619,1.209677419354834,0.4269449715370012
2026-07-21,ON/USDT,2026-07-21 00:10,0.15838,21.09,0.159868,0.157509,2.61,5.93,18,0.15387,0.148116,6.93,0.135969,16.48,2.917,0.120498,31.44,0.1582,False,0.07585335018963905,0.4108723135271881,5.530973451327438,5.638432364096087,1.4538558786346374,5.644753476611879,9.538558786346409
2026-07-21,ON/USDT,2026-07-21 09:50,0.158,7.85,0.159917,0.158851,1.28,0.13,24,0.156092,0.153848,2.7,0.15197,3.97,1.545,0.130479,21.09,0.15798,True,-8.171920496265335,-2.012913026965431,-7.671857197113553,19.59741739460692,9.273325737435115,12.818078237751626,13.27383213064946
2026-07-21,ON/USDT,2026-07-21 11:00,0.16496,21.23,0.176849,0.167314,9.23,9.27,14,0.163632,0.155998,5.74,0.153457,7.5,1.605,0.131988,24.98,0.16485,False,0.14558689717924794,10.2942068547164,22.34758871701546,15.432211101000902,12.550803760994835,16.66969972702457,26.994237185319985
2026-07-21,PTB/USDT,2026-07-21 00:35,0.0006675,15.37,0.000692,0.00068,4.86,0.66,8,0.000673,0.00063,5.93,0.000608,9.71,2.362,0.000582,14.65,0.0006672,False,3.552158273381292,5.740407673860897,5.350719424460424,3.327338129496403,10.401678657074335,10.431654676258988,10.941247002398072
2026-07-21,USELESS/USDT,2026-07-21 11:05,0.06615,5.21,0.067151,0.066506,1.54,0.69,7,0.066052,0.064838,2.02,0.064031,3.31,0.447,0.060491,9.35,0.06616,True,-0.16626360338573004,-0.4836759371221295,-0.7255139056832047,0.2569528415961359,2.1311970979443693,-0.9220072551390561,2.0405078597339634
2026-07-21,USELESS/USDT,2026-07-21 11:45,0.06631,5.29,0.066408,0.066491,0.34,-0.73,8,0.066438,0.065066,1.91,0.064151,3.37,0.492,0.060559,9.5,0.0663,True,-0.18099547511313574,-0.5279034690799443,0.5128205128205024,-0.42232277526395545,0.3318250377073876,-0.5580693815987864,2.126696832579177
2026-07-21,ZAMA/USDT,2026-07-21 10:35,0.03947,5.01,0.040089,0.040115,1.62,0.35,15,0.039846,0.038955,1.32,0.038801,1.72,0.218,0.037337,5.71,0.03948,False,0.5572441742654457,1.8237082066869261,2.3809523809523894,2.684903748733532,0.32928064842958,-1.3424518743667573,-1.3424518743667573
2026-07-21,ZEST/USDT,2026-07-21 04:30,0.25524,9.05,0.270126,0.266306,6.98,2.18,19,0.265167,0.261871,-2.53,0.251966,1.3,1.707,0.228558,11.67,0.25524,False,0.6464503996238992,0.23507287259052065,3.0716188685159116,3.5456824949067665,10.715405108917102,12.38442250430968,11.796740322833422
2026-07-22,CBRS/USDT,2026-07-22 03:00,206.29,5.04,207.195,206.787857,0.52,-0.04,14,206.8324,207.184343,-0.43,199.95375,3.17,1.477,184.58,11.76,206.27,False,0.6350899306733904,0.39753720851312435,0.4023852232510847,0.8290105201919852,1.5949968487904302,1.56590876036264,-7.01992534057303
2026-07-22,CBRS/USDT,2026-07-22 14:50,216.78,19.23,219.065,223.703571,1.76,8.02,20,216.8764,205.820909,5.32,205.76775,5.35,0.572,191.7913,13.03,216.83,True,-2.6518470691325,-2.453535027440849,-1.3789604759488912,1.037679287921413,4.874786699257492,3.2560070101000793,3.2698427339390315
2026-07-22,EPIC/USDT,2026-07-22 07:35,0.5815,7.83,0.586323,0.578343,1.5,2.33,26,0.570976,0.55361,5.04,0.546103,6.48,0.834,0.49191,18.21,0.5818,False,0.7562736335510415,4.31419731866621,4.1938810587830835,-0.37813681677552075,-6.187693365417675,-1.7188037126160207,-2.01100034376075
2026-07-22,EPIC/USDT,2026-07-22 08:05,0.5567,7.83,0.589392,0.575057,6.09,2.33,26,0.57426,0.555104,0.29,0.547048,1.76,0.891,0.493206,12.87,0.5571,False,0.125650691078807,-0.05385029617662304,-3.015616585891209,-9.352001436007884,-6.067133369233519,-6.031233171782438,-8.02369413031771
2026-07-22,EPIC/USDT,2026-07-22 08:35,0.5574,7.83,0.592462,0.566707,6.93,2.33,26,0.571748,0.555398,0.36,0.547484,1.81,0.762,0.494457,12.73,0.5573,False,-3.032478019020281,-2.9786470482684275,-4.790956396913682,-9.725462049165625,-9.151265027812656,-8.79239188946706,-8.218194868114113
2026-07-22,EPIC/USDT,2026-07-22 12:05,0.5909,14.31,0.632267,0.624321,7.62,-0.16,9,0.62172,0.582689,1.41,0.561658,5.21,1.888,0.506411,16.68,0.5908,False,9.275558564658084,-2.962085308056865,-2.6743398781313537,-2.809749492213957,0.01692620176032312,-1.86188219363575,-1.6756939742721768
2026-07-22,EPIC/USDT,2026-07-22 12:35,0.6083,14.31,0.6316,0.597443,7.08,-0.16,9,0.609172,0.583394,4.27,0.562563,8.13,1.619,0.508107,19.72,0.6082,False,1.1344952318316373,0.2630713581058755,0.4768168365669211,1.923709306149282,0.31239723775074196,0.8385399539625114,1.1016113120683868
2026-07-22,ESPORTS/USDT,2026-07-22 00:25,0.03056,16.98,0.030684,0.030384,1.15,0.56,8,0.030353,0.028571,6.96,0.026946,13.41,4.208,0.022985,32.95,0.03055,True,0.06546644844516918,-0.36006546644844184,2.389525368248777,0.3600654664484532,4.811783960720128,3.044189852700492,5.957446808510645
2026-07-22,ESPORTS/USDT,2026-07-22 11:45,0.03024,6.64,0.031046,0.030209,2.79,1.95,14,0.030054,0.029328,3.11,0.029508,2.48,1.345,0.02469,22.48,0.03024,False,1.4219576719576714,4.5634920634920615,3.902116402116404,4.100529100529094,0.6283068783068757,-0.7936507936507957,3.0423280423280445
2026-07-22,ESPORTS/USDT,2026-07-22 12:15,0.02886,6.64,0.031299,0.030091,9.14,1.95,14,0.029995,0.029344,-1.65,0.029569,-2.4,1.299,0.024782,16.45,0.02886,False,-0.5544005544005559,-0.6930006930006888,-1.8018018018018005,0.727650727650734,-6.029106029106024,-1.6632016632016675,-5.266805266805268
2026-07-22,MVLL/USDT,2026-07-22 16:25,27.28,8.62,27.868,27.351429,2.5,3.91,20,27.1968,25.448788,7.2,25.60115,6.56,0.251,25.12965,8.56,27.28,False,-0.036656891495593875,-0.21994134897360235,-0.5865102639296192,0.5131964809384185,0.0366568914956069,-4.252199413489737,-3.152492668621699
2026-07-22,MVLL/USDT,2026-07-22 21:50,27.34,8.8,27.902,27.542143,2.12,0.98,15,27.3688,27.151313,0.69,25.9186,5.48,0.763,25.53835,7.05,27.35,False,-0.10968921389395826,-0.2559414990859243,0.10968921389397125,-1.462522851919556,-2.2303473491773285,-1.9744058500914046,-2.010968921389386
2026-07-22,NBIS/USDT,2026-07-22 14:55,220.37,5.84,222.753333,222.794286,1.66,5.61,27,219.0544,213.313232,3.31,215.04715,2.48,0.013,202.20615,8.98,220.42,True,-1.274838943834499,-0.5217312403593166,-1.7512022502495301,-2.522457127302424,-2.1640504491425507,-1.7693494238272416,-2.876327012067872
2026-07-22,NBIS/USDT,2026-07-22 21:45,226.74,6.8,232.303846,226.785714,2.49,2.83,13,223.9768,223.99404,1.23,217.56025,4.22,0.467,207.7388,9.15,226.63,False,0.6574592948859415,1.244318933945194,1.178131756607681,0.08383709129417893,0.07942461280501559,0.5383223756784181,-0.19856153201253898
2026-07-22,NBIS/USDT,2026-07-22 22:15,223.81,6.8,235.234615,226.626429,5.13,2.83,13,225.5092,224.110303,-0.13,217.94915,2.69,0.591,208.15465,7.52,223.83,False,-0.0625474690613351,-0.058079792699814795,-0.12062726176114988,-0.8980029486663945,-0.6969575123977902,-0.5495241924674931,-0.7729080105437116
2026-07-22,NIGHT/USDT,2026-07-22 00:35,0.02388,17.66,0.024168,0.023855,1.81,1.22,10,0.02378,0.022442,6.41,0.021092,13.22,2.577,0.022318,7.0,0.02388,False,-0.6700167504187623,-2.3869346733668384,-2.680067001675049,-1.8006700167504182,1.088777219430485,6.448911222780569,10.762144053601338
2026-07-22,NIGHT/USDT,2026-07-22 01:25,0.02436,17.07,0.024686,0.024192,2.54,1.99,10,0.024024,0.022731,7.16,0.021352,14.09,2.763,0.022286,9.31,0.02436,False,2.3809523809523836,4.269293924466335,2.8735632183908013,0.574712643678166,4.269293924466335,8.41543513957307,13.054187192118222
2026-07-22,ONDS/USDT,2026-07-22 17:10,8.38,9.57,8.471667,8.447857,1.08,-0.59,12,8.4032,8.000202,4.75,7.85485,6.69,0.899,7.4311,12.77,8.39,False,0.3575685339690242,0.3575685339690242,3.2181168057211123,3.8140643623361177,4.410011918951144,3.8140643623361177,4.529201430274145
2026-07-22,ONDS/USDT,2026-07-22 17:40,8.36,9.57,8.446667,8.401429,1.03,-0.59,12,8.432,8.038889,3.99,7.8728,6.19,0.948,7.4461,12.27,8.38,False,0.5966587112171922,3.102625298329374,3.221957040572808,4.773269689737474,4.415274463007171,3.9379474940334136,4.415274463007171
2026-07-22,SMCI/USDT,2026-07-22 06:00,29.64,8.93,29.92,29.919286,0.97,-0.6,12,29.9628,30.12798,-1.62,28.1009,5.48,2.398,25.5906,15.82,29.64,False,0.2361673414305003,0.0,-0.033738191632921764,0.5060728744939343,-0.5735492577597778,-6.275303643724694,-4.2172739541160595
2026-07-22,SMCI/USDT,2026-07-22 17:35,31.29,7.42,31.346154,31.445,0.72,-1.38,26,31.606,30.43596,2.81,30.12185,3.88,0.456,26.9251,16.21,31.27,False,0.799488327470419,1.4070994563479413,1.0233450591621371,3.0700351774864116,0.9274064598656833,0.35177486408698255,0.7035497281739651
2026-07-22,SMCI/USDT,2026-07-22 18:05,30.83,7.42,31.244615,31.18,1.39,-1.38,26,31.446,30.51,1.05,30.1478,2.26,0.406,26.9909,14.22,30.82,False,-0.4542504866969519,-0.4218040233614504,0.25957170668397744,1.1680726800778696,0.22712524334847595,-0.8111615833874107,-0.4542504866969519
2026-07-22,SNXX/USDT,2026-07-22 18:30,17.72,7.31,18.027273,18.196429,2.2,-2.54,22,18.2676,17.482525,1.36,17.44775,1.56,-0.284,16.57515,6.91,17.71,True,-2.766798418972323,-3.783173348390729,-4.460756634669673,-5.64652738565782,-3.8396386222473162,-2.0327498588368123,-2.653867871259169
2026-07-22,SOXL/USDT,2026-07-22 22:35,160.58,7.48,161.946923,162.02,0.89,-1.68,26,162.6244,163.016162,-1.49,155.7773,3.08,0.807,153.05665,4.92,160.59,False,-0.4608007970608438,0.3487141166946897,-0.3487141166946897,-3.8109471324490967,1.2578616352201322,-0.11208668036615406,-0.9714178965066331
2026-07-22,STXX/USDT,2026-07-22 21:50,911.01,5.01,920.695294,914.742857,1.05,0.5,17,912.8588,909.419495,0.17,885.75895,2.85,0.353,865.2825,5.28,910.48,False,0.02965468763728822,0.0,0.4623934627888626,-0.31851331165978136,-0.4085756963360016,-0.06370266233194878,-1.4871276689218833
2026-07-22,STXX/USDT,2026-07-22 22:20,910.48,5.01,922.301176,912.945714,1.28,0.5,17,913.1464,910.053838,0.05,887.0235,2.64,0.422,866.3966,5.09,911.4,False,0.3829273644941858,0.5628703094140877,0.522273425499231,-0.5508009655475073,0.47180162387535163,0.10642966864165321,-1.657888962036429
2026-07-23,AIA/USDT,2026-07-23 12:30,0.07096,9.75,0.071644,0.071164,1.72,0.17,10,0.070251,0.066175,7.23,0.065923,7.64,0.588,0.061506,15.37,0.07096,True,0.4086809470123994,-1.352874859075539,-3.6358511837655003,-6.538895152198429,3.9036076662908608,10.97801578354001,11.034385569334823
2026-07-23,AIA/USDT,2026-07-23 15:30,0.07526,18.28,0.078733,0.076662,5.19,3.93,14,0.075658,0.070078,7.4,0.067411,11.64,1.664,0.062585,20.25,0.07533,False,1.1681932828886128,1.460241603610766,9.478295499800868,9.571219965485191,16.075932563387756,17.642373556352048,13.673171379264556
2026-07-23,AIA/USDT,2026-07-23 16:00,0.07423,18.28,0.080001,0.076306,8.01,3.93,14,0.075832,0.070646,5.07,0.067676,9.68,1.68,0.062744,18.31,0.07423,False,7.503704701603133,8.136871884682748,6.358615115182544,12.825003367910547,13.997036238717515,16.341101980331405,11.666442139296782
2026-07-23,ARX/USDT,2026-07-23 22:55,0.1714,6.69,0.17358,0.171529,1.43,1.41,10,0.170148,0.166713,2.81,0.163601,4.77,0.441,0.163525,4.82,0.1714,False,0.11668611435239541,-0.23337222870479082,-0.6417736289381504,-1.6336056009334872,-6.126021003500589,-5.5425904317386285,-3.908984830805141
2026-07-23,BANK/USDT,2026-07-23 12:30,0.25202,12.52,0.25739,0.252838,2.75,1.41,8,0.25208,0.245436,2.68,0.237434,6.14,1.645,0.195889,28.65,0.25203,False,0.5475538626353976,-2.460024600246018,-0.74594294330042,0.6784906558742966,-3.586874578423223,1.5434670475736925,-12.91116136967822
2026-07-23,BANK/USDT,2026-07-23 17:10,0.25948,8.41,0.264702,0.260194,2.29,1.71,13,0.257741,0.252941,2.59,0.246619,5.22,1.555,0.205551,26.24,0.25949,False,1.5800223515357017,2.8787236502369944,3.044433311495633,1.113723072180047,3.7843462175806373,-12.763497629966466,4.057959844309997
2026-07-23,BANK/USDT,2026-07-23 17:40,0.25202,8.41,0.266746,0.256984,7.24,1.71,13,0.257437,0.25289,-0.34,0.247038,2.02,1.351,0.206485,22.05,0.25204,False,1.0553880336454515,0.17854308839866925,-2.606729090620545,0.5554673861291908,-2.08300269798446,-14.200126963973968,0.730042850341219
2026-07-23,BANK/USDT,2026-07-23 18:10,0.25159,8.41,0.268791,0.252767,6.53,1.71,13,0.2562,0.253434,-0.73,0.247029,1.85,0.945,0.207324,21.35,0.25159,False,0.9062363368973237,-2.7902539846575882,-1.991335108708619,0.6160817202591502,-3.1797766206923996,-5.926308676815468,-2.873723120950759
2026-07-23,CAP/USDT,2026-07-23 08:15,0.02276,9.64,0.022955,0.022733,1.63,3.53,24,0.022427,0.022019,3.36,0.021338,6.66,1.088,0.020383,11.66,0.02277,False,1.4492753623188275,1.4053579270970462,0.3513394817742653,-0.39525691699604665,-3.0742204655248253,-2.415458937198076,-3.0742204655248253
2026-07-23,CAP/USDT,2026-07-23 09:55,0.02276,9.08,0.023041,0.022861,1.3,1.01,17,0.022726,0.02218,2.62,0.021555,5.59,1.231,0.020466,11.21,0.02277,True,-0.30742204655248406,0.2635046113306876,0.0,-1.5371102327624202,0.3513394817742653,-3.2059727711901695,-4.874835309617918
2026-07-23,CAP/USDT,2026-07-23 13:20,0.02309,8.02,0.023451,0.023205,1.63,0.04,14,0.023202,0.022693,1.75,0.022057,4.68,1.439,0.020719,11.44,0.02309,False,0.04330879168471023,0.1299263750541307,2.165439584235602,1.472498917280208,-4.287570376786493,-2.5552187093980088,-4.504114335210044
2026-07-23,CAP/USDT,2026-07-23 17:40,0.02372,7.9,0.024297,0.023976,3.16,0.5,9,0.023621,0.02309,2.73,0.02261,4.91,1.201,0.021038,12.75,0.02374,False,1.010951979780963,0.6318449873631038,-0.0842459983150766,1.137320977253578,-0.6318449873631038,-4.759898904802018,-7.118786857624265
2026-07-23,CAP/USDT,2026-07-23 18:10,0.02359,7.9,0.024377,0.02386,3.39,0.5,9,0.023774,0.023134,1.97,0.022651,4.14,1.105,0.021081,11.9,0.02358,False,-1.0602205258693818,-0.7633587786259525,0.8057675996607261,1.1450381679389288,-0.8057675996607261,-3.2654792196776925,-7.20949957591179
2026-07-23,CAP/USDT,2026-07-23 18:40,0.02376,7.9,0.024457,0.023711,3.18,0.5,9,0.023852,0.023193,2.45,0.022703,4.66,1.014,0.021127,12.46,0.02375,False,0.1684210526315867,1.5157894736842072,1.1789473684210483,-0.7578947368421036,0.3789473684210518,-2.1894736842105247,-7.6210526315789435
2026-07-23,DODOX/USDT,2026-07-23 03:15,0.020944,10.55,0.020964,0.020946,0.64,-0.96,9,0.020766,0.019824,5.65,0.019334,8.33,1.4,0.01776,17.93,0.020949,True,0.21003389183254045,1.9571339920759805,-2.5920091651152886,1.3079383264117617,7.900138431428709,7.904911928970345,6.52059764189221
2026-07-23,DODOX/USDT,2026-07-23 03:45,0.020539,10.55,0.020828,0.020912,1.9,-0.96,9,0.020817,0.019935,3.03,0.019407,5.83,1.441,0.017797,15.41,0.020547,False,-0.627828880128489,-4.599211563731939,-2.5453837543193614,3.221881539884165,6.4194286270501815,6.837981213802502,5.884070667250685
2026-07-23,EPIC/USDT,2026-07-23 15:30,0.6418,8.25,0.652425,0.642914,1.69,-0.05,8,0.633652,0.6118,4.9,0.605707,5.96,0.618,0.582175,10.24,0.6421,False,-0.21803457405387897,-0.3737735555209403,-1.6975548979909703,-1.2459118517364909,-0.26475626849400946,-0.6541037221616541,-1.3082074443233083
2026-07-23,EPIC/USDT,2026-07-23 23:20,0.6456,5.44,0.647888,0.647321,0.52,-0.14,16,0.646392,0.64593,-0.05,0.627445,2.89,0.95,0.599304,7.73,0.6454,False,-0.18593120545397876,-0.24790827393864984,-1.2550356368143782,-1.3170127052990492,-1.0845986984815628,0.7592190889370957,-7.034397273008987
2026-07-23,ERA/USDT,2026-07-23 04:45,0.10857,19.18,0.115367,0.110452,6.07,4.02,14,0.106908,0.099876,8.7,0.098448,10.28,0.58,0.097001,11.93,0.10854,False,0.8844665561083496,-0.08291873963516376,0.14741109268471853,-1.1424359683066199,3.436521098212638,8.651188501934767,10.871568085498426
2026-07-23,LAB/USDT,2026-07-23 11:05,0.1644,11.05,0.166718,0.16385,2.71,2.09,11,0.1626,0.156559,5.01,0.155607,5.65,0.066,0.150209,9.45,0.1645,False,0.5471124620060862,0.24316109422493096,1.3981762917933107,2.2492401215805526,6.869300911854105,6.2006079027355705,7.355623100303951
2026-07-23,LAB/USDT,2026-07-23 11:35,0.1641,11.05,0.168573,0.164536,3.6,2.09,11,0.163372,0.157139,4.43,0.155818,5.31,0.332,0.150564,8.99,0.1641,False,1.0968921389396686,1.157830591102977,1.8281535648994534,4.448507007921999,8.592321755027424,6.581352833638028,8.104814137720906
2026-07-23,ON/USDT,2026-07-23 00:00,0.17012,22.09,0.173032,0.168317,3.12,3.72,10,0.166706,0.1593,6.79,0.142276,19.57,4.558,0.141338,20.36,0.17019,False,3.496092602385575,1.698102121158707,2.0741524178858954,1.316176038545167,-1.7392326223632355,-3.666490393090073,-2.49720900170398
2026-07-23,ON/USDT,2026-07-23 00:30,0.1673,22.09,0.176728,0.168811,7.07,3.72,10,0.167446,0.160669,4.13,0.143903,16.26,4.633,0.141515,18.22,0.16717,False,-0.6759586050128564,0.30507866243943915,0.005981934557641922,0.19740384040200076,-4.00789615361607,-6.753604115570972,-6.227193874498997
2026-07-23,ON/USDT,2026-07-23 20:25,0.18303,9.6,0.18793,0.185716,2.64,0.79,21,0.185551,0.176833,3.5,0.176548,3.67,1.486,0.151106,21.13,0.18313,False,-1.4579806694697788,-1.9548954294763283,-1.4197564571615897,-2.986949161797632,-7.666684868672542,-3.877027248402787,-2.1514770927756235
2026-07-23,PHAROS/USDT,2026-07-23 02:55,0.4058,14.28,0.407592,0.409064,0.71,-1.11,13,0.4068,0.376161,7.88,0.368613,10.09,1.822,0.346175,17.22,0.4058,True,-0.7146377525874849,-1.5524889107935012,-0.8871365204534234,-2.636766880236567,-1.1089206505667826,11.951700344997533,12.124199112863485
2026-07-23,PHAROS/USDT,2026-07-23 04:30,0.4107,12.9,0.413605,0.411786,1.09,1.18,19,0.410016,0.38533,6.58,0.374,9.81,1.862,0.349224,17.6,0.4106,False,0.5358012664393657,-2.313687286897212,-0.8767657087189459,0.48709206039941594,5.723331709693136,13.054067218704343,12.201656113005367
2026-07-23,PHAROS/USDT,2026-07-23 06:10,0.4165,13.33,0.42212,0.415971,1.62,1.98,20,0.414308,0.395872,5.21,0.379224,9.83,1.695,0.351968,18.33,0.4166,False,1.5362457993278964,1.7522803648583842,5.784925588094097,7.753240518482969,11.97791646663466,15.050408065290455,11.28180508881422
2026-07-23,PHAROS/USDT,2026-07-23 06:40,0.4093,13.33,0.42458,0.413357,4.12,1.98,20,0.413836,0.398632,2.68,0.380573,7.55,1.627,0.352852,16.0,0.4092,False,-0.26881720430107275,4.081133919843595,6.109481915933534,6.085043988269803,11.436950146627568,12.854349951124153,8.528836754643203
2026-07-23,RE/USDT,2026-07-23 23:20,0.5566,12.95,0.56405,0.554614,1.75,1.04,8,0.553044,0.530004,5.02,0.501238,11.05,2.066,0.47245,17.81,0.5565,False,-0.41329739442946434,0.2695417789757315,-2.7313566936208433,-3.755615453728667,-14.15992812219227,-21.078167115902957,-14.519317160826592
2026-07-23,UB/USDT,2026-07-23 07:40,0.12098,6.12,0.122238,0.119852,2.09,2.55,13,0.118445,0.11602,4.28,0.114611,5.56,-0.014,0.109601,10.38,0.121,False,0.033057851239668076,-1.165289256198354,-0.7107438016528923,-5.36363636363636,-6.710743801652906,0.21487603305784822,-6.363636363636374
2026-07-23,UB/USDT,2026-07-23 11:05,0.13146,16.49,0.136522,0.131147,5.36,5.47,15,0.129014,0.120767,8.85,0.117135,12.23,1.574,0.111303,18.11,0.13146,False,0.6085501293168988,1.9397535371976242,0.6998326487144411,4.457629697246314,6.138749429484249,0.38034383082306444,1.6659059790050188
2026-07-23,UB/USDT,2026-07-23 19:35,0.12949,6.85,0.130963,0.129734,1.15,0.47,8,0.128605,0.125847,2.89,0.123475,4.87,1.31,0.114943,12.66,0.12948,False,1.0889712696941785,-1.3206672845226979,-3.521779425393868,-2.4250849552054183,-0.5560704355885066,5.15137472968799,14.110287303058392
2026-07-23,UB/USDT,2026-07-23 21:40,0.13242,8.16,0.133522,0.133425,1.41,-0.48,13,0.132308,0.126785,4.44,0.125623,5.41,1.68,0.116085,14.07,0.13241,True,-0.3096442866852909,-0.39271958311305244,-0.4380333811645625,1.5784306321274895,7.167132391813307,9.53855448984216,15.980666112831358
2026-07-23,ZAMA/USDT,2026-07-23 01:50,0.04823,11.67,0.048616,0.048339,1.51,-0.35,14,0.04816,0.045665,5.62,0.044271,8.94,1.85,0.041124,17.28,0.04824,True,-3.4203980099502465,-4.767827529021567,-5.410447761194033,-1.4510779436152554,-3.275290215588734,-7.234660033167496,-9.36981757877281
2026-07-23,ZAMA/USDT,2026-07-23 03:25,0.04979,14.78,0.050841,0.050587,2.11,-0.1,11,0.049768,0.047012,5.91,0.045055,10.51,2.154,0.041473,20.05,0.04981,False,0.4015257980325212,1.8470186709496028,0.5420598273439057,0.9837382051796776,0.10038144950813377,-8.010439670748847,-6.986548885765904
2026-07-23,ZAMA/USDT,2026-07-23 10:25,0.05156,10.08,0.052057,0.051454,1.19,-0.33,8,0.050746,0.050087,2.94,0.047949,7.53,2.239,0.043069,19.71,0.05156,True,-3.258339798293252,-2.4243599689681945,-4.344453064390998,-4.848719937936376,-2.191621411947244,-10.78355314197051,-2.4437548487199328
2026-07-23,ZAMA/USDT,2026-07-23 12:25,0.05406,11.42,0.054284,0.053694,1.44,1.5,19,0.053223,0.050871,6.27,0.049148,9.99,2.5,0.043612,23.96,0.05407,True,-1.017199926021827,1.2021453671166966,1.3316071758831114,2.5522470871093015,-1.2206399112261899,2.9776216016275203,-0.7767708525984774
2026-07-23,ZAMA/USDT,2026-07-23 13:25,0.05335,11.07,0.05406,0.053701,1.61,-0.22,12,0.053684,0.051349,3.9,0.049705,7.33,2.41,0.043908,21.5,0.05334,False,0.6186726659167547,0.9561304836895324,1.2185976752905847,0.09373828271466336,-3.5620547431571032,1.3873265841769735,-3.130858642669675
2026-07-23,ZAMA/USDT,2026-07-23 13:55,0.05283,11.07,0.054,0.053384,3.09,-0.22,12,0.053544,0.051572,2.44,0.049942,5.78,2.256,0.044052,19.93,0.05286,False,0.7188800605372653,0.3216042376087714,0.13242527430949796,-1.4566780174044645,-9.912977676882335,-0.5297010972379919,1.7404464623533813
2026-07-23,ZAMA/USDT,2026-07-23 17:25,0.05524,9.85,0.055498,0.055249,1.26,-0.71,13,0.054663,0.053329,3.58,0.051463,7.34,1.712,0.045121,22.43,0.05526,True,-0.9591024249004755,-5.139341295693091,-3.365906623235615,1.0314875135721935,4.813608396670278,0.452406804198323,8.396670285921097
2026-07-23,ZAMA/USDT,2026-07-23 18:30,0.05714,15.51,0.058041,0.056872,2.12,3.87,13,0.056192,0.05407,5.68,0.052025,9.83,1.896,0.045547,25.45,0.05716,False,3.9188243526942017,5.633310006997902,4.758572428271519,7.522743177046895,7.3652904128761465,13.400979706088172,8.747375787263827
2026-07-23,ZAMA/USDT,2026-07-23 19:00,0.05394,15.51,0.059033,0.056276,8.85,3.87,13,0.056023,0.054223,-0.52,0.052183,3.37,1.733,0.045693,18.05,0.05393,False,-1.3536065269794206,-0.9456703133691888,0.11125533098460515,1.5204895234563347,2.2065640645280857,6.768032634897089,7.083256072686811
2026-07-24,AKE/USDT,2026-07-24 06:55,0.0024878,20.32,0.002539,0.002484,3.33,0.73,12,0.00247,0.00233,6.76,0.002343,6.16,2.335,0.001993,24.8,0.0024878,True,2.5886325267304464,-0.1567650132647248,-0.42607926682208913,6.26256129913981,-6.186188600369795,-0.28941233218103307,-17.56572071709944
2026-07-24,AKE/USDT,2026-07-24 12:25,0.0027415,20.97,0.002803,0.00281,4.02,-2.64,9,0.002729,0.002507,9.37,0.002425,13.04,1.977,0.002083,31.64,0.0027421,True,1.4550891652383149,2.3667991685204814,3.610371612997343,8.777943911600596,0.6856059224681743,2.082345647496446,1.0247620436891465
2026-07-24,AKE/USDT,2026-07-24 12:55,0.0026772,20.97,0.002752,0.002761,3.38,-2.64,9,0.002765,0.002533,5.68,0.002438,9.83,2.419,0.002093,27.89,0.0026772,False,-0.06349917824594026,1.2737188106977446,6.566562079784843,6.805617809651874,-5.438517854474827,3.7576572538472934,-1.329747497385336
2026-07-24,AKE/USDT,2026-07-24 19:40,0.0024635,26.41,0.002806,0.002714,12.24,-6.29,19,0.002857,0.00272,-9.43,0.002575,-4.32,3.362,0.002211,11.42,0.0024635,False,-4.984777755226311,-6.70590623097219,-4.0592652729855825,-2.6304038968946557,-13.444286584128266,-10.274000405926529,-30.98843109397199
2026-07-24,AKE/USDT,2026-07-24 23:45,0.0026947,7.57,0.002842,0.002755,5.94,3.42,10,0.002728,0.002734,-1.45,0.002646,1.85,1.133,0.002288,17.78,0.0026951,False,-1.3246261734258329,-4.259582204741938,-1.6251716077325389,-1.5212793588363995,-0.563986494007641,-18.49653074097435,-22.084523765351925
2026-07-24,BANK/USDT,2026-07-24 12:35,0.29779,13.18,0.305561,0.296874,3.09,1.97,11,0.296571,0.277082,7.47,0.271551,9.66,1.953,0.243018,22.54,0.29779,False,0.22163269418046072,-1.5480707881392937,-1.1316699687699332,-0.35931361026227054,1.783135766815535,1.212263675744653,-0.5171429530877416
2026-07-24,BANK/USDT,2026-07-24 13:05,0.3024,13.18,0.308774,0.298294,3.42,1.97,11,0.296855,0.280067,7.97,0.273019,10.76,1.961,0.244266,23.8,0.30241,False,0.23147382692372404,0.4133461195066396,2.870275453854046,1.5574881783009795,2.986012367315908,2.668562547534811,0.5687642604411227
2026-07-24,BEAT/USDT,2026-07-24 05:35,3.137,7.63,3.219,3.171643,2.7,0.75,12,3.16604,3.062323,2.44,3.004675,4.4,1.364,2.76767,13.34,3.137,False,-2.19955371373924,-0.7969397513547947,-3.9846987567739878,-11.06152374880459,-13.069811922218685,3.124003825310802,-3.315269365635961
2026-07-24,BEAT/USDT,2026-07-24 08:55,3.512,14.48,3.535615,3.496286,1.94,0.57,13,3.46988,3.220808,9.04,3.10774,13.01,2.281,2.819895,24.54,3.512,True,-0.7972665148063789,-0.8542141230068282,3.473804100227787,14.69248291571754,13.382687927107067,6.605922551252854,9.282460136674262
2026-07-24,BILL/USDT,2026-07-24 05:40,0.031,9.61,0.031774,0.031329,3.06,1.12,16,0.031199,0.03092,0.26,0.029625,4.64,2.155,0.026949,15.03,0.03099,False,0.6776379477250786,2.0006453694740207,-0.41949015811551527,-2.6460148434978956,-1.2907389480477607,8.196192320103261,2.065182316876417
2026-07-24,BR/USDT,2026-07-24 05:05,0.16066,8.99,0.163479,0.161536,2.79,1.82,13,0.16073,0.156418,2.71,0.151178,6.27,1.911,0.150085,7.05,0.16031,False,8.439897698209727,9.712432162684797,9.949472896263503,7.441831451562594,8.034433285509326,8.209094878672575,11.608758031314338
2026-07-24,BR/USDT,2026-07-24 05:35,0.14474,8.99,0.164827,0.156155,12.57,1.82,13,0.157981,0.156081,-7.27,0.151531,-4.48,1.708,0.150007,-3.51,0.14452,False,-0.1937448104068658,0.11071132023250847,-3.7918627179629008,0.941046221976197,-2.428729587600322,-1.079435372266799,-1.0309991696650922
2026-07-24,CAP/USDT,2026-07-24 04:00,0.02461,8.54,0.025481,0.025188,3.89,3.38,15,0.02484,0.024178,1.79,0.023726,3.73,1.039,0.021931,12.21,0.02461,False,1.7066233238520936,2.031694433157255,2.1942299878098286,-2.8443722064201515,-5.323039414871998,-12.799674928890695,-11.905729378301498
2026-07-24,CAP/USDT,2026-07-24 04:30,0.02411,8.54,0.025813,0.024793,6.83,3.38,15,0.024775,0.024216,-0.44,0.023755,1.5,0.971,0.021965,9.77,0.0241,False,0.24896265560166397,0.12448132780082481,-3.6099585062240633,-5.3941908713692905,-7.883817427385888,-16.970954356846473,-15.31120331950207
2026-07-24,CAP/USDT,2026-07-24 07:40,0.02581,8.95,0.025901,0.025755,0.78,0.58,14,0.025597,0.024738,4.33,0.024177,6.75,1.401,0.022287,15.81,0.02581,True,-0.5811700891127503,0.23246803564510277,-0.5811700891127503,-4.455637349864401,-7.555211158465712,-8.446338628438594,-2.7508717551336646
2026-07-24,CAP/USDT,2026-07-24 10:10,0.02689,11.17,0.02718,0.026884,1.73,3.8,18,0.026493,0.025402,5.86,0.024627,9.19,1.457,0.022603,18.97,0.0269,False,0.1858736059479607,0.7806691449814195,-0.334572490706319,-3.122676579925652,1.8587360594795554,-0.11152416356876868,0.14869888475837115
2026-07-24,CAP/USDT,2026-07-24 13:15,0.02804,13.05,0.028184,0.028031,1.61,1.33,17,0.027822,0.02648,5.89,0.025339,10.66,2.061,0.02307,21.54,0.02805,True,-0.07130124777184547,0.17825311942958277,5.597147950089122,1.319073083778962,3.422459893048125,3.778966131907303,1.7825311942958895
2026-07-24,CAP/USDT,2026-07-24 13:45,0.028,13.05,0.028314,0.028041,1.22,1.33,17,0.02797,0.026687,4.92,0.025464,9.96,2.09,0.023142,20.99,0.02796,False,5.615164520743915,5.293276108726748,3.648068669527897,1.7882689556509315,3.969957081545064,3.18311874105865,3.18311874105865
2026-07-24,CLO/USDT,2026-07-24 22:00,0.1275,7.06,0.127813,0.12836,0.4,-0.68,9,0.128049,0.125142,1.88,0.12277,3.85,0.741,0.120445,5.86,0.12748,True,0.15688735487920122,-1.098211484154365,-2.290555381236255,-1.13743332287416,1.3806087229369401,-2.6043300909946576,-0.0862880451835574
2026-07-24,ESPORTS/USDT,2026-07-24 06:35,0.04116,20.66,0.042073,0.041849,2.48,-0.66,15,0.041684,0.040347,2.01,0.036052,14.17,3.922,0.031775,29.53,0.04115,False,-1.1421628189550381,-1.020656136087494,0.8019441069258736,-4.811664641555292,0.1215066828675612,-5.686512758201705,-11.20291616038883
2026-07-24,ESPORTS/USDT,2026-07-24 07:05,0.04157,20.66,0.041961,0.041531,1.17,-0.66,15,0.041789,0.040503,2.64,0.036382,14.26,3.899,0.031898,30.32,0.04156,False,0.5534167468719948,1.7805582290664042,5.991337824831567,2.8633301251203,1.4196342637151111,-5.486044273339743,-11.092396535129941
2026-07-24,ESPORTS/USDT,2026-07-24 09:20,0.04092,17.64,0.0411,0.041371,2.51,-3.5,10,0.041044,0.040841,0.19,0.037728,8.46,3.243,0.032455,26.08,0.04092,True,-0.9286412512219094,-1.9305962854349927,-0.8797653958944264,-0.513196480938421,-6.524926686217006,-10.80156402737048,-13.147605083088962
2026-07-24,ESPORTS/USDT,2026-07-24 18:10,0.04488,13.92,0.046273,0.045344,4.52,-1.98,18,0.046026,0.043832,2.39,0.042329,6.03,1.629,0.034948,28.42,0.04489,False,-1.0915571396747548,-1.158387168634439,-2.7845845399866365,-5.41323234573402,-2.9405212742258895,-2.5840944531075993,7.106259746045887
2026-07-24,ESPORTS/USDT,2026-07-24 18:40,0.04541,13.92,0.04596,0.04538,1.33,-1.98,18,0.045648,0.044086,3.0,0.042456,6.96,1.373,0.035101,29.37,0.04543,True,-1.0125467752586441,-1.5628439357252968,-2.7734976887519354,-3.4998899405679094,-3.9841514417785584,-1.8049746863306213,7.462029495927795
2026-07-24,HEI/USDT,2026-07-24 06:10,0.10449,8.19,0.106255,0.106154,1.66,-0.37,12,0.106016,0.103724,0.74,0.10024,4.24,1.36,0.09745,7.22,0.10449,False,-0.22968705139248166,-2.402143745812995,-0.6220690975212918,-1.052732318882193,-0.028710881424061866,1.8374964111398269,4.986123073978376
2026-07-24,LA/USDT,2026-07-24 05:00,0.06691,14.46,0.068811,0.069248,3.59,-0.56,16,0.069108,0.066608,0.45,0.064223,4.18,2.471,0.057778,15.81,0.0669,False,0.687593423019435,0.5979073243647198,0.20926756352765505,-1.106128550074745,0.17937219730940973,-6.771300448430481,-5.127055306427508
2026-07-24,LA/USDT,2026-07-24 05:30,0.0665,14.46,0.068665,0.067587,3.79,-0.56,16,0.068502,0.066655,-0.23,0.06453,3.05,2.334,0.057909,14.84,0.06651,False,0.24056532852201698,-0.37588332581566714,0.24056532852201698,-1.3832506390016601,-0.7968726507292178,-11.38174710569838,-5.653285220267628
2026-07-24,LA/USDT,2026-07-24 16:15,0.0743,13.4,0.0748,0.075183,1.72,-1.83,10,0.075239,0.070254,5.76,0.068715,8.13,1.742,0.061344,21.12,0.0743,False,4.468371467025577,5.208613728129204,4.212651413189781,5.639300134589501,7.335127860026931,8.142664872139973,13.701211305518179
2026-07-24,LA/USDT,2026-07-24 16:45,0.07043,13.4,0.07396,0.073107,5.15,-1.83,10,0.074389,0.070478,-0.07,0.068916,2.2,1.624,0.061517,14.49,0.07043,False,0.14198494959534694,-1.050688627005524,-0.29816839415020296,1.604429930427383,1.8032088598608647,5.097259690472823,6.00596336788302
2026-07-24,LA/USDT,2026-07-24 17:15,0.07117,13.4,0.07312,0.071514,3.76,-1.83,10,0.073202,0.070716,0.64,0.069118,2.97,1.467,0.061686,15.38,0.07116,False,1.2507026419336733,0.7307476110174347,1.4755480607082565,1.8268690275435575,3.091624508150657,7.138842046093312,8.7689713322091
2026-07-24,ON/USDT,2026-07-24 00:55,0.19151,10.08,0.192936,0.193421,0.79,-1.16,16,0.192659,0.18684,2.5,0.18035,6.19,1.083,0.155913,22.83,0.19165,False,-0.17740673102009236,-1.476650143490738,-0.3495956170101769,-0.6261414036003166,0.3965562222801894,0.913122880250443,-4.46647534568224
2026-07-24,POWER/USDT,2026-07-24 15:00,0.09613,8.96,0.097465,0.096116,2.32,1.1,13,0.09568,0.091856,4.65,0.089821,7.02,1.414,0.086569,11.04,0.0961,False,0.3329864724245586,0.8740894901144717,0.4994797086368451,6.628511966701353,5.483870967741947,7.11758584807492,2.726326742976078
2026-07-24,PROM/USDT,2026-07-24 01:55,1.859,13.71,1.909444,1.847714,3.48,5.21,18,1.81608,1.78096,4.38,1.691495,9.9,1.675,1.56741,18.6,1.859,True,-1.0758472296933845,-4.948897256589569,-5.486820871436262,9.57504034427111,8.92953200645508,16.299085529854757,11.941904249596556
2026-07-24,PROM/USDT,2026-07-24 19:15,1.838,10.1,1.8535,1.822786,1.7,2.16,18,1.80572,1.692101,8.62,1.686235,9.0,-0.412,1.638845,12.15,1.839,False,0.3262642740619905,2.0663404023926066,-1.794453507340954,-0.7069059271343189,0.217509516041327,0.38064165307231623,-2.0663404023926066
2026-07-24,RE/USDT,2026-07-24 07:00,0.6608,22.12,0.666231,0.654207,1.9,2.31,26,0.646792,0.61423,7.58,0.568655,16.2,3.675,0.505334,30.76,0.6608,True,-0.015133171912831261,-0.7112590799031365,-1.6343825665859444,2.5877723970944313,3.55629539951575,4.312953995157397,8.97397094430993
2026-07-24,RE/USDT,2026-07-24 07:50,0.6643,18.64,0.679,0.664986,2.18,1.26,6,0.658776,0.625489,6.2,0.577902,14.95,3.865,0.508837,30.55,0.6643,False,-0.7978323046816154,-0.556977269306042,3.4321842541020686,3.7934668071654376,4.230016558783684,8.956796628029505,11.094385066987805
2026-07-25,ACE/USDT,2026-07-25 02:25,0.1083,18.46,0.109499,0.108801,2.26,1.32,15,0.10784,0.104517,3.62,0.095416,13.5,3.468,0.087201,24.2,0.1083,False,1.2003693444136618,2.696214219759919,4.57063711911357,6.70360110803323,10.018467220683286,12.650046168051698,17.543859649122798
2026-07-25,AKE/USDT,2026-07-25 10:30,0.003198,23.74,0.00338,0.003226,5.92,3.64,23,0.003232,0.002984,7.17,0.002852,12.13,1.707,0.002535,26.16,0.0031963,False,-0.3441479210337002,0.976128648750114,-1.930356975252637,-2.5873666426805926,-4.686668960986135,0.21274598754810087,4.711697900697677
2026-07-25,AKE/USDT,2026-07-25 15:30,0.0032089,16.32,0.003249,0.003295,1.82,-3.22,11,0.003266,0.003241,-0.98,0.003016,6.4,2.54,0.002662,20.54,0.0032091,False,0.8164282820728582,0.7104795737122528,-0.4767691876227045,0.04050980025552603,0.37393661774328807,5.138512355489076,-6.662304072792999
2026-07-25,AKE/USDT,2026-07-25 16:00,0.0031863,16.32,0.00319,0.003225,0.94,-3.22,11,0.003261,0.00324,-1.67,0.003028,5.21,2.329,0.002674,19.17,0.0031863,True,-0.3609201895615675,-1.195744280199608,0.5398110661268483,0.1694755672723856,1.8579543671342982,4.14587452531149,-5.7307849229513925
2026-07-25,B2/USDT,2026-07-25 02:30,0.4414,9.96,0.4473,0.441186,1.83,0.63,7,0.437652,0.42193,4.61,0.408882,7.95,3.503,0.376652,17.19,0.4417,True,-0.6112746207833453,1.5395064523432134,1.2451890423364287,-0.09055920307901551,-11.161421779488343,3.0563731039166755,-0.4301562146253142
2026-07-25,B2/USDT,2026-07-25 03:50,0.4358,9.17,0.436487,0.4338,1.37,-1.99,16,0.437452,0.425978,2.31,0.414997,5.01,2.622,0.376132,15.86,0.4358,True,0.11473152822395603,-1.1014226709499704,-2.1569527306103633,-13.951353832033034,-10.692978430472689,-0.2983019733822781,-0.9178522257916483
2026-07-25,B2/USDT,2026-07-25 06:05,0.4825,18.44,0.5021,0.478279,5.16,1.28,6,0.462184,0.437981,10.16,0.425414,13.42,2.239,0.376566,28.13,0.4818,False,1.1623080116230788,-1.141552511415526,1.0792860107928566,-0.14528850145288053,3.3831465338314612,5.894562058945617,8.758821087588215
2026-07-25,BANK/USDT,2026-07-25 07:40,0.31776,10.05,0.319319,0.320044,0.82,-2.41,17,0.321374,0.308841,2.89,0.303314,4.76,0.932,0.27774,14.41,0.31779,True,0.11328235627301896,-1.8313980930803335,-1.6835016835016727,-1.5828062557034455,-1.4254696497687083,-0.050347713899113716,-7.989552849365923
2026-07-25,BANK/USDT,2026-07-25 09:55,0.32325,9.81,0.325572,0.325506,1.18,-0.3,18,0.323993,0.314628,2.74,0.306995,5.29,1.111,0.281289,14.92,0.32326,True,-1.800408340035882,-1.9210542597290086,-1.082719792117801,-0.14848728577616654,-3.5513209181463807,-7.671843098434692,-3.9411000433088006
2026-07-25,BANK/USDT,2026-07-25 15:30,0.33708,22.84,0.341346,0.343364,2.71,-1.89,9,0.339084,0.329062,2.44,0.318546,5.82,1.55,0.290533,16.02,0.33708,False,5.535777856888576,9.169929986946718,-2.6432894268423013,-3.049721134448799,-0.2966654800047469,-3.456152842055297,-10.798623472172775
2026-07-25,CHILLGUY/USDT,2026-07-25 07:15,0.011299,9.16,0.011361,0.011332,1.57,1.09,19,0.01121,0.01111,1.7,0.010735,5.26,1.303,0.010398,8.66,0.011297,False,0.13277861379126663,-0.7524121448172082,-0.9294502965389124,-6.072408604054181,-8.719128972293527,-9.39187394883597,-11.958927148800564
2026-07-25,CHILLGUY/USDT,2026-07-25 10:10,0.011984,11.73,0.012137,0.011994,2.28,0.5,9,0.011844,0.011288,6.17,0.011028,8.67,2.05,0.01047,14.46,0.011984,True,-1.7606809078771644,-2.8621495327102764,-1.7356475300400525,-0.8344459279038667,-3.8801735647530053,-8.135847797062752,-1.71061415220294
2026-07-25,CHILLGUY/USDT,2026-07-25 11:05,0.012139,11.21,0.012246,0.012142,1.48,0.85,11,0.012078,0.011421,6.29,0.011151,8.86,2.331,0.010506,15.55,0.012134,True,-0.6016152958628659,2.2251524641503306,0.5604087687489727,-1.697708917092464,-0.7746827097412115,-4.507994066260086,-1.8130871930113706
2026-07-25,CHILLGUY/USDT,2026-07-25 14:50,0.012169,10.61,0.012193,0.012318,2.22,-2.0,15,0.012297,0.011937,1.94,0.011501,5.81,1.396,0.010646,14.31,0.012158,True,-0.5757525908866498,-1.4311564402039711,-2.245435104457961,-2.9363382135219585,-3.9562428030926036,-1.2173054778746406,-4.581345616055274
2026-07-25,CHILLGUY/USDT,2026-07-25 16:50,0.012515,9.46,0.012598,0.012497,1.33,0.37,12,0.012419,0.012188,2.68,0.011655,7.38,1.339,0.01074,16.53,0.012516,False,0.5752636625119779,-0.2476829658037833,-0.22371364653244047,-0.9827420901246393,3.7551933525087886,-0.6471716203259924,-3.299776286353469
2026-07-25,CHILLGUY/USDT,2026-07-25 17:30,0.012513,9.46,0.012629,0.012515,1.09,0.37,12,0.0125,0.012248,2.17,0.011706,6.89,1.292,0.010777,16.11,0.012508,False,0.2318516149664176,-2.6223217141029753,-1.4950431723696807,-1.5909817716661299,2.5503677646306353,-1.2392069075791543,-5.21266389510713
2026-07-25,CHILLGUY/USDT,2026-07-25 18:50,0.012639,10.38,0.012768,0.012709,1.29,0.37,15,0.012621,0.012346,2.38,0.011838,6.77,1.567,0.010839,16.61,0.012636,False,-0.35612535612535534,-0.5539727761950033,-0.3877809433365023,4.66919911364356,2.6115859449192818,-0.6251978474200771,-3.292181069958845
2026-07-25,CLO/USDT,2026-07-25 06:25,0.12993,7.36,0.131006,0.131119,1.18,1.29,20,0.129827,0.128116,1.42,0.126641,2.6,0.862,0.124004,4.78,0.12996,True,-0.1615881809787748,1.9313634964604376,1.4542936288088666,4.055093875038471,4.324407510003067,3.878116343490296,2.716220375500158
2026-07-25,DEXE/USDT,2026-07-25 01:45,3.804,32.23,3.8926,3.929214,3.1,-4.81,15,3.92676,3.725333,2.11,3.315955,14.72,6.621,2.86125,32.95,3.805,False,-0.6570302233902736,-8.278580814717476,-8.699080157687252,-24.730617608409993,-30.82785808147174,-53.82391590013139,-14.244415243101189
2026-07-25,DEXE/USDT,2026-07-25 08:40,6.042,56.3,6.246615,6.077857,5.23,5.61,13,5.76836,4.80396,25.77,4.2372,42.59,9.27,3.037645,98.9,6.041,True,-5.777189207084908,0.0,0.5462671743088952,11.852342327429236,30.12746234067208,25.724217844727697,29.432213209733494
2026-07-25,DEXE/USDT,2026-07-25 23:25,4.705,7.05,4.778462,4.764,3.38,-1.01,13,4.71272,4.454202,5.63,4.747205,-0.89,-0.584,3.594525,30.89,4.705,False,4.463336875664186,3.4431455897980854,9.287991498405956,16.76939426142402,24.357066950053134,31.540913921360254,26.75876726886291
2026-07-25,DEXE/USDT,2026-07-25 23:55,4.543,7.05,4.755846,4.625143,6.07,-1.01,13,4.68836,4.451697,2.05,4.7233,-3.82,-0.843,3.61869,25.54,4.545,False,2.1342134213421238,6.0946094609460975,13.399339933993398,10.979097909790973,20.924092409240927,23.278327832783276,26.138613861386133
2026-07-25,ESPORTS/USDT,2026-07-25 01:25,0.04808,11.71,0.048601,0.048509,2.37,-0.23,25,0.048214,0.046829,2.67,0.045026,6.78,1.872,0.037485,28.27,0.04809,False,5.718444583073409,2.495321272613848,4.262840507381998,4.969848201289255,11.062590975254727,14.76398419629861,-13.100436681222707
2026-07-25,ESPORTS/USDT,2026-07-25 01:55,0.04689,11.71,0.048575,0.047341,5.73,-0.23,25,0.047976,0.046915,-0.05,0.045206,3.73,1.879,0.037651,24.54,0.04688,False,1.7704778156996532,1.7918088737201374,-0.14931740614334604,1.4718430034129613,8.233788395904428,14.441126279863479,-18.686006825938577
2026-07-25,EUL/USDT,2026-07-25 02:30,1.1341,13.32,1.153931,1.139436,2.35,1.28,13,1.126652,1.073785,5.62,1.037453,9.32,1.442,1.01062,12.22,1.1343,True,-1.4193775897029006,-2.4067706955831683,-7.863880807546499,-5.606982279820142,-28.290575685444765,-48.840694701578045,-46.275235828264115
2026-07-25,EUL/USDT,2026-07-25 04:20,1.2195,23.86,1.297336,1.243864,7.44,11.59,22,1.203964,1.113008,9.57,1.061488,14.89,2.451,1.019409,19.63,1.2189,False,1.3864960210025545,-1.2880465993928807,-0.5906965296578778,-18.07367298383788,-12.380014767413225,-41.72614652555582,-20.789236196570666
2026-07-25,EUL/USDT,2026-07-25 04:50,1.2346,23.86,1.333745,1.240671,9.19,11.59,22,1.220548,1.122801,9.96,1.068106,15.59,2.657,1.02161,20.85,1.2339,False,-1.272388362103902,0.6321419888159518,1.1103006726639149,-21.48472323527029,-15.446956803630773,-32.69308696004538,-21.006564551422326
2026-07-25,EUL/USDT,2026-07-25 07:30,1.4538,38.46,1.479827,1.4714,2.68,0.12,11,1.391688,1.218975,19.26,1.127451,28.95,4.607,1.042914,39.4,1.4538,False,1.073049938093277,-1.8640803411748608,4.869995872884852,-9.389186958316142,-14.33484660888705,1.7746595130004157,-14.802586325491818
2026-07-25,EUL/USDT,2026-07-25 08:00,1.4809,38.46,1.480809,1.468557,1.41,0.12,11,1.443872,1.242012,19.23,1.141162,29.77,5.14,1.047376,41.39,1.4814,True,6.703118671526929,6.642365330093158,0.8977993789658492,-11.077359254759006,-10.564331038207092,1.0530579181855042,-16.57891184015121
2026-07-25,EUL/USDT,2026-07-25 10:35,1.7036,48.88,1.763982,1.6727,5.32,17.02,17,1.57222,1.37471,23.92,1.221259,39.5,5.797,1.075071,58.46,1.703,True,-2.47210804462713,-0.07046388725777263,2.319436288901943,1.3916617733411658,3.4174985320023508,3.4644744568408785,0.258367586611859
2026-07-25,EUL/USDT,2026-07-25 21:15,1.6588,20.02,1.775318,1.7253,7.05,4.43,22,1.704956,1.60243,3.52,1.555548,6.64,3.935,1.208096,37.31,1.6588,False,-0.9344104171690286,-3.791897757414996,-3.1950807812876736,-7.445141065830716,-26.911020014468285,-42.82613937786353,-44.85772847841812
2026-07-25,EUL/USDT,2026-07-25 23:35,1.7881,15.81,1.857609,1.759657,5.41,5.28,11,1.733128,1.628473,9.8,1.613531,10.82,3.119,1.242008,43.97,1.7883,True,-10.143711905161327,-7.314209025331323,-14.018900631885039,-22.18307890175027,-16.5632164625622,-30.895263658222905,-41.363305933009
2026-07-25,GWEI/USDT,2026-07-25 01:45,0.02653,14.0,0.027564,0.026885,4.33,6.04,17,0.026373,0.026058,1.81,0.024473,8.4,3.113,0.022271,19.12,0.02654,False,0.8666164280331614,-0.2637528259231372,1.1303692539562986,-2.034664657121322,-5.04898266767143,-3.16503391107762,5.275056518462705
2026-07-25,GWEI/USDT,2026-07-25 02:15,0.02661,14.0,0.028114,0.026829,5.92,6.04,17,0.026559,0.026092,1.99,0.024635,8.02,3.046,0.0223,19.33,0.0266,False,1.691729323308267,1.3533834586466136,-1.2781954887218048,-7.9323308270676725,1.992481203007516,-0.5263157894736888,5.714285714285704
2026-07-25,GWEI/USDT,2026-07-25 05:15,0.02874,16.69,0.029776,0.028654,4.02,6.73,14,0.028037,0.026554,8.23,0.025787,11.45,3.26,0.022597,27.19,0.02874,False,1.6005567153792695,2.9923451635351532,9.290187891440508,4.488517745302724,3.3402922755741216,11.934585942936682,20.911621433542106
2026-07-25,HEMI/USDT,2026-07-25 01:05,0.005324,7.52,0.005458,0.005322,2.56,3.06,9,0.005264,0.005251,1.39,0.005063,5.15,0.851,0.004985,6.8,0.005326,False,-0.26286143447240184,-0.3004130679684639,1.8775816748028589,3.04168231318062,1.1077731881336843,6.3650018775816735,7.266241081487049
2026-07-25,SLX/USDT,2026-07-25 00:00,0.12054,6.79,0.122888,0.12189,2.22,1.96,17,0.12086,0.117886,2.25,0.116216,3.72,0.644,0.110864,8.73,0.12053,True,-2.082469094831161,-4.795486600846269,-6.960922591885844,-9.035094997096166,-8.404546585912222,-3.6173566746868024,3.4265328134074466
2026-07-25,SLX/USDT,2026-07-25 03:00,0.12539,13.11,0.12961,0.129847,4.68,-1.12,14,0.129747,0.122136,2.66,0.118412,5.89,1.362,0.11198,11.98,0.12539,False,-2.7514155833798615,-3.1342212297631304,-4.202886992583138,-1.2919690565435924,1.746550761623732,7.169630752053591,5.997288460004784
2026-07-25,SLX/USDT,2026-07-25 03:30,0.12932,13.11,0.12898,0.128407,0.5,-1.12,14,0.129548,0.122857,5.26,0.118771,8.88,1.359,0.112158,15.3,0.12931,True,0.2861340963575974,-1.0440027840074162,1.1677364472972014,2.7144072384193123,3.162941767844722,10.339494238651307,6.6197509860026384
2026-07-26,1000CAT/USDT,2026-07-26 01:40,0.001416,15.24,0.001426,0.001463,1.94,-2.19,19,0.001468,0.001431,-1.04,0.001369,3.42,1.682,0.001313,7.82,0.001416,False,0.0,-1.2005649717514186,-2.048022598870068,-1.7655367231638464,0.423728813559317,0.423728813559317,2.1892655367231635
2026-07-26,1000SHIB/USDT,2026-07-26 03:10,0.005281,13.04,0.005325,0.005292,1.21,-0.36,6,0.005173,0.004989,5.86,0.004767,10.79,2.468,0.004372,20.78,0.00528,True,-0.35984848484848336,-1.8750000000000024,-0.5871212121212079,-6.041666666666664,-8.087121212121218,-2.3295454545454515,3.087121212121211
2026-07-26,1000SHIB/USDT,2026-07-26 07:40,0.005628,15.44,0.005732,0.005684,1.9,-0.57,17,0.005682,0.005323,5.73,0.005105,10.24,3.241,0.004499,25.11,0.005627,False,0.7819441976186203,0.6397725253243369,1.24400213257508,3.038919495290566,4.300693086902435,7.4817842544873,5.882352941176465
2026-07-26,1000SHIB/USDT,2026-07-26 08:10,0.005591,15.44,0.00572,0.005644,2.61,-0.57,17,0.005654,0.005366,4.19,0.005138,8.83,2.986,0.004513,23.89,0.005592,False,-1.108726752503584,0.6258941344778155,0.8047210300429166,3.934191702432041,3.2010014306151553,7.439198855507863,4.935622317596555
2026-07-26,AKE/USDT,2026-07-26 02:15,0.0032493,5.07,0.003305,0.003246,1.91,6.34,18,0.003171,0.003135,3.66,0.003185,2.01,-0.159,0.002833,14.7,0.0032494,True,-0.6247307195174495,-2.5204653166738535,-3.6437496153135913,-5.339447282575246,4.191543054102294,3.8191666153751407,4.0376684926448005
2026-07-26,AKE/USDT,2026-07-26 04:20,0.0033853,8.87,0.003435,0.003398,1.92,1.0,12,0.003364,0.00318,6.47,0.003203,5.69,0.534,0.002878,17.61,0.0033845,False,0.2393263406707057,0.9898064706751398,5.702467129561236,8.45324272418378,5.6670113753877915,8.015955089378044,6.444083321022299
2026-07-26,BANK/USDT,2026-07-26 02:45,0.36421,13.95,0.370696,0.370927,1.99,-1.58,17,0.369511,0.34937,4.25,0.341919,6.52,1.605,0.310666,17.24,0.36424,False,0.11530858774435303,-1.9437733362617986,-5.935646826268387,0.7549967054689298,2.5395343729409126,-4.5272347902481895,-0.4227981550625922
2026-07-26,BLESS/USDT,2026-07-26 15:05,0.008848,5.89,0.008926,0.008854,0.96,-0.2,12,0.008816,0.008657,2.21,0.008526,3.77,1.22,0.00814,8.7,0.008851,True,-0.5310134448084982,-0.7569766128121239,-1.1411139984182623,-1.4348661168229622,-0.4745226528075966,0.7795729296124688,0.045192633600709485
2026-07-26,DEXE/USDT,2026-07-26 00:00,4.505,7.05,4.752077,4.614214,6.53,-1.01,13,4.68332,4.450949,1.21,4.717965,-4.51,-0.911,3.63031,24.09,4.504,False,3.7966252220248533,8.725577264653637,12.12255772646535,6.7495559502664175,18.561278863232673,21.758436944937827,28.24156305506216
2026-07-26,DIA/USDT,2026-07-26 10:40,0.1471,30.8,0.151912,0.147986,3.76,4.79,17,0.144552,0.134712,9.2,0.120998,21.57,4.724,0.106492,38.13,0.1471,False,-0.40788579197823893,5.098572399728081,4.0108769544527645,4.078857919782465,14.615907545887163,7.95377294357581,4.962610469068661
2026-07-26,ESPORTS/USDT,2026-07-26 00:40,0.06072,28.94,0.063237,0.063154,4.23,4.51,22,0.061933,0.059178,2.61,0.052542,15.56,4.937,0.046587,30.34,0.06072,False,0.955204216073788,6.159420289855073,6.538208168642953,12.845849802371543,22.08498023715416,8.448616600790517,45.76745718050066
2026-07-26,EUL/USDT,2026-07-26 09:00,2.3603,33.05,2.407933,2.402636,2.91,-0.51,12,2.387024,2.282892,3.39,1.985493,18.88,5.506,1.481457,59.32,2.3602,True,-1.8091687145157174,-3.241250741462598,-0.8728073892043028,-0.216083382764177,-4.88517922209982,0.241504957207018,-0.8007795949495959
2026-07-26,EUL/USDT,2026-07-26 12:30,2.5092,25.17,2.5223,2.532407,1.62,-1.25,11,2.470168,2.409234,4.15,2.168771,15.7,4.878,1.583486,58.46,2.5092,False,1.171688187470105,1.3430575482225438,-0.3188267176789418,12.3186673043201,3.7741112705244704,3.03682448589192,17.611190817790533
2026-07-26,EUL/USDT,2026-07-26 13:00,2.4755,25.17,2.5049,2.49405,2.1,-1.25,11,2.495852,2.427785,1.97,2.191042,12.98,4.771,1.598217,54.89,2.4756,True,1.021974470835357,-1.6804007109387569,1.409759250282757,8.652447891420259,4.891743415737607,3.8980449184036114,16.04459524963646
2026-07-26,LIGHT/USDT,2026-07-26 00:00,0.1513,8.81,0.153162,0.152557,1.54,0.26,13,0.151888,0.14772,2.42,0.142289,6.33,1.553,0.134896,12.16,0.1513,False,-0.7931262392597532,-0.8592200925314101,0.5948446794448012,-2.8420356906807656,-6.278916060806352,-2.048909451421031,-3.7012557832121753
2026-07-26,LIGHT/USDT,2026-07-26 03:50,0.1619,13.32,0.163837,0.162236,1.24,4.48,19,0.15986,0.153584,5.41,0.14724,9.96,2.087,0.137035,18.15,0.1618,False,2.2867737948084113,-0.3090234857849199,-0.2472187886279428,3.275648949320148,3.2138442521631707,4.14091470951793,9.517923362175523
2026-07-26,LIGHT/USDT,2026-07-26 04:20,0.1623,13.32,0.166047,0.161793,3.1,4.48,19,0.161036,0.154314,5.18,0.14796,9.69,2.141,0.137335,18.18,0.1622,False,0.3082614056720101,0.0,-0.12330456226879036,1.1097410604192501,3.3908754623921116,3.267570900123304,10.419235511713932
2026-07-26,LQTY/USDT,2026-07-26 16:40,0.1922,6.16,0.19362,0.192207,0.84,0.31,10,0.190312,0.1839,4.51,0.182873,5.1,0.517,0.176087,9.15,0.1922,False,0.6243496357960492,0.5202913631633719,-1.0926118626430754,0.0,-1.248699271592084,-2.4973985431841825,-1.9250780437044646
2026-07-26,LQTY/USDT,2026-07-26 18:05,0.1914,7.02,0.196009,0.193243,3.27,2.04,11,0.19262,0.185985,2.91,0.183938,4.06,0.755,0.176886,8.21,0.1912,False,-0.3661087866108673,-0.20920502092049356,-1.6736401673640064,-2.719665271966518,-2.562761506276144,-2.7719665271966525,-3.03347280334728
2026-07-26,LQTY/USDT,2026-07-26 18:35,0.1916,7.02,0.198136,0.1929,3.55,2.04,11,0.192564,0.186618,2.67,0.184256,3.99,0.783,0.177149,8.16,0.1918,False,-0.9384775808133452,-1.355578727841497,-1.668404588112622,-1.9290928050052183,-2.4504692387904115,-2.3983315954118836,-1.6162669447340936
2026-07-26,LQTY/USDT,2026-07-26 20:20,0.1947,6.76,0.197691,0.195714,1.82,0.82,11,0.194508,0.189689,2.64,0.185732,4.83,0.897,0.178151,9.29,0.1947,False,-0.4108885464817643,-1.1299435028248483,-2.2085259373394956,-0.7190549563430839,-1.0272213662044178,-3.2871083718541283,0.5649717514124384
2026-07-26,LQTY/USDT,2026-07-26 23:10,0.1982,6.88,0.1999,0.197621,1.25,0.35,14,0.1977,0.194459,1.92,0.188298,5.26,0.934,0.179855,10.2,0.1982,False,0.5549949545913169,0.10090817356204743,1.2108980827446951,-0.35317860746720803,0.40363269424823167,1.9172552976791108,3.9354187689202695
2026-07-26,LQTY/USDT,2026-07-26 23:40,0.198,6.88,0.2002,0.198107,1.8,0.35,14,0.1976,0.194963,1.56,0.188669,4.95,0.855,0.180176,9.89,0.198,False,-0.10101010101008989,1.1111111111111147,0.5050505050505054,0.4545454545454605,-0.050505050505044946,1.9696969696969768,3.4343434343434343
2026-07-26,PEOPLE/USDT,2026-07-26 09:10,0.006046,10.03,0.006089,0.006147,1.01,-1.22,18,0.006141,0.005878,2.87,0.005744,5.25,1.703,0.005411,11.73,0.006046,False,1.1577902745616895,1.0585511081706884,2.315580549123393,3.539530267945745,2.944095269599739,-0.21501819384717155,1.4555077737347073
2026-07-26,PEOPLE/USDT,2026-07-26 09:40,0.005982,10.03,0.006064,0.006045,1.51,-1.22,18,0.006106,0.005899,1.41,0.005759,3.87,1.486,0.005418,10.41,0.005982,False,0.46807087930458446,1.2704781009695845,1.9224339685723921,0.9862922099632234,0.2841858910063611,-0.33433634236041543,-1.7719826145101858
2026-07-26,PROM/USDT,2026-07-26 04:55,2.03,6.02,2.065545,2.026643,2.06,3.48,11,2.01896,1.960424,3.55,1.96886,3.11,0.114,1.849845,9.74,2.03,False,2.6108374384236317,2.2167487684728924,4.876847290640383,5.32019704433497,6.945812807881764,6.25615763546797,2.758620689655164
2026-07-26,PTB/USDT,2026-07-26 02:00,0.0007128,7.59,0.000725,0.000725,1.63,0.04,19,0.00072,0.000708,0.72,0.000698,2.12,1.66,0.000641,11.18,0.0007134,False,1.8923465096719863,1.317633865993834,0.7709559854219191,6.728343145500417,8.943089430894313,8.901037286234928,8.354359405663029
2026-07-26,PTB/USDT,2026-07-26 02:30,0.000704,7.59,0.000725,0.000712,3.03,0.04,19,0.000718,0.000708,-0.63,0.0007,0.6,1.511,0.000642,9.6,0.000704,False,0.26988636363636254,-0.5539772727272786,5.9090909090909145,5.852272727272731,10.042613636363628,7.116477272727269,7.812500000000005
2026-07-26,Q/USDT,2026-07-26 00:05,0.024292,15.25,0.024489,0.024361,1.23,0.95,17,0.024197,0.023013,5.56,0.021663,12.14,2.499,0.020327,19.51,0.024292,False,0.6298369833690118,-1.0620780503869496,-0.26757780339205944,3.754322410670178,-1.6425160546682038,-3.0339206323069243,5.034579285361444
2026-07-26,Q/USDT,2026-07-26 02:00,0.024353,16.57,0.025162,0.024785,3.47,1.91,22,0.02467,0.023761,2.49,0.022196,9.72,2.565,0.020529,18.63,0.02435,False,4.558521560574948,2.217659137576997,1.6550308008213575,-0.9363449691991746,-3.178644763860371,0.32854209445585303,5.388090349075978
2026-07-26,Q/USDT,2026-07-26 02:30,0.02381,16.57,0.02529,0.024254,7.4,1.91,22,0.024466,0.02382,-0.04,0.022296,6.79,2.423,0.020572,15.74,0.023806,False,-0.5838864151894491,-0.5922876585734637,-2.2809375787616495,-3.7511551709652946,-3.7343526841972645,-1.7096530286482299,5.023943543644456
2026-07-26,Q/USDT,2026-07-26 06:30,0.024695,10.81,0.02512,0.024917,2.04,0.25,12,0.024885,0.024472,0.91,0.023326,5.87,2.355,0.02096,17.82,0.024683,False,-0.8507879917351958,0.012154114167643847,0.3808289105862348,0.34436656808330324,1.904144552931174,8.398492889843205,8.167564720657944
2026-07-26,VVV/USDT,2026-07-26 07:35,14.17,10.16,14.332348,14.354643,1.24,1.83,23,14.2928,13.622899,4.02,13.486715,5.07,0.935,12.750225,11.14,14.169,False,-0.23290281600677165,-0.5152092596513543,-1.2986096407650451,-2.7807184698990763,-0.6351894982002954,0.09174959418448655,3.140659185545912
2026-07-26,龙虾/USDT,2026-07-26 18:55,0.018422,6.98,0.018536,0.018492,0.87,-0.12,11,0.018249,0.017798,3.51,0.017574,4.83,0.634,0.016985,8.46,0.018398,False,0.021741493640615995,-0.48374823350363516,-1.4947276877921376,-4.190672899228162,-5.707142080660935,-4.9353190564191705,-6.261550168496576
2026-07-26,龙虾/USDT,2026-07-26 21:25,0.019469,12.1,0.01968,0.019435,1.57,4.79,16,0.019089,0.018201,6.96,0.017823,9.24,1.241,0.01713,13.66,0.019482,False,-0.3593060260753548,-0.42603428806077276,0.4055025151421785,1.5912124011908315,0.10779180782260643,1.0984498511446408,0.9239297813366165
2026-07-26,龙虾/USDT,2026-07-26 21:55,0.019565,12.1,0.020015,0.019433,3.41,4.79,16,0.019338,0.018316,6.82,0.017891,9.35,1.43,0.017166,13.98,0.019583,False,1.7157738855129425,0.9191645815247899,0.6893734361435924,1.34810805290303,0.4493693509676825,1.94556503089414,1.3225757034162222
2026-07-26,龙虾/USDT,2026-07-26 22:45,0.01935,11.04,0.019638,0.019479,1.93,0.32,16,0.019434,0.018494,4.63,0.018,7.5,1.474,0.017234,12.28,0.019384,False,0.4436648782500994,2.0687164671894274,0.1857201815930553,1.0782088320264,0.3972348328518222,-0.9492364836978959,-1.2329756500206517
2026-07-27,4/USDT,2026-07-27 04:55,0.010094,11.14,0.010132,0.010052,1.61,0.21,14,0.009987,0.009851,2.47,0.009257,9.04,2.027,0.00863,16.96,0.010097,True,0.5843319797959793,0.7229870258492637,3.0702188768941223,5.348123204912356,8.309398831336035,3.4564722194711335,1.4162622561156855
2026-07-27,4/USDT,2026-07-27 05:25,0.010024,11.14,0.010141,0.010027,1.28,0.21,14,0.010042,0.009839,1.88,0.009305,7.73,2.101,0.008648,15.92,0.010026,False,0.8078994614003538,2.3838021145022905,3.1617793736285615,5.066826251745459,6.03431079194095,5.016955914621982,1.486136046279671
2026-07-27,4/USDT,2026-07-27 18:45,0.00974,5.69,0.009888,0.009927,2.57,-0.9,15,0.00991,0.009724,0.17,0.009698,0.43,0.211,0.009029,7.88,0.009743,True,-1.7345786718669889,-0.6671456430257705,-0.47213383967977934,2.8738581545725213,5.757980088268508,7.400184748024216,7.533613876629378
2026-07-27,BOME/USDT,2026-07-27 02:30,0.0005446,7.63,0.000553,0.000547,1.58,1.98,11,0.000541,0.000531,2.64,0.000519,4.96,0.466,0.000474,14.81,0.0005446,False,3.3051781123760566,4.406904149834748,5.306647080426,4.296731546088877,2.6257803892765272,3.231729709878809,2.937936099889839
2026-07-27,B/USDT,2026-07-27 03:45,0.1888,10.18,0.1942,0.1918,3.09,0.47,9,0.19138,0.183623,2.82,0.178373,5.85,2.662,0.167115,12.98,0.1889,False,-1.3763896241397517,-2.3292747485441962,-6.405505558496559,-1.799894123875059,1.8528321863419814,-0.5293806246691376,0.158814187400753
2026-07-27,B/USDT,2026-07-27 05:05,0.1974,12.55,0.204033,0.198257,3.59,5.09,12,0.1952,0.186448,5.87,0.181828,8.56,2.821,0.16777,17.66,0.1974,False,-0.7598784194528883,2.0770010131712224,1.469098277608909,2.8368794326241105,6.686930091185406,5.825734549138796,5.369807497467071
2026-07-27,CAP/USDT,2026-07-27 16:30,0.02348,10.31,0.023879,0.023544,1.71,3.07,18,0.023235,0.022558,4.09,0.022036,6.55,0.476,0.021704,8.18,0.02349,True,-0.38314176245210646,-1.0642826734780766,-0.4257130693912277,-0.21285653469560648,-2.5968497232865024,-2.128565346956153,-8.04597701149425
2026-07-27,CAP/USDT,2026-07-27 17:00,0.02374,10.31,0.024116,0.023695,2.47,3.07,18,0.02341,0.022704,4.57,0.022064,7.6,0.485,0.021715,9.33,0.02373,False,-0.3371260008428159,0.5899705014749315,0.8006742520016967,1.053518752633798,-1.7699115044247797,-1.8120522545301296,-6.700379266750938
2026-07-27,CAP/USDT,2026-07-27 20:30,0.0241,10.2,0.024185,0.024121,0.81,1.9,20,0.023873,0.023374,3.11,0.022455,7.33,1.237,0.021773,10.69,0.0241,True,-0.8713692946058024,-0.20746887966805574,-1.3278008298755222,-1.6597510373444029,0.4564315352697053,-5.3112033195020745,-3.8174273858921195
2026-07-27,CAP/USDT,2026-07-27 22:40,0.02442,10.05,0.024873,0.024414,2.1,2.02,20,0.024328,0.023767,2.75,0.022892,6.67,1.804,0.021847,11.78,0.02443,False,0.7367990176013082,0.9414654113794557,1.0642652476463357,0.28653295128940076,-1.923864101514524,-0.5730659025788015,2.3741301678264453
2026-07-27,CAP/USDT,2026-07-27 23:10,0.0242,10.05,0.025021,0.024376,3.32,2.02,20,0.024361,0.023851,1.46,0.022996,5.24,1.881,0.021866,10.67,0.02419,False,0.12401818933443066,0.08267879288962045,-0.9921455146754884,1.1988424968995395,-1.5295576684580356,-1.8189334435717215,1.2401818933443496
2026-07-27,DIA/USDT,2026-07-27 03:55,0.1624,21.7,0.164745,0.162236,3.61,0.49,11,0.15818,0.143679,13.03,0.13962,16.32,1.127,0.120409,34.87,0.1624,True,-1.9704433497536997,0.6157635467980301,1.1083743842364508,1.1699507389162471,-13.854679802955678,-5.0492610837438505,5.5418719211822545
2026-07-27,ESP/USDT,2026-07-27 02:25,0.103,27.62,0.103777,0.110926,1.69,-8.72,18,0.111323,0.10631,-3.11,0.096081,7.2,4.631,0.082391,25.01,0.103,False,-0.10679611650485339,1.2038834951456225,-3.6213592233009817,-4.582524271844663,4.388349514563104,14.776699029126211,12.349514563106792
2026-07-27,LA/USDT,2026-07-27 19:40,0.10302,42.5,0.10777,0.105089,5.46,4.44,19,0.102749,0.083649,23.16,0.078172,31.79,4.569,0.073392,40.37,0.10298,False,-1.3497766556612956,-2.417945232083892,1.864439697028554,33.48222955913769,39.56107982132453,35.01650805981745,42.619926199262
2026-07-27,NIL/USDT,2026-07-27 11:35,0.04456,20.46,0.047196,0.045808,6.39,8.91,30,0.045195,0.042223,5.53,0.040428,10.22,2.718,0.03699,20.46,0.04453,False,-0.8309005165057316,-4.401527060408705,-2.3355041545025808,0.6287895800583931,6.467549966314845,7.904783292162593,10.577139007410732
2026-07-27,NIL/USDT,2026-07-27 12:05,0.04649,20.46,0.047964,0.045208,6.28,8.91,30,0.045476,0.042528,9.32,0.040676,14.29,2.752,0.037097,25.32,0.04651,False,2.8380993334766753,2.0210707374758186,7.718770156955499,3.569124919372182,10.212857450010759,10.793377768221895,16.68458396043862
2026-07-27,PEOPLE/USDT,2026-07-27 11:45,0.006597,6.6,0.006758,0.006629,2.67,1.19,18,0.00661,0.006536,0.94,0.006388,3.27,1.178,0.005936,11.14,0.006595,False,-1.1675511751326733,-0.28809704321455526,0.5003790750568619,-1.152388172858221,-3.3661865049279753,-2.1834723275208496,-1.1372251705837686
2026-07-27,PEOPLE/USDT,2026-07-27 22:25,0.006895,6.77,0.00694,0.006896,1.45,0.2,8,0.006855,0.006709,2.76,0.006635,3.91,0.652,0.006213,10.98,0.006896,False,2.1171693735498884,3.0017401392111456,2.291183294663575,1.5661252900232083,-2.3926914153132155,-0.07250580046403417,0.10150812064965285
2026-07-27,PEOPLE/USDT,2026-07-27 22:55,0.006689,6.77,0.006951,0.006848,4.07,0.2,8,0.006848,0.006724,-0.51,0.006641,0.72,0.628,0.006224,7.47,0.00669,False,0.4484304932735373,-0.7174887892376727,-1.3303437967115177,-0.26905829596413533,-4.828101644245147,-3.0343796711509725,-3.7967115097159922
2026-07-27,PEOPLE/USDT,2026-07-27 23:25,0.006738,6.77,0.006961,0.006744,3.93,0.2,8,0.006815,0.006731,0.1,0.006646,1.38,0.552,0.006234,8.08,0.006737,False,0.6827964969571031,-0.6234228885260557,-0.7570135074959156,-0.846073920142493,0.08906041264657753,-3.4585126911087976,-4.512394240759989
2026-07-27,PUMP/USDT,2026-07-27 08:00,0.00203,5.8,0.002054,0.002034,1.41,2.09,14,0.002018,0.001996,1.7,0.001947,4.25,1.148,0.001847,9.93,0.00203,False,-0.6403940886699502,-0.5418719211822525,-0.935960591133001,-0.24630541871920175,-5.7635467980295525,-3.7931034482758523,-4.876847290640378
2026-07-27,PUMP/USDT,2026-07-27 11:55,0.002139,8.33,0.002149,0.002137,0.91,0.09,8,0.002111,0.002038,4.98,0.002001,6.88,1.653,0.001869,14.47,0.002139,True,-0.4207573632538723,-0.327255726975225,-0.4675081813931756,-0.23375409069659797,2.244039270687231,0.6077606358111263,1.0285179990649782
2026-07-27,PUMP/USDT,2026-07-27 14:20,0.002084,7.55,0.0021,0.002128,0.99,-2.36,14,0.002135,0.002082,0.1,0.002038,2.25,1.455,0.001886,10.47,0.002084,True,-0.9596928982725553,-0.28790786948176245,-1.7754318618042295,-1.3435700575815859,0.5278310940498908,-2.7351247600767845,0.9596928982725553
2026-07-27,SAFE/USDT,2026-07-27 01:35,0.10523,16.03,0.106481,0.104956,2.73,1.01,14,0.104496,0.099815,5.42,0.093236,12.86,2.883,0.086307,21.93,0.10528,True,-1.7192249240121638,0.5414133738601834,-3.533434650455928,5.167173252279636,2.1751519756838906,13.487841945288759,12.927431610942246
2026-07-27,SAFE/USDT,2026-07-27 02:30,0.10648,19.91,0.107595,0.106689,1.43,1.01,11,0.105837,0.101246,5.17,0.09458,12.58,3.047,0.086811,22.66,0.10652,True,-1.9526849417949668,1.220428088621864,5.285392414570043,8.036049568156214,6.60908749530605,14.325948178745785,15.358618099887344
2026-07-27,SOON/USDT,2026-07-27 07:05,0.2056,7.22,0.210044,0.2075,2.64,1.06,18,0.205716,0.201306,2.13,0.198374,3.64,1.732,0.1801,14.16,0.2056,True,-0.9241245136186698,-2.4805447470817086,-0.24319066147859944,-1.702334630350196,-1.7509727626459106,-2.8210116731517507,-9.922178988326849
2026-07-27,SOON/USDT,2026-07-27 09:05,0.2091,7.48,0.214114,0.211043,2.39,0.85,14,0.21008,0.202817,3.1,0.201153,3.95,1.401,0.181725,15.06,0.209,True,-2.009569377990435,-2.200956937799053,-1.7703349282296692,-0.09569377990430897,0.3827751196172226,-0.09569377990430897,-12.34449760765551
2026-07-27,SOON/USDT,2026-07-27 10:20,0.2102,7.01,0.2142,0.213079,2.19,0.0,10,0.21268,0.204817,2.63,0.202468,3.82,1.133,0.182794,14.99,0.2101,False,3.712517848643503,1.2375059495478433,0.1427891480247608,0.9995240361732596,-0.23798191337458374,-5.806758686339832,-14.27891480247501
2026-07-27,SOON/USDT,2026-07-27 10:50,0.2075,7.01,0.2142,0.209364,5.28,0.0,10,0.210564,0.205115,1.16,0.202822,2.31,0.967,0.183141,13.3,0.2075,False,-0.8192771084337384,-1.1084337349397575,-0.19277108433735493,1.01204819277108,-2.746987951807234,-7.277108433734941,-13.879518072289168
2026-07-27,SOON/USDT,2026-07-27 22:10,0.237,15.97,0.242444,0.236929,2.41,1.55,25,0.239328,0.222614,6.46,0.215644,9.9,2.383,0.19385,22.26,0.2371,False,-0.5482918599746924,-1.2231126107127734,0.6326444538169554,0.7591733445803441,-0.2530577815267775,2.488401518346696,-5.31421341206242
2026-07-27,龙虾/USDT,2026-07-27 13:55,0.02016,5.89,0.020366,0.020168,1.31,-0.18,10,0.019971,0.019669,2.5,0.019499,3.39,0.586,0.018215,10.68,0.020167,True,-1.0908910596518966,-0.6247830614369893,-0.42643923240937803,1.4280755689988598,2.2016165022065746,9.376704517280707,16.695591808399872
2026-07-28,AKE/USDT,2026-07-28 03:00,0.0046057,10.28,0.004641,0.004581,1.68,-0.23,9,0.004554,0.004365,5.52,0.004336,6.23,1.206,0.003672,25.43,0.004604,False,0.7102519548218772,-1.005647263249348,1.3336229365768821,4.524326672458727,-6.036055603822767,-4.283231972198104,6.694178974804514
2026-07-28,AKE/USDT,2026-07-28 03:30,0.0046503,10.28,0.004634,0.004599,0.87,-0.23,9,0.004578,0.004384,6.08,0.004344,7.05,1.068,0.003686,26.17,0.0046503,True,-0.17418231081866695,2.31597961421843,5.956604950218255,4.335204180375453,-4.025546738920075,-2.3288820076124215,9.676795045480935
2026-07-28,AKE/USDT,2026-07-28 12:40,0.004274,11.98,0.004441,0.00463,5.19,-7.93,15,0.004698,0.00464,-7.89,0.004528,-5.6,1.133,0.003935,8.62,0.0042748,True,-3.4785253111256846,-1.0105735940862774,-4.973332085711619,-0.7883409750163803,1.7685037896509652,6.360531486853173,3.134649574249078
2026-07-28,BULLA/USDT,2026-07-28 06:00,0.014976,13.09,0.015061,0.015113,1.83,-3.35,14,0.015161,0.014388,4.09,0.01398,7.12,1.534,0.012338,21.38,0.014991,True,0.013341338136216832,-0.2468147555199709,-2.541524914948965,1.2941097992128707,-2.91508238276299,-8.66519911947167,-24.474684810886522
2026-07-28,BULLA/USDT,2026-07-28 11:25,0.015289,8.6,0.015515,0.015424,2.25,-0.05,16,0.015375,0.015112,1.17,0.014529,5.23,1.535,0.012783,19.6,0.015283,False,0.065432179545898,-1.360989334554733,-5.136426094353198,-8.028528430282018,-10.53458090689,-22.75076882810966,-23.320028790158997
2026-07-28,BULLA/USDT,2026-07-28 18:10,0.018067,21.77,0.018821,0.018476,4.75,4.97,19,0.018209,0.01664,8.58,0.015756,14.67,3.255,0.013578,33.06,0.018068,False,-2.2526012840380654,-1.3615231348239965,-0.16050475979631268,-2.2249280495904338,-4.040292229355756,10.039849457604602,12.37547044498562
2026-07-28,BULLA/USDT,2026-07-28 18:40,0.018314,21.77,0.019101,0.018377,4.72,4.97,19,0.018377,0.01682,8.88,0.015886,15.29,3.354,0.01365,34.17,0.018315,False,-1.7690417690417575,1.190281190281206,-0.37674037674037464,-0.43134043134042704,0.07098007098008513,12.148512148512154,17.772317772317773
2026-07-28,BULLA/USDT,2026-07-28 23:00,0.018365,15.18,0.018436,0.018543,0.49,-2.52,17,0.01859,0.0182,0.91,0.01685,8.99,2.491,0.014318,28.27,0.018365,True,-1.715219166893544,-2.945820854887012,-3.1037299210454727,-4.5085760958344805,13.754424176422548,18.023414102913144,16.613122787911788
2026-07-28,CAP/USDT,2026-07-28 04:10,0.02516,8.85,0.025415,0.025105,1.59,1.77,16,0.024804,0.024336,3.39,0.023785,5.78,1.298,0.022184,13.42,0.02516,False,0.0,-0.03974562798093427,-1.3513513513513515,2.027027027027027,0.27821939586644334,5.20667726550079,-2.186009538950723
2026-07-28,CAP/USDT,2026-07-28 21:40,0.02777,11.27,0.028067,0.027819,1.27,0.18,6,0.027566,0.026164,6.14,0.025312,9.71,1.17,0.0237,17.17,0.02775,False,0.3243243243243236,-0.14414414414413826,-0.14414414414413826,0.036036036036034565,2.6666666666666705,13.801801801801803,15.171171171171178
2026-07-28,CAP/USDT,2026-07-28 23:35,0.02774,11.22,0.028119,0.027826,1.49,0.64,19,0.027835,0.02689,3.16,0.02563,8.23,1.307,0.023934,15.9,0.02774,False,1.8024513338139887,-0.18024513338139136,4.6142754145638065,3.713049747656812,3.496755587599142,13.950973323720268,9.192501802451334
2026-07-28,COAI/USDT,2026-07-28 12:40,0.3762,11.14,0.377155,0.374514,0.7,0.08,11,0.37174,0.349254,7.72,0.343647,9.47,1.136,0.327248,14.96,0.3761,True,0.4785961180537007,0.4520074448284976,0.6913055038553553,-4.280776389258177,5.716564743419294,-0.18612071257645146,7.152353097580426
2026-07-28,COAI/USDT,2026-07-28 15:30,0.3863,14.12,0.3898,0.389336,1.44,-0.91,8,0.38268,0.364474,5.99,0.349668,10.48,1.387,0.33146,16.54,0.3865,True,-0.5692108667529056,-0.9831824062095653,7.45148771021992,7.813712807244504,7.86545924967658,4.812419146183701,14.307891332470895
2026-07-28,COLLECT/USDT,2026-07-28 00:00,0.05146,8.1,0.053571,0.052132,3.96,0.7,14,0.052376,0.050446,2.01,0.049984,2.95,0.873,0.047762,7.74,0.0515,False,0.1553398058252364,0.9126213592232976,0.6019417475728113,-0.6407766990291338,-4.3495145631068075,-2.990291262135922,-5.281553398058253
2026-07-28,COLLECT/USDT,2026-07-28 03:35,0.05342,7.6,0.054239,0.053487,1.64,1.25,9,0.052847,0.051669,3.39,0.050486,5.81,0.683,0.048178,10.88,0.05349,False,-0.5982426621798352,-0.5795475789867224,-1.4582164890633686,-0.8786689100766465,0.22434099831744633,-0.7104131613385649,-1.2899607403252873
2026-07-28,COLLECT/USDT,2026-07-28 14:15,0.05401,6.0,0.056116,0.055045,5.21,1.73,14,0.054766,0.053786,0.42,0.053202,1.52,0.99,0.049777,8.5,0.05401,False,3.03647472690243,1.7774486206258144,0.9627846695056465,-0.6665432327346773,0.37030179596372104,-1.4997222736530238,0.42584706535826894
2026-07-28,COLLECT/USDT,2026-07-28 14:45,0.05305,6.0,0.056523,0.054366,6.53,1.73,14,0.054494,0.053806,-1.4,0.053228,-0.33,0.797,0.04985,6.42,0.05303,False,-0.24514425796718495,-0.8674335281915935,-1.527437299641709,-1.6405808033188813,-2.2628700735432767,-2.7343013388647934,-1.4142937959645496
2026-07-28,COTI/USDT,2026-07-28 00:00,0.010607,52.94,0.011358,0.011252,7.87,-1.53,13,0.011207,0.009317,13.85,0.008439,25.69,5.757,0.007758,36.72,0.01061,False,-2.1394910461828442,-6.013195098963239,-2.7709707822808753,-11.366635249764379,-26.44674835061264,-10.188501413760607,-9.434495758718192
2026-07-28,COTI/USDT,2026-07-28 12:00,0.011611,9.59,0.012351,0.011828,8.1,8.34,17,0.011515,0.011858,-2.09,0.011546,0.57,3.96,0.008855,31.12,0.011614,False,-2.2558980540726714,-1.3001549853624945,2.677802651971748,-1.110728431203725,-23.394179438608585,-8.162562424659901,5.536421560185978
2026-07-28,COTI/USDT,2026-07-28 17:10,0.012764,22.7,0.013631,0.013036,6.57,11.63,20,0.012725,0.011836,7.84,0.01204,6.01,1.562,0.009329,36.82,0.012771,False,1.4720851930154173,4.126536684676217,6.452118080025057,1.1745360582569815,15.010570824524303,11.862814188395577,12.645838227233577
2026-07-28,COTI/USDT,2026-07-28 17:40,0.012244,22.7,0.014053,0.012731,13.63,11.63,20,0.012893,0.011929,2.64,0.012086,1.31,1.896,0.009379,30.54,0.012241,False,-0.93946572992403,2.401764561718821,-0.727064782289033,-1.854423658197858,9.99918307327832,11.31443509517197,5.6858099828445425
2026-07-28,KGEN/USDT,2026-07-28 05:00,0.2157,11.71,0.220162,0.215907,2.16,2.62,13,0.214476,0.203884,5.8,0.198314,8.77,2.134,0.185032,16.57,0.2158,False,1.5755329008340992,1.8072289156626447,8.155699721964785,3.33642261353104,3.4754402224281646,-0.046339202965716746,8.109360518999068
2026-07-28,KGEN/USDT,2026-07-28 05:30,0.2119,11.71,0.222746,0.215271,6.8,2.62,13,0.214588,0.204747,3.49,0.199294,6.33,2.103,0.185346,14.33,0.212,False,4.292452830188678,6.509433962264153,3.490566037735844,0.5660377358490598,2.0754716981132013,-0.9433962264150951,7.0754716981132
2026-07-28,MMT/USDT,2026-07-28 11:15,0.19,5.72,0.189844,0.189179,0.76,-0.37,9,0.188108,0.181837,4.49,0.181051,4.94,0.582,0.174768,8.72,0.19,True,0.7368421052631644,-0.2631578947368423,0.4736842105263221,0.3684210526315822,-0.5263157894736846,0.7368421052631644,0.7368421052631644
2026-07-28,MMT/USDT,2026-07-28 15:35,0.1927,6.24,0.193933,0.192064,1.2,0.73,12,0.191264,0.1875,2.77,0.18341,5.07,0.694,0.17658,9.13,0.1927,False,0.20757654385055083,0.36325895173845674,0.6227296315516381,1.2454592631032761,1.2973533990659065,2.2314478463933565,2.95796574987027
2026-07-28,ON/USDT,2026-07-28 01:20,0.18164,8.71,0.197965,0.18094,8.83,5.84,11,0.183881,0.188655,-3.72,0.182859,-0.67,2.04,0.146571,23.93,0.18168,False,-1.0072655217965643,-2.4658740642888506,-10.57353588727433,-16.496036988110962,-1.618229854689563,-20.068251871422277,-32.2380008806693
2026-07-28,ON/USDT,2026-07-28 04:30,0.2181,23.17,0.231044,0.220089,8.2,6.51,13,0.214409,0.194509,12.13,0.189024,15.38,2.548,0.151422,44.03,0.21805,False,2.3756019261637196,-0.36688832836505164,15.881678514102267,10.54345333639073,-0.2522357257509722,-8.56684246732401,-27.667966062829635
2026-07-28,ON/USDT,2026-07-28 05:00,0.21885,23.17,0.237505,0.218216,10.54,6.51,13,0.217093,0.195918,11.7,0.190098,15.13,2.599,0.152217,43.78,0.21874,False,14.199506263143446,16.147023863948064,0.8777544116302357,3.579592209929599,0.4891652189814335,-10.40047545030631,-30.840266983633548
2026-07-28,ON/USDT,2026-07-28 20:35,0.33155,51.15,0.336474,0.336,2.55,-0.94,21,0.335673,0.284724,16.45,0.248515,33.41,6.627,0.192402,72.32,0.33144,True,-0.42843350229301735,-0.9564325368090774,-4.739922761284094,-7.539826212889214,-2.7576635288438274,6.8579531740284905,26.327540429640354
2026-07-28,PHAROS/USDT,2026-07-28 06:10,0.4163,7.24,0.42266,0.41765,1.74,0.79,10,0.41498,0.402855,3.34,0.39526,5.32,1.199,0.383048,8.68,0.416,False,-0.14423076923078004,-0.5048076923077034,-1.7788461538461582,-3.6298076923076934,-8.245192307692308,-4.038461538461548,-14.71153846153847
2026-07-28,PHAROS/USDT,2026-07-28 18:10,0.4772,11.89,0.48275,0.476464,1.65,1.33,12,0.469368,0.448954,6.29,0.432989,10.21,2.0,0.399715,19.39,0.4772,False,2.3889354568315215,0.7963118189438444,3.5414920368818157,3.792958927074603,8.75943000838223,12.657166806370496,6.014249790444259
2026-07-28,PHAROS/USDT,2026-07-28 18:40,0.4734,11.89,0.4859,0.474479,3.31,1.33,12,0.473172,0.450216,5.15,0.435254,8.76,2.113,0.400616,18.17,0.4735,False,0.549102428722279,2.7877507919746547,1.689545934530085,3.9493136219640963,9.419218585005275,10.390707497360077,4.076029567053851
2026-07-28,SOON/USDT,2026-07-28 03:55,0.2386,11.74,0.247525,0.242221,3.77,1.19,8,0.240696,0.237782,0.34,0.225378,5.87,1.678,0.201648,18.33,0.2386,False,-2.682313495389769,-2.3470243084660494,-4.903604358759436,3.68818105616094,0.20955574182732625,-8.675607711651285,-21.416596814752726
2026-07-28,SOON/USDT,2026-07-28 05:15,0.2449,10.97,0.25227,0.246571,3.52,1.99,10,0.244604,0.23863,2.63,0.228404,7.22,1.99,0.203923,20.09,0.2448,False,4.534313725490196,5.473856209150325,8.374183006535944,4.125816993464052,0.9803921568627392,-11.02941176470588,-17.116013071895434
2026-07-28,SOON/USDT,2026-07-28 05:45,0.2314,10.97,0.25521,0.242093,9.88,1.99,10,0.242612,0.238608,-3.02,0.229232,0.95,1.849,0.204535,13.13,0.2314,False,-0.9939498703543633,3.0682800345721675,0.9507346585998303,-2.8089887640449467,-6.6983578219533335,-16.681071737251525,-20.138288677614533
2026-07-28,SOON/USDT,2026-07-28 12:40,0.2568,18.16,0.262515,0.256429,3.93,5.3,13,0.250952,0.2425,5.9,0.240304,6.86,1.156,0.214465,19.74,0.2567,False,-0.8180755746006976,-5.882352941176472,-4.986365407090002,-7.557460070120775,-8.765095442150377,-7.713283989092341,-5.960264900662266
2026-07-28,SOXS/USDT,2026-07-28 03:35,58.26,8.14,58.8225,58.874286,1.21,-0.52,8,58.5628,56.574747,2.98,55.39805,5.17,2.567,50.85105,14.57,58.25,False,0.5665236051502116,-0.4291845493562232,-0.9613733905579439,-2.8669527896995737,-2.935622317596568,-6.609442060085839,-6.128755364806867
2026-07-28,SOXS/USDT,2026-07-28 04:05,58.5,8.14,58.59,58.479286,0.77,-0.52,8,58.5968,56.762626,3.06,55.70225,5.02,2.501,50.9422,14.84,58.51,True,-0.6494616304905189,-0.5127328661767292,-0.581097248333624,-3.7258588275508457,-3.6916766364724047,-4.101862929413773,-6.084430011963771
2026-07-28,SOXS/USDT,2026-07-28 06:55,59.3,6.99,59.865333,60.050714,1.23,-0.18,15,59.7752,58.227374,1.84,57.358,3.39,2.0,51.5091,15.13,59.29,False,-0.06746500252993616,-1.1300387923764577,-1.4673638050261384,-0.32045876201719975,-2.142013830325524,-7.792207792207788,-5.734525215044693
2026-07-28,SOXS/USDT,2026-07-28 12:30,61.24,7.84,61.421429,61.433571,1.42,-1.22,14,61.2992,60.099394,1.9,58.43325,4.8,1.075,52.8242,15.93,61.24,True,0.37557152188112997,-0.24493794905290425,-1.5349444807315442,-6.923579359895496,-2.3024167210973165,-4.425212279555847,-2.4167210973220064
2026-07-28,SOXS/USDT,2026-07-28 14:40,64.33,11.63,65.857273,64.69,3.12,2.12,11,63.0892,61.007374,5.45,59.46985,8.17,1.665,53.40215,20.46,64.34,False,0.6683245259558701,0.7926639726453296,4.445135219148285,3.9788622940627945,2.067143301212318,0.046627292508550106,-1.7407522536524562
2026-07-28,SOXS/USDT,2026-07-28 20:45,63.29,6.53,64.662727,63.300714,2.42,3.2,11,62.6876,62.695051,0.95,61.3698,3.13,0.803,55.11755,14.83,63.3,False,0.34755134281200456,0.363349131121638,0.6793048973143756,-4.2654028436019,1.02685624012638,-10.063191153238554,-3.3017377567140653
2026-07-29,BEAT/USDT,2026-07-29 07:20,3.615,12.92,3.6324,3.614571,2.63,-0.9,10,3.62108,3.501162,3.25,3.353845,7.79,1.763,3.33284,8.47,3.614,True,-1.0514665190924255,-1.1344770337576073,0.05534034311012118,-2.8776978417266212,-7.249584947426675,-6.613171001660219,-7.415605976757063
2026-07-29,BEAT/USDT,2026-07-29 12:15,3.755,10.94,3.837474,3.8165,2.93,-0.13,19,3.81372,3.67996,2.04,3.543045,5.98,2.289,3.338895,12.46,3.756,False,-0.9052183173588992,-0.9318423855165108,-0.6922257720979832,-1.3312034078807313,-6.789137380191702,-3.940362087326947,-2.449414270500535
2026-07-29,BEAT/USDT,2026-07-29 17:20,3.617,13.46,3.762235,3.900286,5.22,-4.66,17,3.9022,3.827202,-5.49,3.688645,-1.94,1.651,3.299135,9.63,3.616,True,-9.292035398230084,-8.628318584070792,-4.701327433628316,-7.356194690265487,-8.351769911504425,-4.563053097345134,-1.3550884955752194
2026-07-29,BOT/USDT,2026-07-29 06:15,29.84,8.05,30.058,29.932857,1.09,0.2,15,29.8812,29.879192,-0.13,28.4009,5.07,1.935,26.66725,11.9,29.85,True,-0.435510887772191,-0.8375209380234505,-0.06700167504187463,-1.1725293132328236,1.105527638190961,9.38023450586265,5.829145728643223
2026-07-29,BTW/USDT,2026-07-29 00:00,0.08988,18.12,0.099315,0.091379,10.01,0.56,6,0.093793,0.091216,-1.46,0.084584,6.26,1.763,0.085518,5.1,0.08983,False,-3.2394522987866083,-4.553044639875332,-2.326616943114782,0.857174663252803,-13.970833797172444,-2.437938327952813,14.160080151397079
2026-07-29,BTW/USDT,2026-07-29 03:45,0.10184,22.48,0.106738,0.10153,5.0,15.36,19,0.096775,0.093954,8.39,0.088109,15.58,2.905,0.087118,16.9,0.10181,False,-0.5598664178371486,2.5439544249091397,-4.970042235536793,-4.1449759355662525,9.625773499656226,23.858167174147916,12.513505549553091
2026-07-29,BULLA/USDT,2026-07-29 02:20,0.016007,12.15,0.016372,0.016522,2.99,-12.54,21,0.01759,0.018334,-12.69,0.017453,-8.28,1.828,0.014757,8.47,0.016012,True,1.0991756182862795,0.38720959280539324,-0.8368723457407081,-0.3310017486884897,5.976767424431663,3.5535848113914463,-5.027479390457159
2026-07-29,FLOW/USDT,2026-07-29 07:55,0.02724,5.5,0.027451,0.027186,1.13,0.85,9,0.027082,0.026405,3.16,0.026139,4.21,1.091,0.025017,8.88,0.02723,False,1.3955196474476748,2.4237972824091107,2.570694087403596,1.1384502387073125,-1.5424164524421602,-6.353286816011748,-2.056555269922872
2026-07-29,FLOW/USDT,2026-07-29 08:25,0.02657,5.5,0.027604,0.027022,4.51,0.85,9,0.027016,0.026444,0.47,0.026171,1.52,0.895,0.025031,6.15,0.02657,False,-0.5645464809936049,0.15054572826495435,-1.656003010914563,-1.7312758750470403,-3.048550997365456,-8.054196462175383,-3.838916070756493
2026-07-29,FLOW/USDT,2026-07-29 15:25,0.02862,8.2,0.028777,0.028547,1.55,0.84,18,0.028423,0.027516,4.01,0.026895,6.41,1.09,0.025364,12.84,0.02861,True,0.38448095071652916,-1.2233484795526026,-0.3495281370150276,-1.048584411045095,2.7612722824187315,2.0622160083886762,3.110800419433759
2026-07-29,HOLO/USDT,2026-07-29 06:30,0.07106,5.34,0.071738,0.071333,1.07,-0.26,17,0.07144,0.070625,0.62,0.069228,2.65,0.911,0.068318,4.01,0.07104,False,0.014076576576590652,-0.32376126126125293,-0.8445945945945798,0.09853603603603689,-0.09853603603603689,-4.152590090090082,-11.373873873873858
2026-07-29,HOLO/USDT,2026-07-29 07:00,0.07127,5.34,0.071671,0.071159,0.88,-0.26,17,0.07132,0.070728,0.77,0.069389,2.71,0.906,0.068305,4.34,0.07125,True,-0.23859649122807508,-0.5473684210526336,-0.2245614035087823,0.18245614035086488,-1.4877192982456218,-3.691228070175449,-11.438596491228077
2026-07-29,HOLO/USDT,2026-07-29 15:10,0.07363,5.05,0.073984,0.074073,1.09,-0.18,16,0.073906,0.072335,1.79,0.0715,2.98,0.756,0.068483,7.52,0.07364,True,-0.8011950027159251,-1.1814231395980577,-2.2406300923411173,-5.40467137425312,-7.604562737642596,-3.8837588267246086,-9.193373166757194
2026-07-29,HOLO/USDT,2026-07-29 18:15,0.07849,9.35,0.079042,0.07826,1.7,0.68,13,0.077518,0.074306,5.63,0.072704,7.96,1.195,0.068966,13.81,0.07852,True,-0.7641365257259162,-0.8660213958227202,-0.8405501782985149,-0.33112582781456484,1.6046867040244666,-5.4763117677024935,0.07641365257259869
2026-07-29,HOLO/USDT,2026-07-29 19:00,0.0794,9.57,0.079557,0.078974,0.88,0.48,7,0.078538,0.075022,5.84,0.073131,8.57,1.353,0.069113,14.88,0.0794,False,0.27707808564231484,0.7556675062972333,0.9571788413098196,2.1158690176322428,2.8715365239294766,-4.836272040302262,1.1209068010075591
2026-07-29,ON/USDT,2026-07-29 13:55,0.30529,6.58,0.318864,0.304683,5.49,5.9,16,0.296699,0.268089,13.88,0.295129,3.44,-1.548,0.245735,24.24,0.30535,False,3.0325855575568985,-0.06877353856230162,-3.458326510561655,1.0185033568036685,-2.3448501719338464,-5.03684296708695,0.2652693630260465
2026-07-29,ON/USDT,2026-07-29 14:25,0.30556,6.58,0.325453,0.302792,8.57,5.9,16,0.301174,0.269075,13.56,0.293857,3.98,-1.349,0.246967,23.73,0.30555,False,-0.5531009654721076,-3.3906071019473196,-1.5742104401898338,-1.4727540500736391,-1.4138438880706892,-3.1713303878252432,1.1978399607265575
2026-07-29,ON/USDT,2026-07-29 15:35,0.30397,9.2,0.3111,0.308031,2.39,0.6,12,0.306672,0.272752,11.45,0.290808,4.53,-1.621,0.250223,21.48,0.30409,False,-0.41435101450227996,-0.7201815252063434,-1.8481370646847832,-1.3778815482258446,4.084317142951114,-7.678647768752665,10.40152586405342
2026-07-29,OPEN/USDT,2026-07-29 03:40,0.1721,6.74,0.17265,0.172507,0.67,-0.8,8,0.171276,0.169648,1.45,0.164267,4.77,0.946,0.161008,6.89,0.172,False,0.2906976744185888,2.0930232558139488,3.313953488372083,2.499999999999999,0.9883720930232438,-2.7906976744186203,-3.0232558139534946
2026-07-29,OPEN/USDT,2026-07-29 14:35,0.1806,7.28,0.18145,0.181186,0.58,-0.66,16,0.181192,0.175343,3.0,0.17273,4.56,0.98,0.163558,10.42,0.1806,True,-0.996677740863785,-1.1627906976744133,0.11074197120709064,0.6644518272425286,0.6090808416389909,-0.1661129568106283,-0.7198228128460662
2026-07-29,SOON/USDT,2026-07-29 02:25,0.2792,5.84,0.2798,0.278286,1.07,0.0,8,0.277,0.275396,1.38,0.271801,2.72,1.562,0.238014,17.3,0.2792,True,0.5730659025787931,0.6805157593123254,4.906876790830942,4.226361031518616,9.992836676217758,17.26361031518624,19.806590257879662
2026-07-29,SOXS/USDT,2026-07-29 04:50,68.58,10.61,70.44,69.127143,2.74,4.47,20,68.204,64.97404,5.55,63.78515,7.52,1.349,57.78955,18.67,68.58,False,2.508019830854475,2.420530766987455,3.1641878098571037,5.10352872557597,3.9224263633712417,6.838728492271796,-4.053659959171772
2026-07-29,SOXS/USDT,2026-07-29 05:20,66.92,10.61,71.34,68.49,6.21,4.47,20,68.3532,65.212222,2.62,63.96665,4.62,1.339,57.9735,15.43,66.91,False,1.10596323419518,0.7472724555372889,-0.8518905993125204,2.167090121058142,4.797489164549386,3.631744133911213,-4.124943954565842
2026-07-29,SOXS/USDT,2026-07-29 16:50,71.36,10.61,72.298462,71.626429,1.7,1.82,13,70.7408,66.160202,7.86,66.18125,7.83,1.256,62.00505,15.09,71.36,False,1.9198430493273606,2.368273542600894,2.9288116591928297,10.229820627802686,-4.582399103139008,0.4904708520179293,-2.1860986547085233
2026-07-29,SOXS/USDT,2026-07-29 17:20,69.67,10.61,72.893846,70.833571,5.44,1.82,13,70.9208,66.439596,4.86,66.4225,4.89,1.367,62.1185,12.16,69.68,False,-0.18656716417909794,0.5884041331802681,1.420780711825501,2.382319173363965,-8.6251435132032,1.6360505166475323,-3.028128587830079
2026-07-29,SOXS/USDT,2026-07-29 22:35,73.63,14.75,73.908667,75.102857,1.07,-2.38,15,75.1112,71.228081,3.37,67.9979,8.28,1.277,63.7108,15.57,73.64,True,-0.6789788158609452,0.8011950027159199,1.6295491580662722,3.883758826724605,4.291146116241169,2.3085279739272173,6.436719174361754
2026-07-29,UB/USDT,2026-07-29 00:35,0.13558,5.02,0.136687,0.135786,1.61,0.26,8,0.135662,0.135499,0.06,0.131084,3.43,1.578,0.131364,3.21,0.13559,False,-0.5826388376724043,-0.5973891879932187,-3.7539641566487294,-5.708385574157405,-7.323548934287206,-0.2876318312559934,-1.9544214175086758
2026-07-29,UB/USDT,2026-07-29 06:20,0.13883,9.46,0.143469,0.144204,3.33,-3.29,14,0.145213,0.140593,-1.25,0.137809,0.74,1.465,0.130657,6.26,0.13884,True,-2.211178334773853,-2.3984442523768363,4.227888216652252,0.8426966292134864,-2.8594065110919056,-0.33851915874387656,-6.662345145491219
2026-07-30,ACH/USDT,2026-07-30 02:50,0.005208,11.14,0.005246,0.00527,0.92,-1.68,14,0.005247,0.004938,5.47,0.004885,6.6,1.47,0.004523,15.14,0.005209,False,0.23037051257438776,0.0,1.459013246304467,4.165866769053564,4.434632367057023,11.153772317143403,9.752351698982526
2026-07-30,COTI/USDT,2026-07-30 03:00,0.018329,25.82,0.018933,0.01903,4.16,-1.89,14,0.018639,0.01721,6.5,0.016471,11.28,3.536,0.013454,36.23,0.018331,False,7.446402269379748,7.5173203862309785,7.135453603185861,7.888276689760511,-0.5127925372320131,17.200370956303527,19.993453712290655
2026-07-30,HOLO/USDT,2026-07-30 03:45,0.07849,10.85,0.078423,0.080954,0.26,-5.73,14,0.081649,0.078866,-0.48,0.077098,1.81,1.622,0.071107,10.38,0.07846,True,0.4970685699719621,-1.7206219729798675,-1.4912057099158862,0.12745347947999344,-0.7519755289319313,10.795309711955142,10.769819016059138
2026-07-30,KGEN/USDT,2026-07-30 04:10,0.1917,7.1,0.19812,0.193164,3.34,1.71,10,0.191276,0.188856,1.51,0.184536,3.88,0.89,0.190058,0.86,0.1918,False,-1.4077163712200251,-2.2419186652763283,-0.9384775808133452,-0.625651720542235,1.0948905109489002,-0.4692387904066798,1.8769551616266904
2026-07-30,PRL/USDT,2026-07-30 01:35,0.2165,6.76,0.218757,0.216421,1.85,0.83,14,0.21504,0.212308,1.97,0.206314,4.94,0.795,0.190502,13.65,0.2166,True,-0.5540166204986181,-0.36934441366575393,-1.708217913204067,-2.4930747922437746,-0.8771929824561464,1.2465373961218744,-3.4626038781163464
2026-07-30,PRL/USDT,2026-07-30 03:10,0.2189,7.83,0.220546,0.219886,1.34,0.14,13,0.218812,0.214175,2.21,0.207919,5.28,0.963,0.191628,14.23,0.2191,True,-0.5020538566864526,-0.9128251939753547,1.141031492469193,-0.5476951163852153,3.879507074395244,3.2405294386125036,-2.0082154267457852
2026-07-30,PRL/USDT,2026-07-30 14:25,0.223,5.23,0.226308,0.223286,1.51,2.18,13,0.221088,0.215606,3.43,0.216106,3.19,0.576,0.200031,11.48,0.2232,False,-0.49283154121863343,0.17921146953405528,-0.26881720430107053,-0.3584229390680982,-2.1505376344086016,-7.034050179211465,-5.734767025089595
2026-07-30,PRL/USDT,2026-07-30 18:45,0.2265,5.42,0.230578,0.2281,1.9,0.74,9,0.226768,0.221189,2.4,0.218937,3.45,0.586,0.204002,11.03,0.2265,False,-0.26490066225165093,-0.7505518763796818,-3.4878587196467947,-4.547461368653423,-7.328918322295808,-4.415011037527585,-4.988962472406183
2026-07-30,PRL/USDT,2026-07-30 22:25,0.2389,10.93,0.244678,0.242857,2.97,0.33,9,0.24092,0.230401,3.69,0.222891,7.18,1.249,0.207749,14.99,0.2389,False,-0.08371703641691323,-1.5487651737128543,-4.143993302637083,0.5441607367099186,1.2138970280452128,0.2511511092507281,1.2976140644621146
2026-07-30,PRL/USDT,2026-07-30 23:55,0.248,11.78,0.251633,0.246029,2.44,2.79,12,0.2443,0.234259,5.87,0.225619,9.92,1.562,0.209567,18.34,0.248,False,4.153225806451615,4.193548387096771,4.475806451612903,4.758064516129034,4.112903225806446,4.556451612903228,2.822580645161293
2026-07-30,RE/USDT,2026-07-30 01:25,0.4974,11.69,0.510262,0.503386,2.72,0.59,13,0.50042,0.500617,-0.64,0.461049,7.88,2.362,0.44959,10.63,0.4973,False,-1.0255379046852882,-1.9706414639050824,-2.8353106776593497,1.0858636637844392,1.1864065956163314,3.98150010054294,6.857027950935053
2026-07-30,TAKE/USDT,2026-07-30 14:45,0.02451,5.72,0.02462,0.024479,0.61,1.32,16,0.024274,0.023856,2.74,0.023763,3.14,0.204,0.022866,7.19,0.02453,True,-0.48919690175294983,-2.160619649408884,-3.7097431716265836,-0.5299633102323753,0.2853648593558933,-0.040766408479411306,-1.793721973094168
2026-07-30,TAKE/USDT,2026-07-30 16:15,0.02472,7.14,0.024968,0.025004,1.15,-0.64,10,0.024808,0.024076,2.67,0.023899,3.44,0.695,0.022975,7.6,0.02472,False,0.6067961165048437,0.24271844660193187,0.32362459546925654,1.7799352750809037,0.889967637540445,1.0922330097087354,-2.791262135922329
2026-07-30,TAKE/USDT,2026-07-30 16:45,0.02466,7.14,0.024872,0.024832,0.97,-0.64,10,0.024836,0.024139,2.16,0.02393,3.05,0.703,0.023007,7.18,0.02463,False,0.5684125050751025,-0.04060089321964918,1.2992285830288302,0.6902151847340643,0.20300446609824588,0.5684125050751025,-0.3654080389768567
2026-07-30,UAI/USDT,2026-07-30 04:15,0.4635,17.34,0.485753,0.478414,6.13,0.39,15,0.478856,0.448608,3.32,0.428467,8.18,3.251,0.35294,31.33,0.4639,False,-0.6035783574046184,-4.009484802759217,3.384350075447293,4.720845009700361,17.611554214270317,-2.0047424013796142,0.6466910972192289
2026-07-30,UAI/USDT,2026-07-30 17:35,0.471,9.27,0.478078,0.472164,2.32,0.93,9,0.466748,0.433647,8.61,0.439238,7.23,0.426,0.385209,22.27,0.4709,False,0.5946060734763154,6.392015289870452,8.090889785517088,21.66064981949458,23.571883627097044,21.639413888299,23.805478870248457
2026-07-31,ALAB/USDT,2026-07-31 15:10,313.92,6.33,317.275556,313.072857,1.84,-1.13,27,316.8992,322.145556,-2.55,321.60615,-2.39,-0.087,284.79555,10.23,313.94,False,1.3505765432885293,1.3346499331082367,1.114862712620246,-0.8664075938077427,-1.012932407466397,2.930496273173214,3.5580047142766182
2026-07-31,AXTI/USDT,2026-07-31 06:00,60.09,15.38,60.546667,59.947143,1.32,0.8,9,59.6784,58.625556,2.5,53.39675,12.53,4.585,44.36725,35.44,60.14,False,0.0665114732291306,2.194878616561357,2.0452278017958165,2.1782507482540776,0.0,6.368473561689389,-2.0452278017958045
2026-07-31,AXTI/USDT,2026-07-31 09:55,59.8,8.64,60.016667,59.82,0.99,0.86,18,59.466,59.150606,1.1,56.81825,5.25,3.063,45.6691,30.94,59.79,True,-1.3045659809332684,-3.1276133132630832,-1.3714668004683062,-6.506104699782574,6.037798963037297,-2.59240675698278,0.7359090148854285
2026-07-31,BE/USDT,2026-07-31 06:20,227.15,7.33,228.80375,227.725714,0.77,1.25,16,226.5088,221.913737,2.36,215.6039,5.36,2.552,186.695,21.67,227.23,False,1.8131408704836407,1.2454341416186172,1.5798970206398817,1.5710953659287916,2.6272939312590764,6.301984773137346,6.033534304449228
2026-07-31,CAP/USDT,2026-07-31 03:10,0.03597,10.42,0.036577,0.035911,2.07,2.91,15,0.035604,0.035573,1.12,0.033864,6.22,2.825,0.028415,26.59,0.03599,False,1.194776326757432,-1.30591831064184,-1.5837732703528788,1.1669908307863397,-3.139761044734646,-0.5001389274798544,-9.474854126146141
2026-07-31,CAP/USDT,2026-07-31 05:40,0.03651,9.76,0.03675,0.036244,1.52,0.0,19,0.036391,0.035508,2.82,0.034839,4.8,2.202,0.028894,26.36,0.03651,False,1.3968775677896563,-1.2051492741714487,-1.3694878115584783,-2.4376883045740945,10.682004930156124,-5.2862229526157245,-9.504245412215834
2026-07-31,CAP/USDT,2026-07-31 14:25,0.03852,13.65,0.038549,0.038771,0.59,-3.56,15,0.038903,0.036464,5.64,0.036021,6.94,0.979,0.031045,24.08,0.03853,True,-0.8045678691928309,-1.3755515182974194,-1.7389047495458005,0.8564754736569008,-3.2961328834674286,-5.528159875421749,0.5969374513366235
2026-07-31,EVAA/USDT,2026-07-31 15:30,0.8902,9.92,0.920138,0.890329,3.26,4.34,13,0.87542,0.841414,5.8,0.8286,7.43,0.295,0.775802,14.75,0.8902,False,0.011233430689731408,1.2132105144911292,1.516513143113902,4.9427095034823685,3.9878678948550865,2.156818692428667,-0.17973489103572746
2026-07-31,INTW/USDT,2026-07-31 09:55,21.77,5.83,21.99,22.01,1.14,0.37,16,21.8784,21.559091,0.98,21.17875,2.79,0.932,18.48145,17.79,21.79,True,-0.9178522257916443,-0.9637448370812339,0.0,-0.6424965580541558,4.130335016062408,6.562643414410278,11.886186324001836
2026-07-31,IREN/USDT,2026-07-31 02:15,39.33,15.68,40.48,40.301429,3.21,0.22,18,40.2936,39.15303,0.45,36.81785,6.82,3.374,33.4528,17.57,39.34,False,-0.9913573970513305,-0.4067107269954158,-1.2709710218607015,-1.7539400101677622,-3.711235383833232,-3.634977122521606,6.8632435180477955
2026-07-31,IREN/USDT,2026-07-31 10:00,40.61,5.37,40.734,40.758571,0.6,-0.07,15,40.6544,40.266364,0.85,39.6114,2.52,1.005,34.4821,17.77,40.58,True,-0.46821094135043084,-1.13356333169049,-0.5914243469689552,0.41892557910301065,9.881715130606207,7.269590931493336,9.142434696895025
2026-07-31,IREN/USDT,2026-07-31 10:35,40.63,5.37,40.72,40.715,0.29,-0.07,15,40.7644,40.343333,0.71,39.73495,2.25,1.038,34.5499,17.6,40.66,False,0.17215937038857154,-0.7132316773241669,-0.9099852434825494,2.1396950319724484,9.370388588293151,7.771765863256263,9.542547958681741
2026-07-31,KOMA/USDT,2026-07-31 05:05,0.020115,53.62,0.022006,0.020123,9.91,15.91,12,0.018964,0.015539,29.45,0.014611,37.67,6.278,0.010659,88.72,0.020105,False,0.4476498383486685,-2.442178562546622,-6.311862720716236,-6.3765232529221505,-3.5165381745834337,-21.462322805272315,-16.105446406366564
2026-07-31,KOMA/USDT,2026-07-31 05:35,0.020596,53.62,0.023467,0.020275,14.43,15.91,12,0.01959,0.015888,29.63,0.01481,39.06,6.227,0.010787,90.93,0.020599,False,-3.1409291713190046,-3.7623185591533637,-4.524491480168952,-8.024661391329685,-4.553619107723683,-15.063838050390805,-14.685178892179232
2026-07-31,KOMA/USDT,2026-07-31 06:45,0.02113,52.24,0.021821,0.021184,4.2,2.34,21,0.020739,0.016882,25.16,0.015402,37.19,6.532,0.011125,89.93,0.021115,False,-0.5588444233956905,-1.9180677243665765,-10.76012313521195,-4.14870944825954,-8.752071986739297,-21.345015391901494,-17.24840161022971
2026-07-31,KOMA/USDT,2026-07-31 12:20,0.025058,42.24,0.025628,0.024672,4.56,2.63,10,0.024007,0.021981,14.0,0.018341,36.63,6.983,0.012767,96.27,0.025058,True,3.3083246867267935,8.177029292042457,0.13568521031207323,5.024343523026577,15.978928884986832,1.6362040067044483,-11.493335461728792
2026-07-31,KOMA/USDT,2026-07-31 12:50,0.023009,40.52,0.024572,0.024616,7.94,-2.63,7,0.024361,0.02221,3.6,0.01864,23.44,7.051,0.01293,77.96,0.023004,True,-6.1554512258737635,-8.781081551034607,-1.6823161189358307,-8.594157537819507,-0.9520083463745456,-2.9560076508433317,-23.50460789427925
2026-07-31,KOMA/USDT,2026-07-31 15:45,0.023546,33.53,0.024128,0.024207,4.17,-1.13,17,0.024161,0.023385,0.69,0.020398,15.44,6.202,0.013899,69.4,0.023545,False,4.468039923550651,10.486302824378845,1.167976215757065,-1.3208749203652528,-8.252282862603526,-18.653641962200044,-25.61478020811213
2026-07-31,KOMA/USDT,2026-07-31 16:15,0.021076,33.53,0.024031,0.022808,14.69,-1.13,17,0.023687,0.023321,-9.62,0.020617,2.23,5.738,0.014031,50.21,0.021076,False,-8.502562156006825,-10.409944961093178,-13.361169102296447,-17.58872651356993,-15.82368570886315,-30.295122414120318,-32.38280508635413
2026-07-31,KOMA/USDT,2026-07-31 19:55,0.025298,15.75,0.025987,0.025245,2.97,2.24,14,0.025053,0.024187,4.59,0.022743,11.23,5.471,0.015197,66.46,0.025298,False,3.063483279310623,3.2018341370859424,6.103249268716896,7.486757846470075,-13.080085382243652,-15.03676179935172,-7.083563918096286
2026-07-31,KORU/USDT,2026-07-31 07:00,17.27,13.05,17.638824,17.872143,2.66,-1.94,17,17.8056,17.066061,1.19,16.48795,4.74,2.785,13.9671,23.65,17.27,True,-2.200347423277354,-2.9530978575564655,-1.447596988998263,-3.8216560509554154,-0.694846554719172,7.874927620150547,10.885929357266932
2026-07-31,MMT/USDT,2026-07-31 03:55,0.2891,22.54,0.298473,0.289871,3.78,3.2,11,0.284132,0.268759,7.57,0.246138,17.45,4.235,0.206323,40.12,0.2891,True,-3.147699757869248,-0.7263922518159773,0.7609823590453252,-2.455897613282599,-2.075406433759927,20.304392943618137,31.061916291940513
2026-07-31,MMT/USDT,2026-07-31 06:40,0.2978,20.58,0.304009,0.297171,2.8,2.06,11,0.295652,0.278844,6.8,0.260855,14.16,4.283,0.212349,40.24,0.2978,False,0.6380120886501051,-0.16789791806581614,2.887844190732034,-0.772330423102743,-19.576897246474147,22.263263935527196,34.8556077904634
2026-07-31,MMT/USDT,2026-07-31 11:40,0.2632,66.69,0.28895,0.315857,11.09,-9.73,20,0.323552,0.303507,-13.28,0.284522,-7.49,3.409,0.224907,17.03,0.2634,False,12.528473804100237,10.971905846621121,0.15186028853455255,10.895975702353846,20.273348519362198,27.60060744115414,22.66514806378133
2026-07-31,MVLL/USDT,2026-07-31 02:05,21.79,19.88,21.831765,22.274286,1.52,-2.58,17,22.2916,21.107172,3.24,19.5692,11.35,4.295,17.64005,23.53,21.8,False,3.11926605504587,2.11009174311927,1.7431192660550412,1.559633027522935,-3.5321100917431174,-2.8440366972477107,5.642201834862387
2026-07-31,MVLL/USDT,2026-07-31 07:00,21.77,9.27,22.004118,22.2,1.79,-1.74,17,22.2056,21.944747,-0.8,20.93415,3.99,2.317,18.08295,20.39,21.78,True,-1.9283746556473742,-2.387511478420567,-1.377410468319546,-5.096418732782366,-4.820936639118444,0.87235996326906,1.561065197428833
2026-07-31,MVLL/USDT,2026-07-31 09:55,22.34,7.74,22.628889,22.693571,1.45,-0.83,18,22.6396,22.065354,1.24,21.4977,3.92,1.94,18.36705,21.63,22.35,False,-0.7606263982102826,-1.163310961968671,-0.5369127516778409,0.44742729306488327,3.6241610738255132,3.3109619686800986,10.201342281879198
2026-07-31,NBIS/USDT,2026-07-31 02:05,200.94,12.72,201.372857,203.175714,0.81,-1.02,21,203.1032,196.159394,2.44,185.72035,8.19,3.431,167.76935,19.77,200.96,False,1.5127388535031947,1.7665207006369483,0.7961783439490419,0.2786624203821667,-2.4183917197452156,-2.099920382165604,6.483877388535032
2026-07-31,NBIS/USDT,2026-07-31 07:00,202.41,5.74,202.628333,203.99,0.68,-1.17,12,204.1992,201.842828,0.28,196.65445,2.93,1.778,171.4026,18.09,202.46,True,-0.6174059073397213,-0.6964338634792041,0.07408870888076938,-2.514076854687347,-2.2127827719055566,3.427837597550132,6.174059073397213
2026-07-31,SNDK/USDT,2026-07-31 00:40,1365.92,19.68,1381.578,1362.427857,1.52,1.71,10,1352.7308,1307.572929,4.46,1211.6865,12.73,3.478,1103.1142,23.82,1365.92,False,-0.8141033149818356,-2.380812931943304,0.35067939557221234,1.9305669438913053,-0.3645894342274817,3.2739838350708697,2.6348541642263097
2026-07-31,SNXX/USDT,2026-07-31 00:40,11.8,32.75,12.012105,11.764286,2.35,2.84,19,11.614,10.896768,8.29,9.52495,23.89,6.54,8.02595,47.02,11.8,True,-1.9491525423728697,-5.338983050847449,0.423728813559328,3.644067796610182,-1.8644067796610073,6.01694915254238,4.830508474576273
2026-07-31,SNXX/USDT,2026-07-31 02:05,11.7,31.49,11.815556,11.958571,2.33,-1.09,18,11.9124,11.215758,4.32,9.9633,17.43,6.627,8.14265,43.69,11.69,False,3.079555175363554,2.908468776732249,1.2831479897348192,1.1976047904191514,-5.56030795551754,3.079555175363554,21.899059024807517
2026-07-31,SOXL/USDT,2026-07-31 09:55,126.04,6.34,127.144667,127.665,1.13,-1.19,15,127.4688,124.671313,1.1,122.2706,3.08,1.292,107.32815,17.43,126.05,True,-1.055136850456167,-1.2138040460134876,-0.7854026180087339,-1.769139230464105,3.823879412931371,4.8790162633875385,10.503768345894482
2026-08-01,1000RATS/USDT,2026-08-01 00:00,0.06202,52.98,0.061166,0.061162,1.64,-0.71,15,0.060384,0.056812,9.17,0.044325,39.92,9.832,0.032915,88.43,0.06202,True,-1.4350209609803208,-1.628506933247346,-2.354079329248623,15.027410512737829,12.608835859400195,17.316994517897452,22.057400838439207
2026-08-01,1000RATS/USDT,2026-08-01 01:45,0.05851,42.45,0.06404,0.062918,10.02,-0.54,14,0.062675,0.05864,-0.22,0.048076,21.7,9.733,0.034135,71.41,0.05851,False,9.929926508289185,24.406084430011965,20.628952315843442,11.451034011280118,20.851136557853366,7.229533413091775,15.484532558537001
2026-08-01,1000RATS/USDT,2026-08-01 02:15,0.04423,42.45,0.06389,0.056899,32.06,-0.54,14,0.059777,0.058332,-24.18,0.048747,-9.27,8.671,0.034323,28.86,0.04423,False,-7.415781144019892,-4.99660863667195,-19.172507347953882,-22.676916120280364,-8.410581053583543,-15.962016730725761,-8.523626497852142
2026-08-01,1000RATS/USDT,2026-08-01 21:00,0.05495,14.16,0.055898,0.054505,2.64,5.28,13,0.053233,0.049639,10.7,0.049742,10.47,0.679,0.042973,27.87,0.05496,False,-0.41848617176128283,-5.585880640465787,-6.732168850072771,-13.75545851528385,-16.848617176128087,-29.366812227074224,-32.67831149927219
2026-08-01,1000SATS/USDT,2026-08-01 11:40,1.131e-05,17.42,1.2e-05,1.2e-05,5.49,-2.55,12,1.2e-05,1.1e-05,6.09,1.1e-05,5.4,1.713,1e-05,16.74,1.13e-05,False,-1.8584070796460148,-4.424778761061949,-2.5663716814159345,3.185840707964601,2.6548672566371727,7.787610619469026,2.8318584070796486
2026-08-01,BTW/USDT,2026-08-01 01:45,0.10301,15.25,0.104422,0.10337,2.84,1.92,13,0.102238,0.097466,5.69,0.092241,11.67,2.906,0.085676,20.23,0.10302,True,-1.5628033391574454,-7.047175305765874,2.9605901766647227,-7.066589011842356,-8.134342846049309,-21.131819064259364,-10.696952048145993
2026-08-01,BTW/USDT,2026-08-01 07:05,0.11355,21.38,0.119778,0.117015,7.44,1.44,9,0.114321,0.107155,5.97,0.100206,13.32,3.363,0.088769,27.92,0.11357,False,-1.6465615919697072,-3.8390420005282984,-0.06163599542132659,-1.8050541516245453,-4.015144844589235,-1.9107158580611,0.9949810689442686
2026-08-01,BTW/USDT,2026-08-01 07:35,0.11793,21.38,0.120911,0.117006,5.11,1.44,9,0.115903,0.108228,8.96,0.101048,16.71,3.485,0.089083,32.38,0.11804,False,0.8980006777363652,3.727549983056592,1.4910199932226462,-3.558115892917651,10.699762792273807,-0.8302270416807817,8.75974246018299
2026-08-01,BTW/USDT,2026-08-01 10:25,0.12495,21.78,0.127007,0.123686,2.77,6.36,17,0.12047,0.113972,9.63,0.105918,17.97,3.46,0.091205,37.0,0.12492,True,-1.1927633685558687,0.25616394492475253,12.912263848863276,7.93307716938841,7.612872238232472,8.989753442203014,27.817803394172273
2026-08-01,BTW/USDT,2026-08-01 16:15,0.11578,8.22,0.118601,0.118141,2.83,0.3,14,0.116918,0.116435,-0.56,0.112651,2.78,2.121,0.09544,21.31,0.11577,True,-0.6737496760818891,-1.5288934957242877,3.662434136650249,5.890990757536488,9.605251792346888,19.642394402694997,26.837695430595147
2026-08-01,BTW/USDT,2026-08-01 17:35,0.11172,7.62,0.113195,0.114991,1.57,-4.02,16,0.116053,0.116304,-3.94,0.113762,-1.79,1.692,0.096254,16.07,0.11169,True,3.20530038499418,0.42080759244336846,-1.7369504879577378,3.572387859253285,9.929268511057392,16.241382397707945,23.860685826842147
2026-08-01,CLANKER/USDT,2026-08-01 06:00,13.89,10.8,13.96,13.767857,1.58,0.58,8,13.702,13.285051,4.55,12.6945,9.42,1.766,12.18445,14.0,13.9,True,1.2949640287769764,-0.2877697841726557,0.35971223021583243,4.7482014388489215,4.316546762589925,8.345323741007196,9.92805755395684
2026-08-01,CLANKER/USDT,2026-08-01 06:45,13.79,11.37,14.186364,13.890714,3.08,1.51,11,13.8304,13.378889,3.07,12.7897,7.82,1.893,12.21435,12.9,13.79,False,-0.43509789702683466,0.4350978970268217,2.610587382160982,2.1754894851341477,4.713560551123993,5.87382160986221,9.934735315445971
2026-08-01,GIGGLE/USDT,2026-08-01 01:40,46.87,24.2,47.486842,47.955,2.12,-3.52,19,47.9356,45.521111,2.96,41.90515,11.85,2.403,33.33175,40.62,46.87,False,4.203114998933217,6.379347130360562,10.326434819714095,2.218903349690632,-17.132494132707492,5.205888628120328,10.60379773842543
2026-08-01,GIGGLE/USDT,2026-08-01 02:10,43.88,24.2,46.937368,45.885714,6.88,-3.52,19,47.3656,45.656566,-3.89,42.13275,4.15,2.229,33.5223,30.9,43.88,False,3.0082041932543304,4.21604375569736,-1.8915223336371882,-4.466727438468552,-23.404740200546936,-1.823154056517769,-2.620783956244299
2026-08-01,GIGGLE/USDT,2026-08-01 06:20,54.57,26.54,56.1685,53.715,5.34,17.01,20,50.6936,47.176263,15.67,44.51215,22.6,3.735,35.4415,53.97,54.56,False,0.3115835777126131,6.213343108504399,6.928152492668624,10.025659824046919,18.511730205278596,17.943548387096772,28.17082111436951
2026-08-01,IDOL/USDT,2026-08-01 11:30,0.02403,30.02,0.025045,0.024172,5.01,3.41,8,0.024039,0.023471,2.38,0.020055,19.82,4.62,0.017271,39.14,0.02403,False,0.5826050769870902,-0.4161464835622114,0.20807324178109846,0.6242197253433243,0.5409904286308705,0.3745318352059917,-0.9571369121930964
2026-08-01,KOMA/USDT,2026-08-01 10:30,0.031841,24.04,0.032621,0.031565,3.8,10.67,19,0.030278,0.027912,14.08,0.026669,19.39,3.447,0.020559,54.88,0.031847,True,12.770433635821274,21.433730021666086,22.203033252739665,23.82956008415236,20.93132791157723,54.98163092284987,49.392407448111285
2026-08-01,LIGHT/USDT,2026-08-01 14:10,0.147,9.28,0.148673,0.147079,1.53,0.88,15,0.146596,0.141312,4.03,0.13753,6.89,1.406,0.131387,11.88,0.147,False,0.34013605442176903,0.4081632653061153,0.20408163265305765,-0.34013605442176903,1.972789115646249,2.3129251700680182,-2.1768707482993257
2026-08-01,ON/USDT,2026-08-01 17:20,0.26661,11.04,0.277461,0.266557,4.05,3.52,13,0.262487,0.246308,8.24,0.250146,6.58,0.198,0.244659,8.97,0.26651,False,-1.9436418896101315,-1.4220854752166747,3.309444298525402,4.39383137593336,4.566432779257819,-5.68083749202656,-5.969757232374011
2026-08-01,ON/USDT,2026-08-01 22:15,0.26642,18.33,0.277526,0.270277,5.22,8.24,16,0.261555,0.259293,2.75,0.251017,6.14,0.427,0.24631,8.16,0.26649,False,0.596645277496334,0.09005966452775638,-0.018762430109945775,-2.7393147960523745,-4.052684903748725,-4.360388757551886,-3.726218619835639
2026-08-01,ORDI/USDT,2026-08-01 12:35,3.714,5.26,3.7938,3.7385,2.42,3.88,15,3.68384,3.583495,3.64,3.59229,3.39,0.449,3.369925,10.21,3.715,False,-0.1884253028263827,-0.5652759084791481,0.5921938088829017,1.5881561238223343,2.1534320323014824,3.98384925975773,2.476446837146693
2026-08-01,PTB/USDT,2026-08-01 01:35,0.000749,20.08,0.000763,0.000757,2.77,-0.63,21,0.000764,0.000731,2.41,0.000695,7.77,2.327,0.000657,14.01,0.0007488,False,3.806089743589742,2.24358974358974,1.6960470085470136,-4.487179487179495,-11.912393162393164,-18.202457264957268,-11.899038461538469
2026-08-01,PTB/USDT,2026-08-01 07:35,0.0008246,23.16,0.000862,0.000833,7.01,6.36,30,0.000837,0.000787,4.83,0.000746,10.46,2.913,0.000674,22.3,0.0008252,False,-1.6480853126514792,-1.2724188075618013,-2.6175472612699933,-7.258846340281143,1.2845370819195396,8.107125545322353,18.031992244304416
2026-08-01,PTB/USDT,2026-08-01 08:05,0.0008357,23.16,0.000872,0.000839,5.45,6.36,30,0.00083,0.000792,5.58,0.000752,11.2,2.721,0.000676,23.63,0.0008356,False,-2.584968884633794,-1.3403542364767767,-6.486357108664434,-9.992819530876007,2.0224988032551496,9.7534705600766,15.880804212541888
2026-08-01,PTB/USDT,2026-08-01 11:50,0.0007979,22.15,0.000819,0.000834,3.48,-10.44,18,0.000872,0.000844,-5.45,0.000793,0.58,2.793,0.000692,15.32,0.0007986,True,-2.5169045830202856,-4.570498372151261,-3.5437014775857727,-4.019534184823437,6.611570247933882,12.572001001753074,6.223390934134731
2026-08-01,TAG/USDT,2026-08-01 02:20,0.001394,6.58,0.00145,0.00143,4.67,0.42,7,0.001426,0.001417,-1.61,0.001365,2.12,2.28,0.001199,16.26,0.001395,False,4.37275985663083,3.942652329749099,0.8602150537634462,1.7204301075268769,8.10035842293907,4.731182795698915,-1.0035842293906898
2026-08-01,TAG/USDT,2026-08-01 02:50,0.00134,6.58,0.001455,0.001392,8.1,0.42,7,0.001408,0.001413,-5.18,0.001369,-2.14,2.009,0.001201,11.59,0.00134,False,-0.9701492537313425,-3.2089552238805856,-1.4179104477611881,0.6716417910447844,4.029850746268657,2.3134328358208953,-2.9850746268656634
2026-08-01,TAG/USDT,2026-08-01 18:10,0.001486,10.7,0.001493,0.001477,1.96,0.07,8,0.001445,0.001375,8.09,0.001355,9.7,0.313,0.001273,16.74,0.001487,True,0.0,-0.8069939475453838,-1.0759919300605216,-1.546738399462005,0.13449899125756884,6.18695359784802,4.102219233355755
2026-08-01,TAKE/USDT,2026-08-01 04:20,0.03433,33.39,0.034892,0.033334,4.94,1.37,18,0.033256,0.029446,16.59,0.027367,25.44,3.762,0.025449,34.9,0.03435,False,-0.8442503639010149,2.4454148471615733,5.531295487627363,15.109170305676859,8.558951965065498,10.946142649199416,17.612809315866084
2026-08-01,TLM/USDT,2026-08-01 00:10,0.001823,19.18,0.001872,0.001828,4.62,3.04,13,0.001806,0.001686,8.11,0.001586,14.92,3.008,0.001554,17.33,0.001824,False,0.4385964912280808,-0.6578947368420974,5.646929824561404,5.208333333333335,3.1798245614035143,-3.3442982456140267,11.129385964912283
2026-08-01,TLM/USDT,2026-08-01 08:20,0.001772,16.41,0.001923,0.001891,8.34,3.45,20,0.001859,0.001779,-0.38,0.001729,2.48,2.414,0.001583,11.92,0.001772,False,1.0722347629796796,-0.5643340857787825,2.2009029345372446,6.659142212189607,8.803611738148978,10.5530474040632,9.87584650112867
2026-08-01,TLM/USDT,2026-08-01 08:50,0.001782,16.41,0.001943,0.001816,9.04,3.45,20,0.001851,0.001775,0.39,0.001736,2.66,2.272,0.001585,12.44,0.001782,False,2.5813692480359167,2.749719416386083,6.790123456790124,5.723905723905717,8.136924803591468,10.718294051627385,10.49382716049382
2026-08-01,US/USDT,2026-08-01 01:45,0.057561,14.26,0.06102,0.058702,5.95,4.63,9,0.058024,0.056243,2.34,0.053419,7.75,2.124,0.04885,17.83,0.057605,False,3.0952174290426293,11.969447096606206,13.972745421404392,16.333651592743685,14.812950264733974,13.635969099904525,8.507942018921973
2026-08-01,US/USDT,2026-08-01 02:15,0.05071,14.26,0.062801,0.057142,19.45,4.63,9,0.057295,0.056361,-10.03,0.053563,-5.33,1.875,0.048951,3.59,0.050676,False,-2.1765727366011522,2.2101191885705185,4.001894387875922,4.280132607151309,-1.365537927223929,1.8016418028257895,-7.668324256058096
2026-08-02,AKE/USDT,2026-08-02 01:25,0.0053362,32.57,0.006302,0.006064,15.53,1.64,15,0.006049,0.00565,-5.55,0.004992,6.89,5.48,0.004434,20.35,0.0053326,False,10.036380002250302,-4.748152871019771,15.168960732100656,14.083186438135243,20.44781157409144,19.802722874395222,12.498593556614027
2026-08-02,AKE/USDT,2026-08-02 01:55,0.0055858,32.57,0.006342,0.005577,12.55,1.64,15,0.005819,0.005608,-0.39,0.005021,11.25,4.666,0.004441,25.78,0.0055863,False,6.5911247158226365,19.021534826271406,13.681685552154377,24.22354689150242,21.402359343393655,22.914988453896143,22.202531192381358
2026-08-02,AKE/USDT,2026-08-02 16:25,0.0046766,12.12,0.005092,0.004863,8.67,7.62,13,0.004734,0.004462,4.81,0.004601,1.65,-2.771,0.004524,3.37,0.0046751,False,3.2897692027978,-0.3807405189193837,6.690765972920352,4.802036320078713,0.9689632307330294,-3.3368270197428913,-4.066223182391828
2026-08-02,AKE/USDT,2026-08-02 16:55,0.0046929,12.12,0.005256,0.004792,12.18,7.62,13,0.004748,0.004484,4.65,0.004556,3.0,-2.971,0.004531,3.57,0.0046933,False,5.162678712206762,7.052606907719508,5.047621076854238,5.495067436558501,3.40911512155627,-3.2748812136449765,-5.729444101165488
2026-08-02,BLESS/USDT,2026-08-02 03:45,0.012774,35.3,0.012823,0.012897,2.51,-4.44,7,0.012238,0.011398,12.07,0.01043,22.47,4.341,0.00899,42.09,0.012768,True,4.660087719298247,7.495300751879695,2.655075187969917,0.6813909774436111,-8.372493734335844,-17.269736842105267,-31.406641604010037
2026-08-02,BLESS/USDT,2026-08-02 10:45,0.014398,31.85,0.0159,0.015204,13.33,7.79,13,0.014792,0.013492,6.72,0.012256,17.48,5.052,0.00979,47.07,0.0144,False,0.2777777777777785,-6.527777777777777,-3.979166666666671,-4.763888888888895,-13.965277777777771,-26.937500000000004,-38.04861111111112
2026-08-02,BLESS/USDT,2026-08-02 15:25,0.016612,28.85,0.016827,0.016564,3.16,0.45,8,0.016201,0.015023,10.58,0.013566,22.45,4.733,0.01047,58.67,0.016606,True,-2.041430808141651,-1.5958087438275406,-7.388895579910891,-9.466457906780686,-9.382151029748286,-21.034565819583282,-26.78549921715043
2026-08-02,BLESS/USDT,2026-08-02 18:20,0.018167,29.94,0.018401,0.018074,2.09,-0.69,9,0.017973,0.016274,11.64,0.014692,23.65,5.86,0.011047,64.46,0.01817,False,0.06053935057785979,-0.7870115575123873,-0.17611447440836972,1.7336268574573437,-10.588882773802984,-14.556962025316464,2.8508530544854027
2026-08-02,BLESS/USDT,2026-08-02 20:00,0.017891,25.45,0.018385,0.018196,2.69,-0.29,21,0.018174,0.016926,5.7,0.015301,16.93,5.198,0.011396,56.99,0.017889,False,2.465202079490173,0.5198725473754785,3.1583654759908297,-7.568897087595736,-15.903627927776848,-19.07317345854996,-4.119850187265926
2026-08-02,BLESS/USDT,2026-08-02 20:30,0.017796,25.45,0.018369,0.017891,3.64,-0.29,21,0.018055,0.017075,4.22,0.015443,15.23,4.604,0.011495,54.82,0.017791,False,-0.19672868304198926,2.624922713731674,-7.0878534090270255,-9.735259400820624,-16.62076330729019,-18.987128323309534,2.9003428699904585
2026-08-02,BR/USDT,2026-08-02 05:35,0.16065,6.5,0.162783,0.165701,1.34,-2.77,18,0.166155,0.165211,-2.76,0.163782,-1.91,0.654,0.155462,3.34,0.16086,False,-0.012433171702096386,0.08703220191470921,-0.7397737162750196,1.4360313315926934,2.8347631480790803,4.668655974139013,7.11799079945295
2026-08-02,ELSA/USDT,2026-08-02 13:00,0.05302,8.34,0.05309,0.053337,0.55,-1.63,16,0.05355,0.053265,-0.46,0.052842,0.34,0.405,0.049477,7.16,0.05302,True,1.41456054319125,0.22632968691059055,-0.5658242172765027,0.999622783855141,0.07544322897019685,2.5273481705016994,-2.7913994718974013
2026-08-02,EPIC/USDT,2026-08-02 03:20,0.9287,6.02,0.936385,0.930929,1.25,0.13,13,0.929288,0.896963,3.54,0.901546,3.01,1.866,0.816136,13.79,0.9288,False,0.33376399655469335,-1.001291989664092,-0.37683031869079014,3.671403962101627,6.642980189491815,2.368647717484917,2.573212747631344
2026-08-02,EPIC/USDT,2026-08-02 03:50,0.9381,6.02,0.936938,0.929286,0.93,0.13,13,0.929964,0.898728,4.38,0.904418,3.72,1.684,0.817702,14.72,0.938,True,1.6204690831556494,0.6076759061833611,1.087420042643922,5.031982942430694,7.292110874200416,3.0810234541577746,3.7420042643923144
2026-08-02,EPIC/USDT,2026-08-02 21:05,0.9527,7.26,0.95526,0.946371,1.16,0.66,10,0.939532,0.908824,4.83,0.900146,5.84,0.125,0.864523,10.2,0.9528,True,0.6507136859781678,0.7661628883291324,1.8261964735516345,1.7002518891687648,4.460537363560032,6.96893366918556,5.8669185558354275
2026-08-02,EUL/USDT,2026-08-02 02:40,1.5751,10.39,1.60062,1.610357,2.27,-2.33,10,1.59752,1.545754,1.9,1.506862,4.53,2.177,1.426412,10.42,1.5752,False,0.12696800406297623,-3.421787709497211,-2.1076688674454114,-1.796597257491112,7.745048247841536,6.22778059928897,8.170391061452516
2026-08-02,EUL/USDT,2026-08-02 04:05,1.5962,9.39,1.604053,1.615486,1.17,-0.24,17,1.604352,1.559638,2.34,1.531141,4.25,2.275,1.431306,11.52,1.596,False,0.307017543859657,-0.5325814536340822,1.447368421052639,7.117794486215548,8.75313283208021,9.298245614035093,9.442355889724313
2026-08-02,HOME/USDT,2026-08-02 00:25,0.006401,8.22,0.006518,0.006383,2.46,3.84,19,0.006318,0.006051,5.79,0.006021,6.31,1.487,0.005633,13.63,0.0064,False,-0.6562499999999921,-2.5625000000000013,-3.921874999999992,-8.140624999999996,-12.390624999999991,-28.40624999999999,-23.703125
2026-08-02,HOME/USDT,2026-08-02 06:25,0.007408,21.65,0.007732,0.007531,5.13,3.69,14,0.007442,0.006857,8.04,0.006401,15.74,2.262,0.005853,26.58,0.007408,False,0.8909287257019451,0.22948164146867783,-5.804535637149026,-10.934125269978402,-6.236501079913615,-11.028617710583154,-14.335853131749468
2026-08-02,HOME/USDT,2026-08-02 06:55,0.007391,21.65,0.007848,0.007449,5.91,3.69,14,0.007453,0.006924,6.75,0.006439,14.78,2.344,0.005871,25.88,0.007388,False,-2.111532214401743,-6.090958310774227,-9.664320519761779,-12.601515971846244,-6.104493773687072,-14.821331889550619,-11.410395235517067
2026-08-02,HOME/USDT,2026-08-02 09:20,0.008226,28.18,0.008514,0.008299,4.53,1.55,10,0.008179,0.007427,10.76,0.006758,21.72,4.291,0.005998,37.15,0.008226,False,-1.008995866763916,2.540724531971807,5.640651592511558,1.6897641624118676,5.701434476051551,-3.93873085339168,7.1966934111354295
2026-08-02,HOME/USDT,2026-08-02 09:50,0.008017,28.18,0.008591,0.008285,6.74,1.55,10,0.008239,0.007521,6.6,0.006831,17.36,4.413,0.006022,33.14,0.008019,False,2.5564284823544123,3.2048883900735783,0.6235191420376568,0.9851602444195153,3.4293552812071337,-8.70432722284575,3.179947624392069
2026-08-02,HOME/USDT,2026-08-02 19:00,0.008241,15.03,0.008445,0.008454,3.42,-1.38,18,0.008491,0.008231,0.12,0.007924,4.0,2.911,0.006542,25.98,0.00824,False,1.9417475728155391,-0.25485436893202,6.347087378640786,6.638349514563114,6.881067961165057,18.968446601941757,17.657766990291268
2026-08-02,HOME/USDT,2026-08-02 19:30,0.008261,15.03,0.008406,0.00823,2.72,-1.38,18,0.008406,0.008236,0.3,0.007959,3.79,2.545,0.006568,25.77,0.008263,False,2.4325305579087475,6.6077695752148085,6.595667433135659,6.389931017790147,7.273387389567944,20.86409294445117,18.96405663802493
2026-08-02,H/USDT,2026-08-02 15:25,0.07882,14.27,0.079556,0.077711,2.56,5.64,17,0.076085,0.072356,8.93,0.070963,11.07,1.728,0.066996,17.65,0.0788,False,-0.431472081218283,-0.4187817258883387,-0.6725888324873132,2.703045685279179,4.543147208121828,4.225888324873097,2.626903553299478
2026-08-02,H/USDT,2026-08-02 18:05,0.07739,13.61,0.077607,0.077513,1.75,-2.11,22,0.07852,0.075169,2.95,0.072518,6.72,1.563,0.067877,14.02,0.07742,True,1.821234823043152,2.5187290105915876,2.363730302247479,2.7899767501937602,2.286230948075443,1.5758202014983194,3.4487212606561686
2026-08-02,H/USDT,2026-08-02 18:35,0.07547,13.61,0.077149,0.076411,2.36,-2.11,22,0.07777,0.075554,-0.11,0.072716,3.79,1.395,0.068011,10.97,0.07551,False,0.7018937889021174,-0.10594623228712836,2.105681366706389,0.7681101840815749,0.38405509204078747,-1.3375711826248324,0.7018937889021174
2026-08-02,H/USDT,2026-08-02 19:05,0.07559,13.61,0.076691,0.075903,1.77,-2.11,22,0.076618,0.07587,-0.37,0.07286,3.75,1.143,0.068143,10.93,0.07556,False,0.6484912652196986,2.1704605611434653,0.3970354685018642,-0.9793541556379096,-0.026469031233446596,-1.323451561672844,-1.1911064055055558
2026-08-02,ICNT/USDT,2026-08-02 15:20,0.1443,12.18,0.1451,0.143729,1.1,0.35,10,0.143152,0.134206,7.52,0.130115,10.9,1.699,0.12587,14.64,0.1443,True,-2.564102564102551,-1.2474012474012446,-1.5246015246015103,0.6237006237006318,-14.553014553014545,10.74151074151075,9.009009009009016
2026-08-02,ICNT/USDT,2026-08-02 16:25,0.147,14.67,0.148923,0.146371,2.23,2.34,13,0.145204,0.136806,7.45,0.131652,11.66,2.012,0.126488,16.22,0.1469,False,-0.5445881552076209,-0.5445881552076209,1.2253233492171518,-3.063308373042889,9.734513274336287,13.614703880190598,10.68754254594962
2026-08-02,ICNT/USDT,2026-08-02 19:05,0.1505,13.37,0.152579,0.150636,2.15,1.81,14,0.148956,0.143148,5.14,0.135552,11.03,2.204,0.128551,17.07,0.1505,True,-9.833887043189375,11.22923588039867,10.764119601328899,12.026578073089706,14.352159468438543,12.757475083056475,-22.392026578073096
2026-08-02,IDOL/USDT,2026-08-02 02:00,0.02421,6.38,0.024581,0.024694,2.49,-1.95,11,0.024744,0.024398,-0.77,0.024469,-1.06,0.536,0.019942,21.4,0.02422,True,0.9909165978530023,1.5689512799339322,0.619322873658123,0.8670520231213806,7.26672171758876,8.505367464905035,7.968620974401312
2026-08-02,KAITO/USDT,2026-08-02 00:25,1.2018,5.8,1.212775,1.201807,1.25,0.62,8,1.1948,1.195867,0.5,1.15061,4.45,0.99,1.118502,7.45,1.2018,False,0.09152937260774495,-0.024962556165748627,-0.44100515892828107,-0.15809618904975975,2.354801131635879,3.3366616741554354,0.0
2026-08-02,KAITO/USDT,2026-08-02 02:30,1.1939,5.43,1.216677,1.2111,2.07,-0.17,13,1.208792,1.201937,-0.67,1.164756,2.5,1.188,1.122904,6.32,1.1939,False,-1.181003434123461,-0.2261495937683346,0.4187955440154028,1.574671245497942,2.4960214423318576,-1.1056202362006953,10.754669570315778
2026-08-02,PIEVERSE/USDT,2026-08-02 09:40,0.7244,7.27,0.750954,0.750007,3.64,0.13,13,0.74682,0.727981,-0.49,0.713663,1.5,1.145,0.685272,5.71,0.7243,False,0.6350959547149038,0.4970316167334043,-0.6212895209167401,-1.3392240784205343,-2.7888996272262867,-9.3745685489438,-9.940632334667947
2026-08-02,PIEVERSE/USDT,2026-08-02 19:00,0.8007,8.73,0.804557,0.800207,1.16,0.2,7,0.795656,0.762117,5.06,0.745503,7.4,1.418,0.70518,13.55,0.8009,True,-0.38706455237858695,0.27469097265575976,-0.07491571981521351,0.911474591085026,2.572106380322132,4.694718441753024,-1.0363341241103865
2026-08-02,PIEVERSE/USDT,2026-08-02 20:15,0.7961,8.66,0.80866,0.802536,1.86,0.41,10,0.801968,0.772403,3.07,0.752049,5.86,1.432,0.708686,12.33,0.7959,True,-0.7036059806508278,-0.8041211207438071,-1.2438748586505728,1.3695187837668075,3.0908405578590354,-0.5653976630229863,-0.2889810277673035
2026-08-02,PROM/USDT,2026-08-02 00:40,1.954,8.79,1.977333,1.968,1.69,-0.4,9,1.95844,1.87801,4.05,1.84193,6.08,1.467,1.724465,13.31,1.954,True,-0.6653019447287678,-1.3817809621289732,-0.3582395087001084,0.358239508700097,-0.5629477993858812,5.936540429887405,4.298874104401221
2026-08-02,UAI/USDT,2026-08-02 05:55,0.5275,14.35,0.538388,0.54265,2.41,-2.19,16,0.545368,0.538202,-1.99,0.50589,4.27,2.501,0.425701,23.91,0.5275,False,-0.9857819905213238,-2.881516587677724,-2.1611374407583086,-3.3554502369668344,-4.83412322274883,1.7630331753554458,0.7772511848341218
2026-08-02,UAI/USDT,2026-08-02 10:30,0.5472,7.17,0.5695,0.553171,4.41,2.25,10,0.551468,0.545185,0.37,0.532655,2.73,2.04,0.442786,23.58,0.5472,False,1.1330409356725115,2.083333333333327,1.3888888888888982,1.9371345029239861,1.6264619883040972,4.385964912280706,3.399122807017555
2026-08-02,UAI/USDT,2026-08-02 11:00,0.5358,7.17,0.577,0.5507,8.75,2.25,10,0.54984,0.545685,-1.81,0.53415,0.31,1.623,0.4444,20.57,0.5351,False,-1.0839095496168991,-0.8409643057372357,-4.821528686226861,0.31769762661185474,-2.616333395626988,1.4016071762287539,-0.8035881143711401
2026-08-02,UAI/USDT,2026-08-02 12:40,0.5326,6.04,0.53825,0.544093,1.51,-1.25,16,0.542828,0.545454,-2.36,0.53802,-1.01,0.91,0.449181,18.57,0.5326,True,-0.6571535861810098,1.68982350732257,1.2204280886218457,-2.6098385279759717,-2.5347352609838656,6.890724746526466,-4.712730003755166
2026-08-02,XAN/USDT,2026-08-02 10:45,0.012746,5.9,0.012835,0.01278,1.17,-0.07,20,0.01275,0.012581,1.31,0.01226,3.96,0.945,0.011755,8.43,0.012745,True,-2.3617104746959665,-2.8324833267948235,-2.840329540996479,-3.585719890153008,-5.468811298548462,-7.4695959199686275,-2.3617104746959665
2026-08-02,XAN/USDT,2026-08-02 14:15,0.013065,6.27,0.013252,0.013159,3.26,-0.24,11,0.013157,0.012844,1.72,0.012549,4.11,1.345,0.011853,10.22,0.013053,True,-2.313644372941088,-2.980157818126105,-3.1103960775300705,-5.424040450471159,-0.9576342603232981,-0.237493296560176,2.93419137363058
2026-08-02,XAN/USDT,2026-08-02 17:05,0.013519,8.56,0.013754,0.01369,2.49,-0.01,15,0.01365,0.013191,2.48,0.01282,5.45,1.587,0.011975,12.89,0.013504,False,1.6439573459715635,0.7405213270142263,1.1774289099526152,0.7109004739336536,5.087381516587679,5.998222748815166,4.731931279620858
2026-08-02,XAN/USDT,2026-08-02 17:35,0.013404,8.56,0.013753,0.013545,2.94,-0.01,15,0.013613,0.013234,1.29,0.012864,4.2,1.561,0.011996,11.74,0.013409,False,0.14915355358342097,0.4772913714669368,-0.7457677679170661,-0.5145797598627758,4.1091804012230675,5.41427399507794,3.2142590797225803
2026-08-02,XAN/USDT,2026-08-02 18:05,0.013345,8.56,0.013752,0.01342,3.0,-0.01,15,0.013544,0.013269,0.57,0.0129,3.45,1.443,0.012017,11.05,0.013344,False,1.1390887290167817,-1.2365107913669082,-0.47961630695443513,0.19484412470023965,2.0908273381294946,5.110911270983216,3.8444244604316515
2026-08-03,BICO/USDT,2026-08-03 02:45,0.01754,37.47,0.018533,0.017622,6.81,7.12,15,0.017092,0.014966,17.2,0.013556,29.39,4.814,0.012435,41.06,0.01756,False,7.232346241457861,10.193621867881548,13.496583143507968,15.489749430523911,13.154897494305237,3.189066059225501,-8.371298405466966
2026-08-03,BICO/USDT,2026-08-03 03:15,0.01577,37.47,0.019017,0.017226,18.44,7.12,15,0.017098,0.015171,3.95,0.01369,15.2,4.751,0.012477,26.4,0.01577,False,-1.1414077362079875,3.6778693722257385,1.9657577679137572,5.580215599239055,8.053265694356364,-9.258084971464804,-20.925808497146487
2026-08-03,ENA/USDT,2026-08-03 15:20,0.09283,5.51,0.093147,0.093299,0.5,-0.72,12,0.092876,0.090532,2.54,0.089426,3.81,0.469,0.086606,7.19,0.09282,False,0.4632622279681102,0.754147812971349,-0.24779142426200615,0.05386770092651852,1.3897866839043305,0.2585649644473218,1.4113337642749468
2026-08-03,ENA/USDT,2026-08-03 15:50,0.09212,5.51,0.092807,0.092796,1.26,-0.72,12,0.092991,0.090775,1.48,0.089515,2.91,0.473,0.086717,6.23,0.09213,True,-0.9551720395093801,-0.9985889503961688,-0.9660262672310885,-0.5427113860848806,0.662107891023553,-0.5969825246933625,0.49929447519809184
2026-08-03,GWEI/USDT,2026-08-03 00:00,0.01675,8.12,0.017037,0.016566,3.03,4.02,15,0.016335,0.01603,4.49,0.01565,7.03,0.891,0.015338,9.21,0.01675,True,-1.2537313432835724,0.0,-0.8358208955223746,-3.402985074626851,0.8955223880597064,-2.567164179104476,7.4626865671641855
2026-08-03,GWEI/USDT,2026-08-03 09:05,0.0168,5.88,0.016966,0.01708,1.16,-1.56,10,0.016997,0.016971,-1.0,0.016553,1.49,1.132,0.015612,7.61,0.0168,True,-1.3095238095238182,-1.845238095238103,-1.9047619047619098,0.1785714285714213,6.0119047619047645,0.2976190476190355,0.4166666666666704
2026-08-03,M/USDT,2026-08-03 03:15,1.2254,6.73,1.254267,1.227743,2.44,3.11,12,1.215268,1.195945,2.46,1.175567,4.24,1.287,1.122049,9.21,1.2264,False,-0.5463144161774421,-0.29354207436399604,-0.660469667318982,-1.2230919765166441,2.250489236790594,4.680365296803644,5.05544683626874
2026-08-03,NIL/USDT,2026-08-03 19:50,0.03278,8.54,0.033078,0.032735,1.29,0.33,8,0.032451,0.031251,4.89,0.030754,6.59,0.899,0.029679,10.45,0.03277,False,-0.06103143118705885,-1.2816600549282782,1.76991150442477,-0.03051571559351884,-1.1290814769606417,-5.157155935306674,-1.861458651205369
2026-08-03,NIL/USDT,2026-08-03 20:35,0.03261,8.17,0.033368,0.032846,2.48,0.79,9,0.032751,0.031457,3.67,0.030892,5.56,1.1,0.029756,9.59,0.03261,False,1.2879484820607077,1.134621281815401,-0.4293161606869097,-0.8892977614228722,-4.814474087703164,-8.402330573443727,-2.453235203925183
2026-08-03,NIL/USDT,2026-08-03 21:05,0.03224,8.17,0.033541,0.032625,4.45,0.79,9,0.032692,0.031561,2.15,0.030962,4.13,1.089,0.029799,8.19,0.03225,False,0.34108527131782634,-1.5503875968992262,-0.9612403100775124,-1.1782945736434058,-5.395348837209298,-5.426356589147292,-2.759689922480626
2026-08-03,PRL/USDT,2026-08-03 02:35,0.2675,6.48,0.2734,0.270979,2.16,2.1,16,0.268972,0.265142,0.89,0.259425,3.11,0.665,0.248896,7.47,0.2676,False,0.0,-0.18684603886397624,-0.8221225710014872,0.9342301943198812,-0.784753363228696,3.213751868460387,0.9715994020926723
2026-08-03,PRL/USDT,2026-08-03 03:05,0.2681,6.48,0.2755,0.269664,2.79,2.1,16,0.2696,0.265925,0.82,0.259764,3.21,0.67,0.249069,7.64,0.268,False,-0.7835820895522353,-0.6716417910447642,1.1567164179104445,1.2313432835820988,-1.5671641791044706,1.5298507462686537,1.0447761194029943
2026-08-03,PRL/USDT,2026-08-03 06:50,0.2697,5.41,0.270333,0.270857,0.42,-1.09,9,0.26936,0.268281,0.53,0.262801,2.63,0.697,0.250519,7.66,0.2698,True,-0.8895478131949642,-1.0007412898443424,-2.1868050407709476,-1.7790956263899285,2.2609340252038526,1.6679021497405502,1.5937731653076246
2026-08-03,PTB/USDT,2026-08-03 07:50,0.0008943,6.88,0.000905,0.000912,1.41,-1.66,12,0.000903,0.000885,1.1,0.000875,2.25,0.768,0.00081,10.36,0.0008943,True,-3.2427597003242816,-2.22520407022252,-5.087778150508774,-6.888068880688805,-2.884937940288491,-3.3098512803309803,-10.24264788102427
2026-08-03,PTB/USDT,2026-08-03 09:30,0.000946,9.83,0.000955,0.000939,1.83,2.43,15,0.000925,0.000895,5.66,0.000879,7.6,0.641,0.000814,16.21,0.0009465,True,0.08452192287374743,-0.34865293185420243,-0.9191759112519862,2.5250924458531414,-8.378235604860025,0.5071315372424732,-6.930797675647119
2026-08-03,PTB/USDT,2026-08-03 13:10,0.0010198,18.54,0.001042,0.001008,3.4,9.83,16,0.000965,0.000929,9.78,0.000897,13.66,1.599,0.000819,24.49,0.0010197,True,-1.1375894871040566,-0.8629989212513481,-1.7161910365794015,6.903991370010775,6.884377758164153,3.1087574776895126,6.148867313915853
2026-08-03,PTB/USDT,2026-08-03 15:30,0.0009561,16.92,0.000969,0.001021,2.68,-6.83,18,0.001026,0.000966,-1.04,0.000923,3.57,2.435,0.000829,15.36,0.0009562,False,1.213135327337384,1.2340514536707874,0.2091612633340356,1.51641915917173,-4.078644635013581,-5.385902530851286,14.87136582304957
2026-08-03,PTB/USDT,2026-08-03 16:00,0.0009444,16.92,0.000945,0.000972,2.26,-6.83,18,0.001003,0.000968,-2.45,0.000926,2.04,1.981,0.00083,13.79,0.0009444,True,0.38119440914866365,-1.0376958915713703,-0.603557814485385,-2.477763659466331,-3.155442609063964,-4.193138500635334,13.881829733163913
2026-08-03,PTB/USDT,2026-08-03 22:45,0.0009979,6.33,0.001006,0.001005,1.3,-0.79,12,0.001001,0.000983,1.49,0.000967,3.14,1.49,0.000866,15.27,0.0009983,True,-0.41069818691777565,-0.48081738956226755,1.6628268055694544,2.3339677451667806,18.45136732445156,19.34288290093158,19.91385355103676
2026-08-03,SKYAI/USDT,2026-08-03 03:25,0.03118,9.52,0.032324,0.031632,6.38,8.03,26,0.030916,0.03014,3.45,0.029663,5.11,0.594,0.027301,14.21,0.03114,True,-3.853564547206165,-5.940912010276164,-6.583172768143854,-8.60629415542711,-3.0828516377649184,-9.601798330122028,-24.502247912652532
2026-08-03,SKYAI/USDT,2026-08-03 06:15,0.03257,12.08,0.03254,0.033068,0.89,-2.33,13,0.033071,0.031091,4.76,0.030455,6.94,2.085,0.027716,17.51,0.03256,True,1.8120393120393128,4.084766584766578,1.9656019656019708,-2.6105651105651213,-0.1842751842751981,-11.947174447174461,-27.794840294840306
2026-08-03,SKYAI/USDT,2026-08-03 06:45,0.03123,12.08,0.03218,0.032307,3.85,-2.33,13,0.032776,0.031207,0.07,0.030546,2.24,1.837,0.027771,12.45,0.03122,True,-3.363228699551566,-2.2421524663676995,-4.484304932735432,-10.762331838565018,-8.07174887892376,-22.22934016655989,-35.169762972453555
2026-08-03,SKYAI/USDT,2026-08-03 09:35,0.0321,12.88,0.032049,0.033009,0.87,-3.33,17,0.032998,0.032283,-0.57,0.031065,3.33,1.23,0.028169,13.96,0.03208,True,-0.31172069825437304,-1.1845386533666002,-3.0548628428927733,-6.670822942643402,-10.785536159601012,-27.992518703241903,-29.426433915211987
2026-08-03,SKYAI/USDT,2026-08-03 16:10,0.0381,21.09,0.03981,0.038937,4.95,1.67,10,0.038312,0.034953,9.0,0.033213,14.71,3.154,0.029492,29.19,0.0381,False,-2.230971128608915,-2.834645669291332,-7.611548556430445,-6.719160104986875,-6.220472440944874,-4.881889763779529,-26.01049868766403
2026-08-03,SKYAI/USDT,2026-08-03 19:15,0.04161,21.56,0.042018,0.041645,1.07,0.45,10,0.041118,0.03783,9.99,0.035229,18.11,3.954,0.030471,36.56,0.04164,True,-1.5369836695484984,-0.07204610951007519,2.9538904899135487,0.7204610951008684,3.9145052833813794,-10.470701248799221,-7.348703170028801
2026-08-03,SKYAI/USDT,2026-08-03 20:50,0.04073,21.04,0.041737,0.040663,2.63,-0.52,19,0.041236,0.039167,3.99,0.036075,12.9,3.193,0.03091,31.77,0.04075,False,0.7852760736196338,-0.8588957055214629,-0.7361963190184089,-0.515337423312888,3.2392638036809855,-13.889570552147234,-11.41104294478528
2026-08-03,STAR/USDT,2026-08-03 02:25,0.10313,11.54,0.106272,0.103684,4.01,4.23,19,0.102316,0.098143,5.08,0.0972,6.1,0.456,0.085579,20.51,0.10311,False,0.038793521481910946,-0.7564736688972971,1.5711376200174536,1.2801862089031013,1.813597129279407,7.807196198234884,12.559402579769168
2026-08-03,STAR/USDT,2026-08-03 02:55,0.10389,11.54,0.107626,0.103686,3.71,4.23,19,0.102994,0.098589,5.38,0.097346,6.72,0.614,0.085729,21.18,0.10389,False,1.3572047357782218,2.3101357204735775,3.667340456251799,1.453460390797957,2.030994320916355,7.758205794590431,15.25652132062759
2026-08-03,TAKE/USDT,2026-08-03 02:30,0.03859,13.86,0.039877,0.038554,3.78,2.33,8,0.038055,0.037355,3.31,0.035184,9.68,3.042,0.03142,22.82,0.03857,False,0.4148301788955157,-1.8408089188488523,-0.33704952035260094,-3.7334716100596235,1.918589577391749,2.9297381384495695,3.7334716100596235
2026-08-03,TAKE/USDT,2026-08-03 03:05,0.03915,13.86,0.040665,0.038981,4.83,2.33,8,0.038611,0.037533,4.31,0.035475,10.36,3.023,0.031521,24.2,0.03916,False,0.33197139938712505,1.3023493360572103,0.5617977528089836,-2.579162410623077,3.57507660878447,1.0469867211440262,1.7364657814096018
2026-08-04,AAOI/USDT,2026-08-04 02:20,112.45,11.63,113.8016,112.417143,1.35,0.08,25,111.6484,111.280101,1.05,105.1375,6.96,1.94,99.0093,13.58,112.47,False,-0.7113007913221279,-0.3912154352271696,-0.017782519783049722,-0.25784653685427783,-3.1208322219258515,-11.283008802347291,-13.310216057615362
2026-08-04,AAOI/USDT,2026-08-04 07:55,115.76,5.42,116.582,116.328571,0.74,-0.23,5,116.0456,113.470606,2.02,111.52405,3.8,1.736,101.1089,14.49,115.8,True,-1.1744386873920547,-0.958549222797927,-1.234887737478417,-0.06908462867011943,-15.699481865284968,-14.715025906735757,-13.652849740932657
2026-08-04,AAOI/USDT,2026-08-04 13:25,128.57,16.85,131.918,130.136429,2.67,-0.81,20,130.8168,121.550404,5.78,116.8041,10.07,2.157,104.3574,23.2,128.56,True,2.1079651524580023,-0.9489732420659605,-0.3578095830740572,-3.1269446172993236,-4.682638456751719,-0.9411947728687056,-2.948039825762284
2026-08-04,AAOI/USDT,2026-08-04 13:55,129.78,16.85,131.594,129.447143,2.91,-0.81,20,130.1448,122.438687,6.0,117.3239,10.62,2.025,104.6934,23.96,129.77,False,0.6241812437389244,0.577945596054558,-0.42382677043999606,-2.365723973183319,-3.760499344994987,0.07705941280729192,-2.4736071511134923
2026-08-04,AAOI/USDT,2026-08-04 19:15,133.09,10.81,133.6,134.335714,0.5,-1.72,18,134.51,131.916061,0.89,124.0194,7.31,2.244,108.86825,22.25,133.08,False,0.7514277126540426,0.4733994589720648,3.7195671776375234,2.4120829576194827,1.4577697625488624,-0.6311992786293771,-0.8340847610459761
2026-08-04,AAOI/USDT,2026-08-04 19:45,132.45,10.81,132.82,132.992857,0.45,-1.72,18,133.9376,132.061616,0.29,124.6072,6.29,2.108,109.22565,21.26,132.46,False,0.8606371734863467,3.268911369470038,2.7706477427147935,1.8496149781066111,1.1022195379737338,-2.1893401781669977,-1.0946700890834882
2026-08-04,AKT/USDT,2026-08-04 01:30,0.5306,7.69,0.539717,0.535464,2.45,0.58,12,0.53418,0.534708,-0.77,0.511683,3.7,1.309,0.4857,9.24,0.5305,False,1.1687087653157366,0.79170593779453,1.903864278982092,-1.7153628652214887,0.13195098963240773,1.885014137606034,4.750235626767201
2026-08-04,AKT/USDT,2026-08-04 02:00,0.5263,7.69,0.541267,0.529514,3.06,0.58,12,0.532804,0.535329,-1.69,0.512982,2.6,1.262,0.486115,8.27,0.5259,False,1.1409013120365097,1.0458262027001446,-1.540216771249286,-1.6352918805856516,0.32325537174368413,1.4641566837801938,4.392470051340561
2026-08-04,AXTI/USDT,2026-08-04 00:55,68.52,10.06,68.825333,69.715,0.82,-3.1,15,70.1812,69.897374,-1.97,65.7678,4.18,1.654,63.0317,8.71,68.48,True,1.022196261682247,-0.32126168224298896,-2.2488317757009226,-1.70852803738318,-2.8329439252336415,-6.907126168224284,4.92114485981309
2026-08-04,AXTI/USDT,2026-08-04 09:00,73.1,5.62,73.524706,73.155,0.75,1.7,17,72.5884,70.720303,3.36,70.2897,4.0,0.673,64.5836,13.19,73.09,False,1.1903133123546374,0.2189081953755597,-0.2189081953755597,-1.4913120809960367,10.931728006567258,9.809823505267481,12.423040087563276
2026-08-04,AXTI/USDT,2026-08-04 09:30,72.93,5.62,73.958824,72.926429,1.77,1.7,17,72.7832,70.975657,2.75,70.4098,3.58,0.687,64.7018,12.72,72.93,False,-0.20567667626489985,-0.4387769093651353,-6.6913478678184495,4.771698889345953,11.709858768682306,9.25545043192102,12.436583024818328
2026-08-04,BTW/USDT,2026-08-04 06:05,0.11749,11.95,0.118611,0.117209,1.33,1.06,13,0.116471,0.110057,6.75,0.106486,10.33,2.366,0.092641,26.82,0.11742,True,-0.7153806847215188,-0.9964230965763962,-1.805484585249529,4.045307443365688,-1.0219724067450235,-3.338443195367064,-10.560381536365181
2026-08-04,BTW/USDT,2026-08-04 07:30,0.11771,11.44,0.119005,0.11822,3.68,-0.22,8,0.118003,0.112206,4.9,0.108094,8.9,2.203,0.093558,25.81,0.11771,False,2.548636479483467,4.816922946223766,3.51711834168719,0.7306091241185962,0.3058363775380165,-9.29402769518307,-12.862118766459945
2026-08-04,BTW/USDT,2026-08-04 14:25,0.12206,14.7,0.123244,0.123396,2.54,2.74,18,0.12132,0.118133,3.32,0.114063,7.01,2.375,0.098278,24.2,0.12203,True,-3.720396623781028,-4.400557240022956,-4.416946652462514,-2.7288371711874126,-6.219782020814565,-11.66106695074981,-7.293288535605992
2026-08-04,BTW/USDT,2026-08-04 23:05,0.13693,11.32,0.138468,0.135109,2.48,2.67,13,0.134082,0.130836,4.66,0.12464,9.86,1.697,0.106504,28.57,0.13689,True,-0.03652567755131455,0.47483380816715,2.067353349404631,4.909051062897219,9.321352911096506,6.34816275841917,-7.422017678427915
2026-08-04,COHR/USDT,2026-08-04 12:05,334.56,15.74,341.488235,337.004286,2.3,2.9,17,331.1184,307.098182,8.94,299.19735,11.82,1.662,280.2411,19.38,334.51,False,1.7966577979731522,2.9625422259424137,1.3601984992974834,4.5888015305969825,1.1120743774476012,2.526082927266745,3.201698006038677
2026-08-04,COHR/USDT,2026-08-04 17:55,333.8,8.54,336.467647,334.347143,0.94,0.66,17,333.456,328.304545,1.67,312.69255,6.75,1.692,287.398,16.15,333.84,False,0.4553079319434406,0.032949916127473285,0.9465612269350493,2.8037383177569963,3.8461538461538387,1.3060148574167139,-1.710400191708614
2026-08-04,COHR/USDT,2026-08-04 18:25,333.73,8.54,337.240588,333.700714,1.26,0.66,17,333.8332,330.092929,1.1,313.9683,6.29,1.712,288.0577,15.86,333.62,False,0.7793297763923094,0.88124213176668,1.5976260416042154,3.6328757268748886,3.4530303938612743,1.846412085606386,0.37467777711168393
2026-08-04,CRWV/USDT,2026-08-04 01:00,84.58,9.04,85.361111,85.434286,1.09,-1.13,18,85.8252,85.390707,-0.95,80.39245,5.21,1.906,75.3493,12.25,84.62,False,-0.744504845190257,-1.5008272276057621,-2.339872370597955,-1.8080831954620669,-2.4462302056251395,-1.2644764831009137,-1.1108484991727696
2026-08-04,CRWV/USDT,2026-08-04 02:50,86.31,7.43,86.844545,86.387857,0.82,1.47,22,85.9268,85.940909,0.43,81.87755,5.41,2.003,75.8679,13.76,86.33,False,0.15058496467044533,-0.18533534113285832,-0.37067068226573313,-0.7297579057106399,-0.9382601644851178,1.169929340901199,-5.73381211629793
2026-08-04,CRWV/USDT,2026-08-04 14:20,89.62,5.63,92.275,89.315714,3.21,6.19,16,87.7092,86.697879,3.37,86.49125,3.62,0.238,79.1966,13.16,89.63,False,-1.740488675666632,-1.8409014838781723,-1.662389824835445,-3.369407564431563,-4.027669307151623,-1.5061921231730544,-1.6289188887649315
2026-08-04,CRWV/USDT,2026-08-04 18:25,93.41,7.41,93.688,93.54,0.44,-0.17,10,93.1024,89.537677,4.32,88.0504,6.09,1.046,80.81125,15.59,93.45,True,0.29962546816479524,-0.2461209202782279,0.3638309256286821,2.974852862493313,2.675227394328518,2.5789192081326875,1.6051364365971106
2026-08-04,MYX/USDT,2026-08-04 05:35,0.08391,8.7,0.085035,0.083859,1.66,0.75,12,0.083454,0.081466,3.0,0.078915,6.33,1.265,0.076006,10.4,0.08391,True,-1.5016088666428282,-2.574186628530563,-2.824454772971037,0.8461446788225506,-0.5839590036944396,-0.679299249195568,1.7042068883327384
2026-08-04,MYX/USDT,2026-08-04 07:40,0.08376,9.44,0.084292,0.085202,1.33,-2.31,13,0.085392,0.08286,1.09,0.08006,4.62,1.4,0.076446,9.57,0.0838,True,-0.1909307875895076,-0.1312649164677792,0.3221957040572868,-1.1813842482100294,-1.312649164677809,0.2625298329355584,5.894988066825776
2026-08-04,NIL/USDT,2026-08-04 02:50,0.03481,11.06,0.035213,0.034866,1.77,0.23,12,0.03463,0.033257,4.67,0.032085,8.49,1.626,0.030459,14.28,0.03483,True,1.004880849842099,-0.947459086993962,1.0623026126902162,0.7464829170255621,6.057995980476603,3.186907838070628,-2.210737869652598
2026-08-04,ONDS/USDT,2026-08-04 14:10,8.68,6.82,8.796471,8.701429,1.55,1.62,17,8.6636,8.549192,1.53,8.476,2.41,0.415,7.95825,9.07,8.67,False,-1.0380622837370226,-1.8454440599769337,-1.8454440599769337,-1.7301038062283776,-1.9607843137254894,-0.46136101499424365,-1.6147635524798218
2026-08-04,OPN/USDT,2026-08-04 07:45,0.05488,7.24,0.055473,0.055251,1.34,-0.36,15,0.055266,0.053916,1.79,0.052546,4.44,1.627,0.049705,10.41,0.05486,False,2.989427633977389,2.971199416697046,1.0754648195406493,0.30987969376594343,4.411228581844693,8.840685380969742,8.020415603353994
2026-08-04,PIPPIN/USDT,2026-08-04 01:15,0.0188,14.93,0.018991,0.019075,1.9,-2.86,19,0.019174,0.018781,0.1,0.01752,7.3,2.272,0.016629,13.06,0.0188,False,1.2765957446808542,0.531914893617018,-0.7446808510638179,1.8085106382978726,6.170212765957453,1.8617021276595722,6.595744680851072
2026-08-04,PLTR/USDT,2026-08-04 00:50,143.07,11.93,143.595,143.775,0.4,-0.24,20,143.6272,135.216667,5.81,130.6855,9.48,1.721,126.5896,13.02,143.1,False,-0.13976240391335923,0.06988120195666968,-0.6568832983927307,-0.5450733752620552,-1.027253668763102,-1.6002795248078212,-1.9077568134172034
2026-08-04,PLTR/USDT,2026-08-04 07:40,144.79,6.43,145.103333,145.244286,0.28,-0.48,12,145.1928,144.22202,0.39,138.02335,4.9,1.709,129.37055,11.92,144.78,False,0.26246719160104676,-0.386793756043654,-0.4420500069070219,-1.2501726757839495,0.06907031357921972,-10.346732974167695,-12.439563475618174
2026-08-04,PLTR/USDT,2026-08-04 08:35,145.45,6.09,146.351,145.213571,0.81,0.6,10,145.2568,144.369394,0.75,139.12325,4.55,1.745,129.7931,12.06,145.48,False,0.06186417376959267,-1.1822930987077254,-0.5499037668408108,-0.2749518834204054,0.14434973879569668,-11.24553203189443,-10.826230409678308
2026-08-04,PLTR/USDT,2026-08-04 10:05,146.81,5.64,147.875,146.980714,0.88,1.05,18,146.3284,144.984444,1.26,141.0139,4.11,1.808,130.4743,12.52,146.77,False,0.44968317776112054,0.606390951829403,1.0969544184778997,1.4512502555018216,-5.471145329426995,-11.426040744021245,-9.211691762621776
2026-08-04,PLTR/USDT,2026-08-04 17:30,161.87,10.3,163.412941,162.151429,1.1,1.79,17,161.0244,152.10303,6.42,148.31165,9.14,1.437,134.8232,20.06,161.89,True,-1.3342392982889772,-1.2292297238865955,-0.5991722774723747,-0.5991722774723747,0.8277225276422109,1.3960096361727043,1.3898326023843353
2026-08-04,PLTR/USDT,2026-08-04 18:35,162.62,10.48,162.985,163.164286,0.27,-0.62,8,162.8284,154.260707,5.42,149.60735,8.7,1.584,135.60355,19.92,162.64,True,-0.39965568125922635,-0.5841121495327208,0.1045253320216352,0.866945400885389,1.6109198229217758,1.9367929168716043,1.4572060993605365
2026-08-04,SHAZ/USDT,2026-08-04 12:00,56.0,8.93,57.248889,56.773571,2.9,3.41,18,55.8972,54.461818,2.82,53.4991,4.67,0.825,50.1231,11.72,56.07,False,0.9630818619582651,2.3363652577135765,2.6930622436240377,4.9224184055644695,-1.8904940253254903,0.5528803281612311,0.6420545746388433
2026-08-04,SHAZ/USDT,2026-08-04 12:30,54.76,8.93,57.875556,56.117857,6.8,3.41,18,55.9892,54.638081,0.22,53.5781,2.21,0.795,50.19595,9.09,54.76,False,0.3834915997078175,0.3652300949598169,1.6252739225712207,0.6574141709276835,-4.620160701241784,-0.12783053323593918,-2.045288531775027
2026-08-04,SHAZ/USDT,2026-08-04 19:25,56.27,6.34,56.955,57.185,1.2,-1.4,12,57.3168,56.063333,0.37,55.02375,2.26,1.08,51.3671,9.54,56.27,False,-0.1954860494046551,1.2440021325750894,2.914519282033056,1.5816598542740368,0.8530300337657791,-1.8126888217522588,-2.097032166340856
2026-08-04,SKYAI/USDT,2026-08-04 05:10,0.04594,22.88,0.046313,0.047088,4.45,-4.23,13,0.047126,0.042708,7.57,0.040899,12.33,4.033,0.033692,36.35,0.04591,True,-1.74253975168809,-6.1206708778044,-3.6157699847527813,1.9167937268568913,0.19603572206490916,-6.534524068830326,-15.791766499673274
2026-08-04,SKYAI/USDT,2026-08-04 07:05,0.04579,20.29,0.048465,0.047268,7.01,1.3,19,0.04744,0.044278,3.41,0.042295,8.26,3.558,0.034534,32.59,0.04577,False,10.465370329910414,8.38977496176534,8.651955429320513,1.0924186148131974,1.9663535066637494,-18.30893598426917,-19.182870876119736
2026-08-04,SKYAI/USDT,2026-08-04 07:35,0.04193,20.29,0.048661,0.045341,14.51,1.3,19,0.046606,0.04445,-5.67,0.042454,-1.23,3.0,0.034693,20.86,0.04196,False,-0.1906577693041079,0.35748331744517964,-8.079122974261212,-12.511916110581517,-8.126787416587234,-25.142993326978086,-27.430886558627265
2026-08-04,SKYAI/USDT,2026-08-04 12:55,0.04644,10.91,0.047322,0.047266,3.05,-1.74,10,0.046527,0.046044,0.86,0.044184,5.11,1.431,0.036569,26.99,0.04647,True,-5.250699375941478,-3.636754895631599,-7.746933505487425,-14.267269205939325,-14.503981063051437,-15.041962556488064,-16.35463740047343
2026-08-04,SKYAI/USDT,2026-08-04 15:15,0.05406,22.26,0.054544,0.05382,1.46,8.69,22,0.051969,0.047234,14.45,0.045681,18.34,3.041,0.037758,43.18,0.05406,False,3.5516093229744694,4.772475027746946,5.1979282278949315,0.628930817610063,-0.4439511653718167,-1.0358860525342304,-18.92341842397337
2026-08-04,SKYAI/USDT,2026-08-04 20:20,0.05403,14.07,0.054532,0.053753,2.52,3.54,23,0.053355,0.051806,4.29,0.048959,10.36,2.094,0.040069,34.84,0.05403,True,-0.4071811956320525,0.16657412548584083,2.0359059781602884,1.4621506570423821,0.8698870997593896,-14.288358319452152,0.055524708495284555
2026-08-04,SNXX/USDT,2026-08-04 00:55,10.27,12.74,10.403333,10.602857,2.05,-3.86,18,10.7008,10.601313,-3.13,9.9181,3.55,1.217,9.73855,5.46,10.27,False,-0.1947419668938615,-2.629016553067182,-5.2580331061343815,-2.4342745861733204,-2.0447906523855974,-7.594936708860771,-13.047711781888996
2026-08-04,SNXX/USDT,2026-08-04 08:35,11.1,7.24,11.326,11.121429,2.53,2.08,10,11.028,10.66,4.13,10.62115,4.51,1.445,9.92455,11.84,11.1,False,0.6306306306306332,3.1531531531531503,0.9009009009008978,-0.7207207207207215,-4.23423423423424,-14.684684684684694,-8.738738738738745
2026-08-04,SNXX/USDT,2026-08-04 09:05,10.75,7.24,11.464,11.115714,6.32,2.08,10,11.0532,10.696162,0.5,10.64535,0.98,1.242,9.9379,8.17,10.76,False,-1.2081784386617174,-2.2304832713754665,-3.5315985130111596,-6.5985130111524235,-10.594795539033463,-19.795539033457256,-15.148698884758371
2026-08-04,SNXX/USDT,2026-08-04 09:35,11.0,7.24,11.602,10.982857,5.53,2.08,10,11.0472,10.736061,2.46,10.6647,3.14,1.128,9.95155,10.54,11.0,False,0.8181818181818169,-1.272727272727278,-1.6363636363636338,-4.818181818181812,-6.545454545454551,-18.090909090909093,-14.454545454545453
2026-08-04,SNXX/USDT,2026-08-04 12:25,11.64,9.3,11.701111,11.634286,0.95,-0.34,9,11.51,11.025253,5.58,10.8095,7.68,1.063,10.04985,15.82,11.64,False,0.08591065292096037,0.25773195876289634,0.171821305841936,-4.725085910652912,-8.76288659793814,-3.9518900343642533,-10.567010309278338
2026-08-04,SNXX/USDT,2026-08-04 14:35,12.07,14.63,12.23625,12.077143,1.93,2.43,16,11.91,11.367677,6.18,10.98475,9.88,1.525,10.15685,18.84,12.07,False,-0.6628003314001663,-1.7398508699254274,-5.30240265120133,-5.468102734051368,-5.053852526926258,-3.3968516984258503,-3.3968516984258503
2026-08-04,SNXX/USDT,2026-08-04 18:25,12.83,14.98,12.865333,12.873571,0.66,-0.85,15,12.8584,12.147778,5.62,11.4482,12.07,2.503,10.3935,23.44,12.84,True,1.0124610591900234,1.4797507788161957,1.6355140186915818,5.76323987538941,2.570093457943926,2.570093457943926,-1.8691588785046744
2026-08-04,TUT/USDT,2026-08-04 03:05,0.02122,5.35,0.021307,0.021031,1.44,0.24,14,0.021012,0.020612,2.95,0.020409,3.97,0.777,0.018692,13.53,0.02122,True,-1.0838831291234732,-0.4712535344015052,-0.23562676720076076,-7.351555136663536,-8.8124410933082,-7.7756833176248925,-10.273327049952881
2026-08-04,TUT/USDT,2026-08-04 04:05,0.02127,5.81,0.021614,0.021359,1.59,0.09,9,0.021209,0.020734,2.58,0.020512,3.7,0.911,0.018769,13.33,0.02126,False,-1.3640639698965127,-4.045155221072435,-7.149576669802447,-9.783631232361234,-8.466603951081842,-11.759172154280332,-9.07808090310441
2026-08-04,TUT/USDT,2026-08-04 07:00,0.02282,12.58,0.023136,0.022804,1.45,-0.43,14,0.022866,0.021491,6.18,0.020951,8.92,1.584,0.019105,19.45,0.02282,True,-3.461875547765114,-2.015775635407531,-2.453987730061356,3.9877300613496978,-0.920245398772999,-2.2348816827344438,6.047326906222609
2026-08-04,TUT/USDT,2026-08-04 08:25,0.02306,13.79,0.02312,0.023306,1.21,-2.27,12,0.023102,0.021992,4.85,0.021197,8.79,1.559,0.019253,19.77,0.02306,True,1.734605377276674,4.379878577623592,3.3824804856895034,2.124891587163924,-2.6452732003469186,3.772766695576753,8.759757155247184
2026-08-04,TUT/USDT,2026-08-04 08:55,0.02205,13.79,0.02285,0.022836,5.47,-2.27,12,0.023052,0.022093,-0.2,0.021273,3.65,1.595,0.019306,14.21,0.02204,False,-0.6805807622504575,-1.088929219600729,-4.1288566243194245,-4.083484573502713,-7.44101633393829,0.8166969147005426,3.448275862068967
2026-08-04,TUT/USDT,2026-08-04 13:55,0.02363,10.33,0.023665,0.023591,0.32,-0.63,12,0.02361,0.023077,2.4,0.02208,7.02,1.766,0.019876,18.89,0.02365,True,-1.437632135306554,-0.8879492600422765,0.5496828752642775,0.42283298097251326,9.175475687103601,11.247357293868918,1.183932346723055
2026-08-04,TUT/USDT,2026-08-04 14:50,0.02356,10.26,0.024056,0.023754,2.27,1.31,11,0.023679,0.023182,1.63,0.022258,5.85,1.75,0.02,17.8,0.02355,False,0.6369426751592392,-0.7218683651804672,-0.7643312101910811,8.23779193205945,9.044585987261145,8.789808917197462,-0.12738853503184194
2026-08-04,VIC/USDT,2026-08-04 02:10,0.06209,49.94,0.06642,0.061851,8.31,2.96,6,0.057936,0.051086,21.54,0.045958,35.1,8.465,0.037439,65.84,0.0621,False,0.9017713365539531,7.359098228663454,4.29951690821257,8.132045088566837,23.188405797101453,30.128824476650568,31.81964573268921
2026-08-04,VIC/USDT,2026-08-04 02:40,0.05753,49.94,0.0683,0.062371,17.94,2.96,6,0.059955,0.051931,10.78,0.046834,22.84,8.58,0.037694,52.63,0.05754,False,-4.744525547445249,-3.284671532846708,-1.581508515815087,17.55300660410149,15.432742440041707,24.95655196385123,26.677094195342377
2026-08-05,AIO/USDT,2026-08-05 07:40,0.04096,8.02,0.042102,0.04215,3.31,-0.24,11,0.041645,0.040566,0.97,0.040377,1.44,0.924,0.037979,7.85,0.04096,False,0.26855468750001443,0.58593750000001,0.4638671875000065,0.4150390625000085,4.98046875,7.2509765625,6.298828125000014
2026-08-05,BICO/USDT,2026-08-05 05:00,0.02275,13.86,0.023248,0.022761,4.12,1.49,10,0.022492,0.021902,3.87,0.020606,10.41,3.145,0.018247,24.68,0.02275,True,-1.142857142857142,-12.83516483516483,-20.7032967032967,-17.274725274725274,-10.72527472527473,-3.5164835164835253,-8.175824175824179
2026-08-05,BICO/USDT,2026-08-05 06:45,0.02704,31.86,0.028005,0.026867,5.73,6.57,12,0.025459,0.022741,18.9,0.021492,25.81,4.728,0.018633,45.12,0.02705,False,1.3678373382624853,6.876155268022183,8.576709796672837,7.097966728280966,12.2365988909427,12.865064695009243,-0.4436229205175548
2026-08-05,BICO/USDT,2026-08-05 07:15,0.02519,31.86,0.028855,0.026734,14.88,6.57,12,0.026245,0.022949,9.76,0.021757,15.78,5.127,0.018737,34.44,0.0252,False,1.7063492063492054,1.8650793650793716,-1.1507936507936452,-0.3571428571428564,5.753968253968254,10.000000000000005,-5.277777777777783
2026-08-05,BICO/USDT,2026-08-05 07:45,0.02473,31.86,0.029705,0.025797,16.85,6.57,12,0.026304,0.023094,7.09,0.021968,12.57,5.003,0.018836,31.29,0.02474,False,0.9296685529506913,-3.031527890056577,-1.5763945028294177,0.24252223120453123,6.709781729991923,8.205335489086501,-8.892481810832647
2026-08-05,BICO/USDT,2026-08-05 17:45,0.02472,7.62,0.025074,0.024683,2.21,7.05,20,0.024077,0.023645,4.55,0.023761,4.04,1.382,0.02024,22.14,0.02471,True,-1.861594496155411,-2.913800080938899,-9.955483609874547,-9.02468636179684,-10.036422501011735,-10.076891946580329,-21.65115337919871
2026-08-05,BICO/USDT,2026-08-05 19:45,0.02694,14.7,0.026978,0.026904,1.07,-1.64,11,0.02638,0.024316,10.79,0.024365,10.57,2.542,0.020592,30.82,0.02693,True,-0.22279985146676948,-1.1511325659116274,-6.721128852580775,-0.9654660230226507,-0.9283327144448579,-10.471593018937986,-4.604530263646497
2026-08-05,BICO/USDT,2026-08-05 21:35,0.02688,18.41,0.029157,0.028424,9.08,0.73,9,0.027849,0.025303,6.23,0.024966,7.67,2.668,0.020937,28.39,0.02688,False,-0.8928571428571322,-2.7529761904761814,-0.7440476190476145,1.488095238095242,-1.041666666666663,-9.598214285714281,-4.464285714285713
2026-08-05,BTW/USDT,2026-08-05 16:55,0.14583,9.8,0.147461,0.146979,2.68,0.46,22,0.146526,0.142928,2.03,0.136919,6.51,0.943,0.123681,17.91,0.14585,True,-0.19883441892354112,-1.3438464175522726,-3.009941720946181,-5.44394926294138,-6.266712375728475,-12.094617757970509,-14.912581419266363
2026-08-05,BTW/USDT,2026-08-05 19:00,0.15319,12.47,0.155857,0.152603,2.28,4.42,18,0.15036,0.146346,4.68,0.139096,10.13,1.548,0.125818,21.76,0.15318,False,-0.7638072855464006,-0.8943726335030566,-1.8670844757801286,-0.7376942159550803,-6.776341558950254,-4.661182922052474,-15.517691604648116
2026-08-05,BTW/USDT,2026-08-05 22:40,0.15454,18.79,0.159148,0.159428,4.27,-0.29,22,0.158148,0.152346,1.44,0.144918,6.64,2.275,0.129485,19.35,0.15445,True,-3.6257688572353475,-7.018452573648422,-5.490449983813524,-5.898348980252513,-1.722240207186789,-12.955649077371318,-9.284558109420518
2026-08-05,CYS/USDT,2026-08-05 00:40,0.5439,33.18,0.560683,0.545693,3.08,2.06,12,0.54428,0.519571,4.68,0.475472,14.39,6.816,0.351551,54.71,0.544,False,-1.9852941176470442,0.6801470588235361,-3.3823529411764657,-4.908088235294107,0.8455882352941264,-8.694852941176471,-29.558823529411754
2026-08-05,CYS/USDT,2026-08-05 08:30,0.578,12.59,0.608212,0.582293,5.33,7.29,17,0.572736,0.552356,4.64,0.53547,7.94,1.428,0.394165,46.64,0.5779,False,0.4845128915037246,-0.81328949645268,-5.035473265270811,-7.78681432773837,-17.684720539885806,-28.067139643536947,-32.15089115763974
2026-08-05,CYS/USDT,2026-08-05 10:50,0.6352,25.18,0.646608,0.628464,3.9,4.34,13,0.616024,0.568307,11.77,0.54909,15.68,2.358,0.408783,55.39,0.6351,False,-0.7242953865533064,-0.39363879703982785,-1.669028499448914,-12.171311604471741,-8.297905841599745,-21.791843804125328,-33.67973547472838
2026-08-05,CYS/USDT,2026-08-05 16:50,0.7346,25.49,0.7581,0.733921,3.98,0.56,7,0.72138,0.672641,9.21,0.611953,20.04,3.684,0.457855,60.44,0.7345,True,-1.9605173587474427,1.3614703880190617,-2.0558202859087817,-5.309734513274326,-5.377808032675286,-0.8441116405718152,-18.162014976174262
2026-08-05,CYS/USDT,2026-08-05 20:20,0.7874,28.57,0.800486,0.796929,2.32,-1.84,7,0.786396,0.733648,7.33,0.657066,19.84,4.338,0.491735,60.13,0.7873,False,6.604852025911348,1.6893179220119368,-2.4641178712053824,-5.194970151149504,-4.343960370887846,-6.541343833354501,-5.017147211990344
2026-08-05,CYS/USDT,2026-08-05 20:50,0.774,28.57,0.787543,0.781143,5.95,-1.84,7,0.784308,0.738716,4.78,0.664479,16.48,4.471,0.49652,55.88,0.7738,True,-4.0578960971827325,-4.25174463685706,-6.397001809253035,-9.718273455673291,4.277591108813649,-12.16076505556991,-10.338588782631165
2026-08-05,CYS/USDT,2026-08-05 22:45,0.8287,28.38,0.848087,0.835064,2.53,3.52,16,0.817448,0.766495,8.12,0.697088,18.88,5.106,0.518192,59.92,0.8286,True,-2.8119720009654823,-3.7895244991551995,-4.236060825488779,10.970311368573494,8.423847453536082,9.172097513878827,3.8498672459570407
2026-08-05,HEI/USDT,2026-08-05 06:30,0.17977,50.34,0.191744,0.185452,9.6,0.13,11,0.18517,0.15956,12.67,0.134349,33.81,9.371,0.102908,74.69,0.17976,False,9.518246550956839,19.542723631508675,17.567868268802847,18.357810413885183,9.379172229639526,-0.12794837561193145,-54.383622607921666
2026-08-05,HEI/USDT,2026-08-05 07:00,0.14463,50.34,0.191875,0.172879,25.86,0.13,11,0.17975,0.16154,-10.47,0.13644,6.0,8.556,0.103549,39.67,0.14464,False,-0.05530973451327209,-2.4474557522124,4.265763274336271,-2.5165929203539856,-24.550608407079658,-21.95796460176992,-108.10287610619469
2026-08-05,HEI/USDT,2026-08-05 07:30,0.14818,50.34,0.192005,0.157775,23.17,0.13,11,0.170271,0.162725,-8.94,0.138127,7.28,7.356,0.104188,42.22,0.14817,False,2.348653573597883,6.546534386178029,0.9516096375784535,-10.433960990753866,-20.01079840723494,-31.61233718026591,-77.9510022271715
2026-08-05,HEI/USDT,2026-08-05 11:35,0.18058,22.62,0.180512,0.176584,2.19,2.99,15,0.171204,0.167841,7.59,0.15162,19.1,4.955,0.110242,63.8,0.18063,True,-0.25466423074793126,-4.107844765542811,-6.698776504456623,-6.421967557991473,-11.005923711454344,-40.64108952001327,-51.47539168465924
2026-08-05,HFT/USDT,2026-08-05 07:40,0.01665,44.99,0.017324,0.016684,4.76,1.71,9,0.016488,0.013286,25.32,0.01209,37.71,7.13,0.009986,66.73,0.01665,True,-3.243243243243236,1.2012012012012148,-1.0810810810810785,-4.864864864864854,-7.927927927927916,-4.504504504504487,-7.447447447447435
2026-08-05,HFT/USDT,2026-08-05 09:35,0.01797,56.25,0.019533,0.017631,10.36,12.0,12,0.017263,0.014596,23.11,0.012914,39.15,7.108,0.010383,73.07,0.01798,False,10.400444938820913,9.899888765294774,3.0033370411568345,1.2235817575083314,-2.3359288097886557,-5.784204671857616,-2.5583982202447277
2026-08-05,HFT/USDT,2026-08-05 17:50,0.01828,25.42,0.019264,0.018219,6.15,2.02,18,0.017963,0.017782,2.8,0.016142,13.24,4.865,0.012005,52.27,0.01827,True,-3.229337712096315,-7.443897099069513,-8.483853311439514,1.0399562123700201,1.6967706622879104,4.050355774493711,-24.13793103448274
2026-08-05,HFT/USDT,2026-08-05 19:45,0.018,28.69,0.018011,0.018749,1.51,-10.52,16,0.018974,0.018177,-0.97,0.017038,5.65,5.764,0.012404,45.12,0.01799,True,2.167871039466359,3.001667593107275,0.9449694274596999,-0.6670372429127407,-2.4458032240133374,-2.001111728738203,-29.01612006670374
2026-08-05,INTW/USDT,2026-08-05 19:40,24.61,5.94,24.792308,24.682857,0.86,0.32,13,24.6116,23.771212,3.53,23.57645,4.38,0.996,22.17,11.01,24.63,True,2.1518473406414844,1.7864393016646274,1.7864393016646274,3.6540803897685694,2.5172553796183417,4.019488428745426,5.075111652456354
2026-08-05,INTW/USDT,2026-08-05 20:10,24.19,5.94,24.829231,24.529286,3.74,0.32,13,24.5596,23.856667,1.4,23.62045,2.41,0.93,22.2129,8.9,24.22,False,0.4954582989264965,0.1238645747316168,-0.12386457473163145,1.5276630883567195,-0.9909165978530223,2.8075970272502055,4.70685383980182
2026-08-05,MUU/USDT,2026-08-05 17:05,29.23,8.11,29.801818,29.411429,1.99,1.54,11,29.2988,27.784747,5.2,27.7117,5.48,0.824,26.2476,11.36,29.23,False,-0.34211426616489177,-0.20526855969893507,-0.06842285323297836,-0.6500171057133126,4.20800547382826,9.61341087923366,9.066028053369832
2026-08-05,MVLL/USDT,2026-08-05 01:05,27.17,6.16,27.326667,27.497857,0.94,-1.22,6,27.3116,27.283838,-0.42,26.43715,2.77,1.717,23.15935,17.32,27.18,True,1.8027961736570952,0.25754231052244403,-1.471670345842526,-1.1405445180279572,-5.776306107431936,0.8830022075055131,4.782928623988229
2026-08-05,MVLL/USDT,2026-08-05 01:35,27.11,6.16,26.986667,27.213571,0.21,-1.22,6,27.2784,27.224444,-0.42,26.52825,2.19,1.636,23.21175,16.79,27.12,True,-1.5117994100294991,-1.6961651917404028,-0.14749262536872842,-2.359882005899707,-5.604719764011798,0.0,1.9174041297935085
2026-08-05,MVLL/USDT,2026-08-05 06:05,28.66,6.55,29.018182,28.712857,1.37,3.06,22,28.4292,27.579697,3.92,27.3699,4.71,1.432,23.7947,20.45,28.66,False,1.1165387299371956,0.6978367062107441,0.3140265177948355,1.7445917655268668,6.03628750872296,4.9546406140963075,8.513607815771113
2026-08-05,MVLL/USDT,2026-08-05 06:35,28.46,6.55,29.252727,28.567143,2.88,3.06,22,28.5628,27.680808,2.81,27.42425,3.78,1.366,23.86135,19.27,28.45,False,-0.0702987697715275,-0.4217926186291775,1.6871704745166975,7.065026362038658,6.010544815465733,9.947275922671347,8.29525483304042
2026-08-05,SKYAI/USDT,2026-08-05 03:05,0.06458,26.39,0.066521,0.064715,5.68,2.83,11,0.062664,0.055913,15.5,0.053082,21.66,3.92,0.043676,47.86,0.06459,False,0.8670072766682011,6.316767301439842,3.6847809258399034,16.535067347886663,19.105124632296018,11.73556278061619,8.22108685555039
2026-08-05,SKYAI/USDT,2026-08-05 11:45,0.05318,5.71,0.05895,0.054878,9.89,8.62,9,0.053615,0.055232,-3.72,0.055778,-4.66,0.236,0.047753,11.37,0.05318,False,-2.463332079729219,-2.444528018051904,-3.535163595336592,-3.873636705528393,-14.009025949605125,-19.462203836028593,-25.836780744640837
2026-08-05,SKYAI/USDT,2026-08-05 16:45,0.06137,11.57,0.062803,0.061359,3.09,2.91,14,0.060516,0.056232,9.14,0.056994,7.68,1.556,0.05006,22.59,0.06136,True,-1.9556714471968817,-2.607561929595835,-1.4667535853976614,-8.898305084745774,-5.5247718383311675,-13.282268578878757,-18.106258148631042
2026-08-05,SKYAI/USDT,2026-08-05 17:50,0.06242,11.56,0.06285,0.062147,1.93,0.42,13,0.061896,0.057153,9.22,0.057516,8.53,1.738,0.050536,23.52,0.06238,True,-3.238217377364542,-4.071817890349483,-5.658865020840011,-2.6130169926258406,-5.578711125360699,-5.819172811798656,-18.739980763065084
2026-08-05,SNXX/USDT,2026-08-05 05:40,13.2,9.41,13.665714,13.193571,3.7,4.49,14,13.0032,12.687778,4.04,12.5915,4.83,1.353,11.04785,19.48,13.2,False,-1.4393939393939492,-0.7575757575757683,1.5151515151515098,2.500000000000001,4.242424242424233,3.787878787878788,4.84848484848484
2026-08-05,SYN/USDT,2026-08-05 05:00,0.11,19.8,0.114467,0.109236,4.78,5.98,12,0.105976,0.098733,11.41,0.095598,15.07,2.581,0.088956,23.66,0.1101,True,1.7257039055404169,-1.8165304268846518,-14.078110808356026,-18.437783832879187,-10.445049954586736,-3.3605812897365985,-10.990009082652135
2026-08-05,SYN/USDT,2026-08-05 18:15,0.1217,7.34,0.124,0.122379,2.02,1.06,13,0.121,0.118916,2.34,0.116566,4.4,2.649,0.098267,23.85,0.1218,True,-2.7914614121510675,-3.6945812807881695,-7.307060755336621,-12.807881773399005,-11.24794745484401,-5.6650246305418746,-11.904761904761903
2026-08-05,SYN/USDT,2026-08-05 20:25,0.1344,16.26,0.138922,0.1338,4.77,3.45,9,0.131024,0.121974,10.19,0.120655,11.39,3.272,0.100068,34.31,0.1343,False,-0.7446016381236045,-5.137751303052859,-7.59493670886075,-4.169769173492178,-2.010424422933736,-1.7870439314966384,2.755026061057341
2026-08-05,SYN/USDT,2026-08-05 22:10,0.1375,20.58,0.138557,0.140157,1.27,0.44,21,0.1387,0.126901,8.35,0.123824,11.04,3.055,0.101973,34.84,0.1373,True,-1.8936635105608093,-1.165331391114341,-4.369992716678809,1.3109978150036388,6.991988346686087,3.204661325564468,1.3109978150036388
2026-08-05,TAKE/USDT,2026-08-05 00:00,0.04559,19.04,0.045966,0.045815,1.06,-0.39,7,0.045715,0.04334,5.19,0.039633,15.03,3.233,0.038332,18.93,0.04563,True,-1.424501424501435,-0.7889546351084948,0.7670392285776817,-4.55840455840457,-9.511286434363365,5.698005698005694,3.791365329826858
2026-08-05,TAKE/USDT,2026-08-05 04:10,0.05027,24.16,0.050873,0.049783,2.29,0.3,18,0.049805,0.046696,7.65,0.042712,17.69,4.125,0.039158,28.38,0.05024,False,2.050159235668796,1.015127388535025,1.831210191082797,0.9554140127388561,14.03264331210191,10.609076433121022,10.171178343949038
2026-08-05,TAKE/USDT,2026-08-05 04:40,0.04973,24.16,0.050923,0.04977,3.09,0.3,18,0.049632,0.047001,5.81,0.043136,15.29,4.049,0.039262,26.66,0.04975,False,0.30150753768845084,0.8643216080402006,1.0653266331658344,7.296482412060304,12.040201005025128,10.412060301507545,9.64824120603016
2026-08-06,BICO/USDT,2026-08-06 05:55,0.02989,20.03,0.03003,0.030049,0.9,-0.66,10,0.029989,0.028337,5.48,0.026803,11.52,2.984,0.022834,30.9,0.02989,True,-0.06691201070591898,-0.26764804282368754,5.4198728671796585,5.453328872532618,4.918032786885243,-20.709267313482773,-26.095684175309476
2026-08-06,BICO/USDT,2026-08-06 14:30,0.03509,29.48,0.037862,0.035412,9.62,15.92,15,0.033596,0.030009,16.93,0.029206,20.15,2.46,0.02507,39.97,0.03509,False,-1.5673981191222424,-7.0105443146195405,-2.8783129096608633,-20.547164434311753,-5.78512396694214,-13.679110857794239,-4.502707324023932
2026-08-06,BICO/USDT,2026-08-06 15:30,0.0361,30.61,0.038738,0.036452,6.89,4.1,12,0.036081,0.030947,16.65,0.029767,21.27,3.592,0.025453,41.83,0.0361,False,-1.3573407202215992,-3.4903047091412667,-17.174515235457054,-0.13850415512465772,-5.041551246537402,-10.193905817174523,0.3601108033240946
2026-08-06,BICO/USDT,2026-08-06 16:00,0.03736,30.61,0.039492,0.036923,8.29,4.1,12,0.036416,0.031464,18.74,0.030048,24.33,3.804,0.02566,45.6,0.03737,True,-15.199357773615194,-13.192400321113185,-3.7998394434037936,-1.0168584426010125,-4.602622424404601,-5.51244313620551,-5.592721434305597
2026-08-06,BICO/USDT,2026-08-06 17:55,0.03769,52.34,0.039149,0.038094,4.8,1.93,30,0.039358,0.033935,11.07,0.031451,19.84,4.848,0.026414,42.69,0.03769,False,0.7429026266914367,1.379676306712655,-2.5736269567524506,-2.069514460068973,-5.67789864685592,-6.314672326877156,-8.01273547360043
2026-08-06,BICO/USDT,2026-08-06 18:25,0.03717,52.34,0.039297,0.037386,5.8,1.93,30,0.038723,0.034474,7.82,0.031757,17.05,4.368,0.026596,39.76,0.03717,False,-3.255313424804939,-4.008609093354852,-1.0223298358891535,-5.192359429647568,-6.187785848802788,1.8832391713747625,-13.613128867366143
2026-08-06,BICO/USDT,2026-08-06 21:30,0.0393,19.77,0.039928,0.039298,1.85,-0.03,9,0.03903,0.037907,3.67,0.033529,17.21,3.432,0.027786,41.44,0.03931,True,-0.9666751462732265,-2.340371406766737,-1.4754515390485987,-1.195624523022145,-1.5772068176036695,0.712286949885514,-18.34138895955228
2026-08-06,BICO/USDT,2026-08-06 22:15,0.04011,23.79,0.040618,0.039801,2.63,1.25,8,0.03953,0.038388,4.49,0.033972,18.07,3.504,0.028063,42.93,0.0401,False,0.523690773067319,0.24937655860348112,-0.39900249376558716,6.6334164588528575,9.87531172069825,-5.58603491271822,-24.96259351620949
2026-08-06,BLESS/USDT,2026-08-06 05:10,0.026457,32.71,0.029916,0.026317,12.76,14.76,9,0.025193,0.025288,4.62,0.023261,13.74,2.791,0.016137,63.95,0.026457,False,-8.923914275995005,-7.412027062781107,2.0939637903012525,3.0426730165929627,-0.4271081377329195,11.305136636806896,12.654495974600295
2026-08-06,BTW/USDT,2026-08-06 08:30,0.16139,12.12,0.175141,0.165379,9.1,-1.24,17,0.169969,0.166331,-2.97,0.160814,0.36,1.819,0.140656,14.74,0.16138,False,3.445284421861451,1.4437972487297055,-2.020076837278481,-3.1106704672202237,-11.736274631305003,-13.087123559301029,-14.004213657206598
2026-08-06,BTW/USDT,2026-08-06 09:00,0.15905,12.12,0.174365,0.161787,10.99,-1.24,17,0.165596,0.165968,-4.17,0.161097,-1.27,1.413,0.141053,12.76,0.15898,False,-4.434520065417034,-3.560196251100766,-7.67392124795571,-8.252610391244177,-11.82538684111208,-13.045666121524707,-15.2472009057743
2026-08-06,BTW/USDT,2026-08-06 12:30,0.18032,9.9,0.182227,0.178451,2.46,2.09,9,0.175296,0.169826,6.18,0.165461,8.98,1.592,0.145054,24.31,0.18031,False,-0.4104043036991796,1.4031390383228908,1.4918751039875757,0.05546004104042426,-1.2145748987854237,-2.0353835061837984,-4.819477566413401
2026-08-06,BTW/USDT,2026-08-06 16:10,0.17981,8.98,0.180673,0.181048,2.63,-0.66,9,0.180712,0.173645,3.55,0.169791,5.9,1.439,0.149177,20.54,0.17985,True,-0.4225743675284864,-1.4122880177925976,1.006394217403395,-0.8340283569641375,-1.990547678621073,-6.777870447595206,-5.916041145398934
2026-08-06,CAP/USDT,2026-08-06 02:50,0.0315,32.56,0.032912,0.031543,5.11,13.38,13,0.030161,0.028114,12.04,0.028617,10.08,1.083,0.02731,15.34,0.0315,False,2.1269841269841288,1.269841269841273,2.285714285714292,0.09523809523810237,2.031746031746037,7.396825396825394,0.3809523809523875
2026-08-06,CYS/USDT,2026-08-06 05:00,0.8107,18.11,0.878745,0.837257,8.34,5.85,11,0.81658,0.811181,-0.06,0.77361,4.79,2.751,0.583178,39.01,0.8106,False,0.16037503084134813,-2.195904268443133,-0.6291635825314574,7.562299531211451,-3.207500616827045,-2.862077473476437,-3.071798667653594
2026-08-06,CYS/USDT,2026-08-06 05:30,0.8284,18.11,0.904982,0.837643,8.9,5.85,11,0.82616,0.812692,1.93,0.777279,6.58,2.59,0.588516,40.76,0.8283,False,0.30182301098636455,1.521187975371249,9.815284317276353,-1.9678860316310491,5.1551370276469966,-1.835083906797053,-4.068574188096095
2026-08-06,CYS/USDT,2026-08-06 18:10,0.8333,10.41,0.864815,0.852979,3.9,2.33,13,0.835544,0.821662,1.42,0.810571,2.8,0.473,0.695509,19.81,0.8333,False,0.852034081363254,-0.6360254410176372,-0.9720388815552616,-3.4801392055682125,-2.388095523820943,6.924276971078854,18.996759870394815
2026-08-06,CYS/USDT,2026-08-06 18:40,0.8386,10.41,0.873862,0.84565,5.57,2.33,13,0.842432,0.823427,1.84,0.812005,3.28,0.829,0.698629,20.04,0.8386,False,0.1430956355831122,-0.33388981636060394,-3.6370140710708285,-4.197471977104699,1.0612926305747699,7.488671595516333,17.529215358931555
2026-08-06,DODOX/USDT,2026-08-06 04:05,0.025332,34.39,0.025301,0.025187,2.77,-12.71,23,0.026949,0.027482,-7.82,0.023294,8.75,4.567,0.020157,25.67,0.025344,True,-3.1052714646464765,-11.122948232323242,-14.050662878787886,-16.22474747474748,-17.58996212121212,2.324021464646462,13.49037247474747
2026-08-06,HEI/USDT,2026-08-06 06:15,0.43468,85.87,0.469923,0.428218,10.12,12.57,17,0.406114,0.308795,40.77,0.272893,59.29,10.581,0.178341,143.74,0.43481,False,-3.0013109174122046,-6.628182424507259,-8.272578827533867,-14.942158644005435,1.4489087187507124,43.53165750557715,56.61323336629792
2026-08-06,HEI/USDT,2026-08-06 08:40,0.51289,76.28,0.52633,0.502967,4.55,5.37,16,0.486985,0.371512,38.05,0.315362,62.64,12.866,0.196422,161.12,0.513,False,3.758284600389867,5.2865497076023455,26.0,27.14814814814815,46.23781676413255,64.52046783625731,60.793372319688096
2026-08-06,HEI/USDT,2026-08-06 09:10,0.48588,76.28,0.53632,0.504602,9.57,5.37,16,0.496123,0.386052,25.86,0.324392,49.78,12.699,0.200441,142.41,0.48567,False,10.98070706446764,21.835814441904994,12.119340292791394,27.03893590297939,45.609158482096895,55.69007762472461,57.85615747318137
2026-08-06,HFT/USDT,2026-08-06 01:40,0.01778,6.8,0.019049,0.018477,7.87,2.33,10,0.018427,0.018463,-3.7,0.018113,-1.84,1.058,0.013494,31.77,0.01779,False,-2.473299606520514,0.9555930297920181,0.28105677346824864,-4.553119730185488,-28.330522765598648,-13.603147835862837,-76.84092186621699
2026-08-06,HFT/USDT,2026-08-06 14:20,0.02974,56.53,0.034312,0.030319,16.27,12.82,10,0.029472,0.02422,22.79,0.021541,38.06,6.907,0.016841,76.6,0.02972,False,3.331090174966357,-7.503364737550469,13.324360699865403,-7.267833109017492,-11.77658142664872,-16.621803499327065,-0.10094212651412778
2026-08-06,JCT/USDT,2026-08-06 10:10,0.004735,12.89,0.00497,0.004759,4.75,7.85,14,0.004649,0.004508,5.04,0.004384,8.02,1.188,0.004099,15.53,0.004734,False,-1.9011406844106422,-1.4575411913814875,-4.795099281791291,-4.689480354879594,-1.3941698352344574,5.55555555555556,0.5703422053231962
2026-08-06,ON/USDT,2026-08-06 12:25,0.32244,10.99,0.327836,0.324913,4.6,1.1,16,0.321264,0.300567,7.28,0.297741,8.3,-0.865,0.270771,19.08,0.32223,True,-0.3196474567855182,-1.5330664432237842,-2.315116531669915,-6.386742388976814,-10.107687055829683,-10.967321478447065,-15.135151910126302
2026-08-06,ON/USDT,2026-08-06 23:45,0.39055,34.13,0.398041,0.402158,3.2,3.14,19,0.393841,0.367394,6.3,0.34283,13.92,3.746,0.298135,31.0,0.39075,False,4.1356365962891894,6.3314139475367845,6.380038387715933,-7.715930902111327,-10.152271273192587,-12.841970569417787,-12.847088931541913
2026-08-06,RESOLV/USDT,2026-08-06 16:15,0.02015,15.18,0.020169,0.020071,0.94,-2.51,17,0.02029,0.0194,3.86,0.018506,8.88,1.964,0.017334,16.25,0.02014,False,3.3763654419066533,2.8798411122145016,0.0,-5.312810327706048,-3.3763654419066533,-0.5461767626613654,6.405163853028813
2026-08-06,RESOLV/USDT,2026-08-06 19:40,0.02111,13.63,0.021379,0.021174,1.58,-0.05,15,0.021042,0.020159,4.72,0.019163,10.16,2.26,0.017662,19.53,0.0211,False,0.5687203791469291,1.5165876777251224,4.644549763033183,3.1279620853080607,4.218009478672995,11.848341232227497,11.04265402843603
2026-08-06,RESOLV/USDT,2026-08-06 20:10,0.02078,13.63,0.021375,0.021036,2.92,-0.05,15,0.021098,0.020223,2.75,0.019267,7.85,2.292,0.017713,17.31,0.02078,False,2.309913378248322,3.1761308950914384,2.4542829643888355,2.358036573628493,2.8392685274302223,9.528392685274298,9.287776708373443
2026-08-06,SKYAI/USDT,2026-08-06 00:00,0.06656,18.89,0.068116,0.067274,2.65,2.8,18,0.066422,0.064388,3.37,0.059771,11.36,2.492,0.053632,24.1,0.06655,True,-2.4492862509391533,-4.1021788129226096,1.352366641622837,-0.5709992486852071,-4.02704733283246,-17.11495116453794,-24.147257700976713
2026-08-06,SKYAI/USDT,2026-08-06 12:40,0.08125,21.38,0.081945,0.081974,1.43,-1.96,16,0.082155,0.078272,3.81,0.072051,12.77,3.028,0.061108,32.96,0.08124,True,-2.8680452978828144,-0.12309207287049358,-0.5416051206302264,-1.674052191038897,-7.717872968980795,-27.708025603151142,-26.181683899556862
2026-08-06,UB/USDT,2026-08-06 17:05,0.15873,15.61,0.166786,0.160469,5.07,4.3,14,0.158939,0.152647,3.99,0.146406,8.42,1.447,0.139424,13.85,0.15871,False,1.2286560393169803,-2.860563291538036,-1.3546720433495136,-1.7579232562535536,-2.665238485287639,4.442064142146053,9.457501102640032
2026-08-06,ZBT/USDT,2026-08-06 11:45,0.14653,16.38,0.147839,0.145899,1.34,1.03,19,0.145629,0.136107,7.66,0.130787,12.04,3.964,0.115281,27.11,0.14646,False,2.7038099139696974,0.23897309845692813,-11.300013655605614,-5.441758842004646,-19.984978833811272,-30.554417588420037,-25.60426054895535
2026-08-06,ZBT/USDT,2026-08-06 13:35,0.16054,24.29,0.16976,0.160834,8.49,11.5,16,0.154241,0.141896,13.14,0.135035,18.89,3.579,0.116835,37.41,0.16054,False,5.9798181138657025,-1.7191977077363978,-10.18437772517753,-10.682695901333002,-7.742618662015713,-12.532702130310202,-25.3083343714962
2026-08-06,ZBT/USDT,2026-08-06 14:05,0.1633,24.29,0.17612,0.159189,12.15,11.5,16,0.156478,0.143341,13.92,0.135928,20.14,3.326,0.117336,39.17,0.16332,True,-6.355620867009552,-8.30884153808474,-9.410972324271366,-5.026940974773448,-7.861866274797954,-11.033553759490577,-15.013470487386735
2026-08-06,ZBT/USDT,2026-08-06 20:30,0.17918,27.27,0.183067,0.184258,2.7,-1.86,15,0.183201,0.171596,4.42,0.154058,16.31,4.358,0.125735,42.51,0.1791,True,-1.9151312116136174,-0.27359017308765515,-0.8542713567839215,-2.5516471245114407,-5.667225013958678,22.652149637074274,26.365159128978227
2026-08-07,ACE/USDT,2026-08-07 02:45,0.12793,34.06,0.131567,0.127458,4.22,9.42,23,0.120512,0.113782,12.43,0.103944,23.08,5.709,0.082462,55.14,0.12795,False,5.892926924579918,5.978898007034,3.2590855803048115,0.3829620945682049,2.837045720984766,-10.003907776475168,9.245799140289181
2026-08-07,ACE/USDT,2026-08-07 03:15,0.1203,34.06,0.1345,0.125735,11.78,9.42,23,0.123466,0.114782,4.81,0.105338,14.2,5.962,0.082946,45.03,0.12025,False,-5.081081081081084,-2.93555093555094,-2.494802494802497,-19.30145530145531,-5.247401247401256,-13.089397089397092,9.646569646569645
2026-08-07,ALLO/USDT,2026-08-07 08:40,0.31164,12.03,0.329295,0.321791,5.5,2.54,13,0.318253,0.30303,2.84,0.293738,6.09,1.816,0.272615,14.32,0.31169,False,-1.5913247136577893,-5.245596586351816,-4.799640668613036,-5.255221534216673,-10.080528730469377,-13.5262600660913,-4.8124739324328525
2026-08-07,ALLO/USDT,2026-08-07 19:25,0.35026,13.43,0.355795,0.360561,1.7,-2.75,13,0.36049,0.347473,0.8,0.329596,6.27,2.473,0.290173,20.71,0.35025,False,2.683797287651683,1.6788008565310482,8.208422555317629,8.137044967880094,8.242683797287654,7.123483226266961,8.959314775160605
2026-08-07,ALLO/USDT,2026-08-07 19:55,0.34437,13.43,0.351128,0.351586,2.57,-2.75,13,0.3574,0.347483,-0.9,0.331021,4.03,2.351,0.291024,18.33,0.34437,False,4.8958968551267485,6.641112756628045,4.492261230653072,10.381275953189883,5.857072334988535,6.188111624125213,7.828788802741232
2026-08-07,ALLO/USDT,2026-08-07 20:25,0.3215,13.43,0.346462,0.337974,8.13,-2.75,13,0.348336,0.346834,-7.3,0.33173,-3.08,1.871,0.291708,10.21,0.32133,False,-1.6680670961316952,-2.3558335667382506,-0.13070675007001398,3.7033579186506147,0.1493791429371613,-0.5850683098372367,0.1618274048486044
2026-08-07,ALLO/USDT,2026-08-07 20:55,0.3289,13.43,0.341796,0.329349,4.36,-2.75,13,0.339236,0.346036,-4.95,0.332568,-1.1,1.458,0.292431,12.47,0.32889,False,-0.46216060080877064,2.17093861169389,6.163154854206576,2.803368907537476,-0.4469579494663782,3.262488978077782,5.8530207668217304
2026-08-07,AXTI/USDT,2026-08-07 14:30,84.03,13.14,88.594286,85.027143,5.65,8.19,14,82.974,80.132626,4.86,78.32935,7.28,1.239,73.47845,14.36,84.0,False,3.261904761904756,4.345238095238102,-0.24999999999999253,-3.33333333333333,-4.321428571428567,-6.130952380952388,-6.857142857142863
2026-08-07,AXTI/USDT,2026-08-07 19:25,87.96,9.6,88.686667,87.855,1.01,1.05,12,87.5336,84.314444,4.32,81.1875,8.34,1.643,74.88885,17.45,87.88,False,-0.42102867546655054,-0.7168866636322369,-1.5817023213472927,-1.4565316340464283,-2.0368684569868076,-1.9116977696859432,-2.082385070550749
2026-08-07,AXTI/USDT,2026-08-07 21:20,89.09,9.44,89.295,89.076429,0.38,-0.22,16,88.7464,86.415253,3.1,82.6037,7.85,1.815,75.5709,17.89,89.03,True,0.24710771650005486,0.06739301359092696,0.2695720543636919,-0.7525553184319911,-0.7413231495001646,-0.7413231495001646,-1.4040211164775918
2026-08-07,BICO/USDT,2026-08-07 04:50,0.03889,13.37,0.040781,0.039346,4.88,2.16,9,0.037652,0.038563,0.85,0.037696,3.17,2.944,0.030218,28.7,0.03889,False,-1.7742350218565086,-0.8742607354075598,-4.602725636410388,-7.122653638467476,-21.496528670609408,-20.41655952687065,-43.50732836204679
2026-08-07,BICO/USDT,2026-08-07 05:20,0.03923,13.37,0.041354,0.039483,5.4,2.16,9,0.038686,0.038577,1.69,0.037975,3.31,3.167,0.030389,29.09,0.03923,False,-0.7137394850879492,-3.696150904919704,-8.539383125159313,-0.5862860056079557,-17.894468518990564,-24.853428498598014,-40.12235534030078
2026-08-07,BICO/USDT,2026-08-07 07:05,0.04021,14.15,0.042723,0.041491,6.26,6.6,20,0.040709,0.038829,3.56,0.038708,3.88,2.29,0.031027,29.6,0.04021,False,1.8652076597861242,1.616513305147985,-6.242228301417553,-15.891569261377766,-29.569758766475996,-26.386471027107667,-33.10121860233771
2026-08-07,BICO/USDT,2026-08-07 12:15,0.04546,33.34,0.048484,0.049674,8.22,-8.32,13,0.05007,0.044374,2.45,0.041413,9.77,3.659,0.033278,36.61,0.04544,False,3.8512323943662006,0.68221830985915,-6.734154929577466,-8.516725352112672,-17.055457746478872,-24.053697183098596,-23.1294014084507
2026-08-07,BICO/USDT,2026-08-07 12:45,0.04513,33.34,0.046425,0.046163,3.72,-8.32,13,0.048562,0.044643,1.09,0.041567,8.57,3.093,0.033497,34.73,0.04514,True,-8.41825431989366,-7.443509082853349,-11.342490031014622,-11.741249446167478,-24.412937527691632,-17.722640673460347,-20.358883473637583
2026-08-07,BICO/USDT,2026-08-07 18:00,0.05331,32.17,0.053793,0.054682,1.92,-4.11,13,0.05472,0.050872,4.79,0.045622,16.85,4.509,0.036524,45.96,0.0533,True,0.33771106941838575,-1.7636022514071228,-0.7879924953095625,-2.0825515947467164,1.5196998123827359,-2.3264540337711033,-15.403377110694189
2026-08-07,BTW/USDT,2026-08-07 22:45,0.21613,11.9,0.21793,0.213162,2.2,3.74,11,0.210144,0.201453,7.29,0.196493,9.99,1.29,0.182525,18.41,0.21615,False,0.2637057598889729,1.8551931529030827,0.749479528105487,-5.024288688410817,-9.33610918343743,30.47883414295629,28.457089983807542
2026-08-07,BTW/USDT,2026-08-07 23:15,0.21214,11.9,0.22219,0.215746,4.86,3.74,11,0.212508,0.202506,4.76,0.197452,7.44,1.537,0.183109,15.85,0.21209,False,-1.1410250365410937,-1.1504549955207686,-5.181762459333301,-6.789570465368473,-6.369937290772783,35.52737045593852,25.442029327172435
2026-08-07,DIA/USDT,2026-08-07 23:30,0.1248,5.57,0.125467,0.1265,1.01,-1.18,9,0.126032,0.123538,1.02,0.12168,2.56,0.554,0.119122,4.77,0.1249,False,0.0,-0.5604483586869433,0.6405124099279385,0.6405124099279385,0.08006405124099508,-0.6405124099279496,0.24019215372297417
2026-08-07,GWEI/USDT,2026-08-07 04:35,0.02257,21.79,0.023273,0.022655,3.84,-1.64,25,0.022744,0.021876,3.17,0.020202,11.72,2.931,0.01838,22.8,0.02259,False,-1.6821602478973081,-4.913678618857902,-8.100929614873847,-10.801239486498456,-7.835325365205847,-5.356352368304572,-24.701195219123516
2026-08-07,GWEI/USDT,2026-08-07 06:50,0.02473,22.99,0.025485,0.024896,3.24,2.58,15,0.024488,0.022939,7.81,0.021019,17.66,3.685,0.018689,32.32,0.02472,False,4.288025889967631,7.241100323624596,4.733009708737853,3.4385113268608416,-2.305825242718451,-6.998381877022664,-27.629449838187714
2026-08-07,GWEI/USDT,2026-08-07 07:20,0.02293,22.99,0.025741,0.024229,11.81,2.58,15,0.024456,0.023072,-0.62,0.021167,8.33,3.554,0.01875,22.3,0.02293,False,-3.358046227649367,-2.703881378107294,-6.323593545573485,-3.7941561273441025,-6.7597034452682045,-20.75883122546882,-32.31574356737898
2026-08-07,GWEI/USDT,2026-08-07 11:55,0.02354,13.97,0.023665,0.024252,0.87,-4.91,17,0.024498,0.024027,-2.03,0.022725,3.59,3.077,0.019374,21.5,0.02353,True,-1.4874628134296626,-3.1874203144921407,-3.1449213769655806,-6.077348066298346,-18.402039949001278,-26.22184445388866,-42.07394815129623
2026-08-07,GWEI/USDT,2026-08-07 16:35,0.02817,20.51,0.028868,0.028117,3.53,1.23,9,0.027634,0.025264,11.5,0.024286,15.99,3.304,0.020211,39.38,0.02817,False,1.810436634717785,2.307419240326593,-0.8519701810436656,-8.12921547745829,-5.679801206957759,-11.537096201632927,-11.82108626198083
2026-08-07,GWEI/USDT,2026-08-07 19:15,0.03039,26.33,0.032074,0.030448,7.12,7.96,14,0.029609,0.02682,13.31,0.025319,20.03,3.284,0.020873,45.59,0.03039,False,-0.6581112207963106,2.500822639025996,1.9743336623889434,-0.7897334649555795,-16.781836130306022,0.3290556103981553,15.761763738071732
2026-08-07,GWEI/USDT,2026-08-07 23:35,0.03513,34.14,0.035846,0.034922,3.31,0.65,7,0.033809,0.030482,15.25,0.027496,27.76,4.257,0.022155,58.56,0.03512,False,3.701594533029601,1.7369020501138939,10.535307517084288,11.70273348519362,11.44646924829157,24.82915717539863,25.39863325740318
2026-08-07,ON/USDT,2026-08-07 00:00,0.37459,34.13,0.399946,0.395499,7.24,3.14,19,0.39304,0.3681,1.76,0.3439,8.92,3.596,0.298796,25.37,0.37468,False,2.3139745916515455,2.188534215864215,-5.52471442297427,-8.807515746770571,-14.874025835379523,-18.06608305754243,-19.1683569979716
2026-08-07,ON/USDT,2026-08-07 05:05,0.43691,21.41,0.446358,0.439771,3.03,0.81,11,0.431292,0.400332,9.14,0.374508,16.66,3.663,0.316338,38.11,0.43677,False,1.6919660233074636,4.608833024246167,6.655676900886047,3.800627332463311,-0.3777731987086991,3.3770634430020348,23.937083590905964
2026-08-07,RIVER/USDT,2026-08-07 00:00,3.227,15.41,3.254615,3.257286,3.12,-1.06,13,3.2466,3.040626,6.13,2.898955,11.32,2.437,2.655655,21.51,3.227,True,-2.4480942051441024,-3.439727300898674,-3.8425782460489653,-2.6960024790827455,6.569569259374024,1.5494267121165115,7.964053300278887
2026-08-07,SKYAI/USDT,2026-08-07 11:25,0.10703,17.22,0.111415,0.108022,4.21,2.92,12,0.10671,0.099613,7.45,0.098617,8.53,2.5,0.079615,34.43,0.10702,False,-1.5511119416931367,-3.092879835544752,-7.989160904503832,-0.2896654830872648,1.2240702672397734,-15.184077742478042,-6.232479910297136
2026-08-07,SKYAI/USDT,2026-08-07 20:00,0.12088,18.71,0.123467,0.12114,2.87,1.64,8,0.120831,0.114185,5.86,0.106996,12.98,2.948,0.089546,34.99,0.12091,False,-1.0338268133322315,-0.3225539657596571,2.0180299396245123,0.9263088247456867,4.292448928955421,0.024811843519975393,4.424778761061953
2026-08-07,STG/USDT,2026-08-07 01:50,0.1528,21.5,0.1622,0.158757,7.21,0.75,8,0.155456,0.146693,4.16,0.13585,12.48,3.087,0.126139,21.14,0.1526,False,-2.4246395806028707,-7.273918741808649,-13.30275229357797,-12.450851900393177,-1.1795543905635621,1.834862385321117,6.6841415465268765
2026-08-07,STG/USDT,2026-08-07 05:35,0.1726,25.23,0.17965,0.174207,4.59,0.17,12,0.174016,0.162172,6.43,0.146533,17.79,4.236,0.130014,32.75,0.1727,False,10.596409959467275,11.580775911986098,8.801389693109433,12.970469021424439,13.549507817023743,17.139548349739425,16.039374638100753
2026-08-07,STG/USDT,2026-08-07 06:05,0.1527,25.23,0.1798,0.167264,15.07,0.17,12,0.170172,0.162564,-6.07,0.147494,3.53,3.831,0.13033,17.16,0.1528,False,-1.3743455497382322,-3.0759162303664986,-1.7015706806282849,-3.337696335078548,4.188481675392664,5.693717277486901,4.908376963350772
2026-08-07,ZBT/USDT,2026-08-07 01:50,0.1915,22.52,0.203272,0.197569,7.97,5.08,13,0.193346,0.184559,3.76,0.171382,11.74,4.204,0.133955,42.96,0.1915,False,1.9112271540469956,10.281984334203662,22.929503916449086,23.530026109660582,28.041775456919062,33.6710182767624,36.281984334203656
2026-08-07,ZBT/USDT,2026-08-07 02:20,0.17181,22.52,0.207776,0.192764,17.65,5.08,13,0.192602,0.184998,-7.13,0.172667,-0.5,3.952,0.13467,27.58,0.17179,False,3.050235752954185,14.086966645322777,18.15006694219686,16.840328307817693,19.628616333896037,26.928226322836018,30.96222131672391
2026-08-07,ZBT/USDT,2026-08-07 02:50,0.14759,22.52,0.212281,0.176501,30.75,5.08,13,0.186333,0.184188,-19.87,0.173212,-14.79,3.265,0.135136,9.22,0.14759,False,-1.754861440477003,4.729317704451512,0.7791855816789838,6.856833118774978,6.687444948844766,16.87783725184633,20.021681685751062
2026-08-08,AIO/USDT,2026-08-08 20:50,0.04513,7.67,0.045711,0.045344,1.42,4.81,26,0.044699,0.043672,3.34,0.043162,4.56,0.017,0.042163,7.04,0.04516,False,1.5500442869796265,2.6350752878653605,1.0186005314437603,3.188662533215228,1.5279007971656249,5.447298494242686,11.935341009743134
2026-08-08,AXTI/USDT,2026-08-08 00:30,89.42,7.4,89.91,89.784286,0.63,0.16,14,89.5716,88.441111,1.11,84.8584,5.38,1.689,76.93835,16.22,89.41,True,-0.3131640756067567,-0.07829101890169712,-0.6039592886701781,-0.3914550945084538,-0.827647914103578,-0.9730455206352808,-0.9618610893636051
2026-08-08,BICO/USDT,2026-08-08 02:55,0.05674,22.42,0.060637,0.05621,7.96,10.34,12,0.054569,0.054142,4.8,0.05266,7.75,1.801,0.041323,37.31,0.05677,False,1.5853443720274758,4.773648053549417,-3.7872115553989767,-6.235687863308088,-1.9904879337678334,-4.967412365686095,1.0568962480183253
2026-08-08,BROCCOLI714/USDT,2026-08-08 20:25,0.01653,7.08,0.016572,0.016643,0.32,-1.01,9,0.016624,0.016302,1.4,0.015781,4.75,1.079,0.015075,9.65,0.01654,False,0.6045949214026566,-1.088270858524786,-0.967351874244259,-2.176541717049572,-4.836759371221295,-3.6880290205562245,-1.511487303506652
2026-08-08,BROCCOLI714/USDT,2026-08-08 21:40,0.01659,6.49,0.016768,0.016608,1.06,0.78,14,0.016609,0.016466,0.75,0.015873,4.52,0.988,0.015142,9.56,0.0166,True,-1.8072289156626398,-0.9036144578313303,-1.6867469879518013,-5.240963855421682,-6.385542168674689,-8.313253012048188,-13.012048192771076
2026-08-08,BROCCOLI714/USDT,2026-08-08 23:50,0.01759,11.55,0.018003,0.01747,3.29,4.18,11,0.017193,0.016725,5.17,0.016127,9.07,1.512,0.01529,15.04,0.01757,False,-1.3659647125782621,-0.2845759817871453,1.821286283437663,-0.05691519635742512,1.821286283437663,4.382470119521912,-12.464428002276614
2026-08-08,CAP/USDT,2026-08-08 06:30,0.03532,9.54,0.036075,0.037306,2.31,-8.52,16,0.038146,0.037083,-4.75,0.036764,-3.93,1.13,0.033114,6.66,0.03532,False,-0.5945639864099713,-1.7270668176670427,-1.8969422423556173,-4.473386183465474,-5.464326160815406,-7.502831257078142,-4.813137032842583
2026-08-08,CAP/USDT,2026-08-08 15:25,0.03875,6.61,0.039148,0.038631,1.96,1.69,12,0.038151,0.037346,3.76,0.037182,4.22,0.601,0.034286,13.02,0.03874,True,5.007743933918424,5.291688177594208,3.1233866804336494,3.8461538461538423,4.620547237996902,4.594734124935459,0.2581311306143416
2026-08-08,CYS/USDT,2026-08-08 10:45,1.0832,24.49,1.1075,1.1412,6.91,-4.77,13,1.136284,1.033263,4.83,0.980208,10.51,3.539,0.858356,26.19,1.0832,False,11.050590841949772,17.106720827178723,22.128877400295412,22.368906942392908,24.51070901033973,12.343057607090097,13.035450516986707
2026-08-08,CYS/USDT,2026-08-08 11:15,0.8979,24.49,1.0817,1.0627,18.34,-4.77,13,1.107968,1.036372,-13.36,0.983095,-8.67,3.132,0.859764,4.44,0.8975,False,-1.1587743732590614,6.016713091921999,7.509749303621172,11.231197771587745,8.679665738161557,-4.846796657381614,-8.144846796657387
2026-08-08,GWEI/USDT,2026-08-08 00:00,0.03379,34.14,0.03601,0.034857,7.36,0.65,7,0.03423,0.03078,9.78,0.02776,21.72,4.432,0.02233,51.32,0.03381,False,-2.543626146110617,6.27033422064477,9.050576752440106,2.7210884353741416,9.13930789707187,21.058858325939074,21.41378290446613
2026-08-08,HEI/USDT,2026-08-08 02:20,0.22117,13.11,0.238286,0.2346,7.62,-2.83,19,0.23713,0.223315,-0.96,0.222856,-0.76,1.11,0.251897,-12.2,0.22131,False,7.803533505038185,9.195246486828433,10.13962315304325,9.552211829560354,8.996430346572685,1.9700872079887952,10.523699787628216
2026-08-08,HEI/USDT,2026-08-08 02:50,0.20096,13.11,0.236085,0.220609,15.24,-2.83,19,0.229894,0.222828,-9.81,0.22183,-9.41,0.149,0.251365,-20.05,0.20097,False,-0.0447828034034826,1.0449320794148473,1.288749564611638,1.1295218191770025,1.0847390157735062,-4.503159675573469,2.32372990993681
2026-08-08,KOMA/USDT,2026-08-08 17:35,0.014584,6.57,0.014584,0.014589,0.41,-0.28,11,0.014516,0.014046,3.83,0.013845,5.34,1.009,0.013017,12.04,0.014586,True,1.940216646099001,2.9686000274235522,2.2350198820787046,1.5425750719868334,0.6513094748388838,1.8236665295488865,2.015631427396139
2026-08-08,KOMA/USDT,2026-08-08 18:05,0.014153,6.57,0.014561,0.01446,3.33,-0.28,11,0.014478,0.014117,0.26,0.013874,2.01,0.981,0.013041,8.53,0.014149,False,-0.06360873559969134,-0.7845077390628311,-1.943600254434937,-1.6608947628807627,-1.081348505194716,-0.007067637288849143,-2.2121704714114
2026-08-08,MMT/USDT,2026-08-08 03:30,0.1993,13.55,0.204475,0.199886,4.05,3.56,16,0.197456,0.189223,5.33,0.181342,9.9,2.224,0.172723,15.39,0.1992,True,-3.162650602409639,-0.5522088353413743,-4.51807228915663,-7.429718875502012,-16.214859437751016,-15.461847389558244,-5.873493975903623
2026-08-08,MMT/USDT,2026-08-08 04:40,0.2075,14.63,0.209657,0.205221,2.22,2.6,14,0.203196,0.192678,7.69,0.184064,12.73,2.508,0.173629,19.51,0.2075,False,0.14457831325300952,1.9759036144578277,-2.8433734939759114,-16.19277108433736,-9.68674698795181,-11.421686746987952,0.7228915662650609
2026-08-08,MMT/USDT,2026-08-08 05:10,0.2034,14.63,0.211929,0.205843,5.68,2.6,14,0.204232,0.194167,4.76,0.185186,9.84,2.5,0.174081,16.84,0.2034,False,-2.6057030481809242,-4.91642084562439,-10.422812192723697,-17.6007866273353,-9.29203539823009,-12.881022615535889,-1.0324483775811164
2026-08-08,MMT/USDT,2026-08-08 07:20,0.2332,30.34,0.241805,0.2353,6.5,11.04,19,0.226456,0.20458,13.99,0.192248,21.3,3.619,0.17714,31.65,0.2331,False,0.7722007722007704,5.791505791505797,-0.4719004719004676,4.976404976404976,0.3432003432003411,10.381810381810382,11.969111969111973
2026-08-08,MMT/USDT,2026-08-08 07:50,0.2196,30.34,0.249321,0.232257,12.84,11.04,19,0.230452,0.206905,6.14,0.193891,13.26,3.784,0.177819,23.5,0.2196,False,-6.238615664845181,-6.6484517304189445,-2.5956284153005513,-3.4608378870674064,-5.054644808743169,3.415300546448078,5.510018214936248
2026-08-08,MUBARAK/USDT,2026-08-08 15:00,0.01506,7.56,0.015196,0.015015,2.01,-0.26,5,0.014872,0.014524,3.69,0.014246,5.71,1.025,0.013434,12.1,0.01508,True,-0.994694960212207,-1.5915119363395267,-1.4588859416445605,-2.122015915119369,-1.392572944297083,-4.5092838196286475,-6.233421750663129
2026-08-08,MUBARAK/USDT,2026-08-08 17:05,0.01537,8.64,0.015516,0.015404,1.39,-0.19,14,0.015371,0.014789,3.93,0.014438,6.46,1.291,0.013538,13.53,0.01538,False,0.06501950585175288,1.6254876462938896,0.8452535760728211,0.9752925877763271,-0.06501950585175288,-0.5201560468140456,-9.557867360208068
2026-08-08,MUBARAK/USDT,2026-08-08 17:35,0.01513,8.64,0.015503,0.015311,3.31,-0.19,14,0.015358,0.014838,1.96,0.01447,4.56,1.171,0.01356,11.58,0.01511,False,-0.5956320317670404,-0.9265387160820615,-1.9854401058901385,-1.5221707478491018,-3.5076108537392523,-5.559232296492381,-22.63401720714759
2026-08-08,MUBARAK/USDT,2026-08-08 22:30,0.01532,7.47,0.015435,0.015542,0.94,-1.9,11,0.015413,0.0153,0.13,0.014861,3.09,0.992,0.013829,10.79,0.01532,True,-1.762402088772842,-2.8720626631853747,-1.566579634464745,-2.9373368146214034,-3.6553524804177417,-16.449086161879904,-30.874673629242803
2026-08-08,RECALL/USDT,2026-08-08 01:45,0.05052,14.19,0.050836,0.050639,1.25,-0.35,15,0.05051,0.048681,3.78,0.046356,8.98,2.103,0.043082,17.26,0.05056,True,-0.03955696202531485,1.0087025316455767,4.034810126582278,5.3401898734177236,9.770569620253164,11.115506329113924,12.321993670886075
2026-08-08,SIREN/USDT,2026-08-08 00:00,0.03544,16.94,0.036434,0.035735,3.36,1.43,10,0.035514,0.033645,5.33,0.031454,12.67,2.485,0.029736,19.18,0.03542,True,-4.460756634669673,-1.6939582156973554,-3.867871259175616,-8.752117447769619,5.985319028797281,8.977978543195942,5.759457933370977
2026-08-08,SLX/USDT,2026-08-08 07:45,0.09196,9.42,0.09368,0.092946,2.15,0.45,12,0.092031,0.090767,1.31,0.086878,5.85,2.322,0.079866,15.14,0.09197,True,-1.7288246167228534,-1.989779275850819,0.010873110796994805,-3.457649233445691,-4.664564531912583,2.2942263781667944,3.9251929977166493
2026-08-08,SLX/USDT,2026-08-08 08:50,0.09264,8.3,0.092975,0.092742,1.19,-0.59,13,0.09294,0.091306,1.46,0.087878,5.42,2.3,0.080208,15.5,0.09265,True,-1.8024824608742631,-2.8278467350242824,-2.21262817053428,-4.4036697247706424,1.144090663788442,3.291958985429031,8.224500809498112
2026-08-08,TST/USDT,2026-08-08 10:40,0.01394,9.76,0.014764,0.014146,5.79,5.98,14,0.013878,0.013305,4.78,0.01334,4.5,0.288,0.012213,14.14,0.01395,False,-3.0107526881720448,-0.9318996415770602,-10.179211469534046,-7.311827956989248,-9.318996415770602,-12.401433691756264,-16.057347670250888
2026-08-08,TST/USDT,2026-08-08 16:45,0.01597,18.45,0.016813,0.015819,6.02,4.73,7,0.015504,0.014855,7.51,0.013962,14.38,1.68,0.012798,24.78,0.01597,False,2.6299311208516087,0.9392611145898612,0.9392611145898612,2.567313713212288,4.132748904195371,-1.4402003757044304,-11.83469004383218
2026-08-08,TST/USDT,2026-08-08 22:35,0.01622,11.52,0.016646,0.016051,3.88,5.26,10,0.01573,0.015598,3.99,0.014891,8.92,2.054,0.013329,21.69,0.01622,False,0.24660912453759787,-3.6374845869297188,-2.219482120838488,0.30826140567199733,-17.632552404438975,-7.028360049321838,4.069050554870525
2026-08-08,TUT/USDT,2026-08-08 00:35,0.03782,10.74,0.039378,0.038897,4.24,1.71,15,0.0388,0.038248,-1.12,0.03606,4.88,3.021,0.03025,25.02,0.03781,False,0.10579211848718674,0.2115842369743551,-1.163713303358889,-0.3438243850833064,-13.88521555144141,-37.84713038878602,-64.34805606982279
2026-08-08,TUT/USDT,2026-08-08 01:05,0.03773,10.74,0.039642,0.038419,5.71,1.71,15,0.038555,0.03828,-1.44,0.03626,4.05,2.68,0.030343,24.34,0.03772,False,-1.0604453870625783,-1.4050901378579075,1.4581124072110154,0.02651113467655388,-16.648992576882293,-37.51325556733829,-71.47401908801699
2026-08-08,TUT/USDT,2026-08-08 19:10,0.07819,51.49,0.081448,0.079066,4.03,3.92,12,0.077038,0.069102,13.15,0.058001,34.81,8.811,0.040769,91.79,0.0782,True,-4.271099744245518,-3.452685421994877,-1.0485933503836333,-3.8107416879795353,-42.27621483375958,-84.68030690537081,-132.5447570332481
2026-08-09,1000CAT/USDT,2026-08-09 00:50,0.00211,16.32,0.002181,0.002146,3.7,0.6,15,0.002145,0.002137,-1.28,0.00195,8.21,3.911,0.001657,27.34,0.00211,False,5.545023696682461,5.450236966824649,7.393364928909947,7.819905213270142,10.142180094786731,13.270142180094782,14.123222748815161
2026-08-09,1000CAT/USDT,2026-08-09 01:20,0.001995,16.32,0.002186,0.002098,9.05,0.6,15,0.002118,0.002129,-6.3,0.001965,1.53,3.686,0.001662,20.04,0.001996,False,2.3046092184368754,2.1042084168336643,1.7034068136272416,3.1563126252504965,4.809619238476952,9.168336673346694,8.967935871743482
2026-08-09,4/USDT,2026-08-09 20:10,0.013566,16.29,0.013806,0.01375,2.0,0.97,18,0.013601,0.01291,5.08,0.012503,8.5,0.902,0.011909,13.91,0.013577,False,2.386388745672839,1.0679826176622305,0.03682698681593722,-1.4657140752743576,-2.474773514031078,6.901377329306918,9.876997864034767
2026-08-09,4/USDT,2026-08-09 20:40,0.013432,16.29,0.01385,0.013486,3.75,0.97,18,0.013546,0.012968,3.58,0.012524,7.25,0.83,0.011937,12.52,0.013456,False,-1.1667657550535142,-0.8620689655172526,-2.0065398335315185,-4.369797859690845,0.6093935790725233,7.409334126040426,8.665279429250884
2026-08-09,ACE/USDT,2026-08-09 03:25,0.13032,17.21,0.133131,0.133376,2.8,-7.62,27,0.140253,0.145365,-10.35,0.137466,-5.2,3.247,0.124214,4.92,0.13026,True,-1.742668509135592,-0.6141563027790748,0.26101642868108343,1.8194380469829445,2.310763089206192,6.694303700291719,5.312452019038831
2026-08-09,BEAT/USDT,2026-08-09 03:55,2.78,19.87,3.063,3.085714,11.56,-2.69,17,3.11344,2.93596,-5.31,2.80187,-0.78,2.66,2.355935,18.0,2.782,False,-5.10424155283968,-4.09777138749101,-6.362329259525524,-12.257368799424881,-16.71459381739755,-16.96621135873472,-22.21423436376707
2026-08-09,BEAT/USDT,2026-08-09 14:30,3.266,9.72,3.265222,3.305214,0.99,-2.9,9,3.31372,3.248333,0.54,3.113015,4.91,1.977,2.595035,25.86,3.266,True,-1.285976729944881,-1.3165952235150076,-4.898958971218621,-7.317819963257804,-10.77770973668095,-17.942437232088178,15.43172075933864
2026-08-09,BEAT/USDT,2026-08-09 17:10,3.537,13.56,3.605294,3.508286,2.75,3.83,17,3.45196,3.315404,6.68,3.20443,10.38,2.286,2.660615,32.94,3.537,False,-0.621996041843377,-3.194797851286401,-3.3361605880689815,-4.438789934973142,-5.79587220808595,14.39072660446706,26.208651399491096
2026-08-09,BEAT/USDT,2026-08-09 21:40,3.74,13.92,3.793933,3.725857,2.71,1.5,15,3.70732,3.541465,5.61,3.376095,10.78,2.711,2.805375,33.32,3.739,False,0.053490238031553346,-1.1500401176785278,-3.6908264241775854,-5.028082374966574,23.10778282963359,27.627707943300344,30.14174913078363
2026-08-09,BEAT/USDT,2026-08-09 23:15,3.817,14.77,3.875556,3.855429,1.64,-0.05,9,3.80424,3.641273,4.83,3.44747,10.72,2.728,2.865865,33.19,3.817,True,-2.515064186533918,-2.148283992664392,16.05973277443018,17.788839402672263,26.43437254388264,34.162955200419184,34.424941053183126
2026-08-09,BICO/USDT,2026-08-09 07:55,0.07085,43.49,0.079823,0.074162,11.62,3.78,14,0.073159,0.069918,1.33,0.064272,10.23,3.457,0.057023,24.25,0.07082,False,8.133295679186652,6.791866704320807,26.870940412312894,27.054504377294545,31.50240045184976,40.694719005930516,35.540807681445905
2026-08-09,BICO/USDT,2026-08-09 08:25,0.06601,43.49,0.081061,0.070595,19.31,3.78,14,0.071812,0.070012,-5.72,0.06453,2.29,3.164,0.057259,15.28,0.066,False,21.1969696969697,21.53030303030303,25.045454545454547,25.96969696969697,33.65151515151515,34.257575757575765,26.63636363636364
2026-08-09,BLUAI/USDT,2026-08-09 01:10,0.02138,13.44,0.021605,0.021409,2.74,-1.01,7,0.020826,0.020296,5.34,0.019505,9.61,1.058,0.015311,39.64,0.021371,True,-4.763464507978092,-1.6658088063263237,-1.8295821440269477,-3.9726732487950915,-16.976276262224506,20.775817696878946,12.67137709980816
2026-08-09,BROCCOLI714/USDT,2026-08-09 07:55,0.01661,8.03,0.017003,0.017302,2.43,-6.05,9,0.017386,0.017473,-4.94,0.017081,-2.76,0.896,0.015864,4.7,0.01662,False,0.722021660649811,-1.0228640192539111,-3.369434416365833,-11.73285198555957,-18.892900120336947,-21.3598074608905,-21.540312876052948
2026-08-09,BROCCOLI714/USDT,2026-08-09 12:50,0.01888,16.35,0.019389,0.01937,3.19,-0.05,18,0.019284,0.018013,4.82,0.017636,7.05,1.857,0.016284,15.94,0.0189,False,-2.0634920634920713,-8.571428571428571,-5.873015873015873,-1.9576719576719512,-4.920634920634922,-7.142857142857145,-7.566137566137569
2026-08-09,BROCCOLI714/USDT,2026-08-09 14:30,0.01916,22.26,0.020897,0.020187,9.75,7.07,20,0.019778,0.018511,3.5,0.017971,6.62,2.19,0.016463,16.38,0.01918,False,-0.10427528675703433,-1.668404588112622,-5.422314911366002,-7.038581856100107,-8.029197080291969,-2.711157455683001,1.5641293013555693
2026-08-09,BROCCOLI714/USDT,2026-08-09 19:55,0.0202,13.45,0.02081,0.020676,3.08,0.0,16,0.020625,0.020054,0.73,0.018872,7.04,1.884,0.016981,18.96,0.0202,False,0.7920792079207941,1.5841584158415882,-0.2970297029703021,2.07920792079208,0.7425742574257467,5.9900990099009865,6.881188118811876
2026-08-09,BROCCOLI714/USDT,2026-08-09 20:25,0.01988,13.45,0.02081,0.020369,5.0,0.0,16,0.020489,0.020067,-0.93,0.018946,4.93,1.819,0.017024,16.77,0.01989,False,-2.36299648064353,-1.8602312719959717,1.809954751131235,1.458019105077939,-2.36299648064353,3.167420814479648,3.267973856209157
2026-08-09,COOKIE/USDT,2026-08-09 01:00,0.012904,29.6,0.013488,0.013079,5.4,6.91,18,0.012788,0.011982,7.69,0.01079,19.59,3.218,0.010154,27.08,0.012904,False,1.1546807191568491,5.897396156230636,9.159950402975827,8.40824550526969,10.089894606323629,7.38530688158711,-3.4717916924984404
2026-08-09,COOKIE/USDT,2026-08-09 12:05,0.013614,16.54,0.013963,0.013706,5.72,-0.2,12,0.013502,0.01248,9.09,0.012336,10.36,2.155,0.010582,28.65,0.013619,False,1.960496365371906,2.0045524634701444,0.6167853733754242,6.079741537557816,8.68639400837066,-11.212276966003383,-15.316836772156556
2026-08-09,COOKIE/USDT,2026-08-09 12:35,0.013346,16.54,0.013949,0.013563,6.22,-0.2,12,0.013548,0.012556,6.3,0.012383,7.77,2.007,0.010622,25.64,0.013346,False,1.6784055147609789,-1.4161546530795739,-2.1204855387382007,4.450771766821526,3.888805634647088,-12.865277985913382,-12.872770867675701
2026-08-09,COOKIE/USDT,2026-08-09 20:05,0.015146,31.27,0.015886,0.015719,4.97,16.23,28,0.015561,0.01364,11.04,0.013018,16.35,3.595,0.011282,34.25,0.015139,False,1.6183367461523248,0.5020146641125549,-1.8825549904220922,-4.491710152586037,-3.738688156417204,8.785256621969745,16.843913072197637
2026-08-09,COOKIE/USDT,2026-08-09 20:35,0.015063,31.27,0.016356,0.015204,9.44,16.23,28,0.015637,0.01373,9.71,0.013115,14.86,3.598,0.011339,32.84,0.015067,False,-3.205681290236935,-2.3694166058273023,-3.856109378111092,-3.358332780248221,0.019911063914523564,11.528506006504285,16.964226455166926
2026-08-09,DYM/USDT,2026-08-09 11:00,0.017,20.38,0.01725,0.017049,2.49,1.41,12,0.016541,0.015773,7.78,0.015284,11.23,1.608,0.014398,18.07,0.017,True,1.764705882352951,0.8235294117647131,5.6470588235294255,8.0,10.823529411764712,7.294117647058831,7.4705882352941195
2026-08-09,FHE/USDT,2026-08-09 10:30,0.02895,14.74,0.029603,0.029611,4.13,6.24,26,0.029622,0.028805,0.5,0.028105,3.01,1.229,0.026661,8.59,0.02895,False,0.4835924006908505,-0.34542314335060237,0.31088082901554337,-1.1053540587219373,0.5872193436960277,2.9706390328151975,8.842832469775475
2026-08-09,IOTX/USDT,2026-08-09 00:35,0.002626,10.22,0.002686,0.002642,2.42,1.21,9,0.002619,0.002525,3.98,0.00245,7.18,1.78,0.002316,13.41,0.002626,True,-2.2086824067022213,-23.343488194973354,-41.24143183549125,-45.39223153084541,-30.27418126428028,-28.17974105102819,-10.738766184310744
2026-08-09,IOTX/USDT,2026-08-09 02:20,0.003731,60.04,0.004089,0.003701,11.04,15.15,12,0.003299,0.002731,36.59,0.002567,45.32,5.04,0.002359,58.13,0.003731,False,-2.3318145269364856,-0.8040739748056842,7.39748056821227,11.900294827124094,7.317073170731703,18.359689091396405,18.89573840793353
2026-08-09,LISTA/USDT,2026-08-09 07:10,0.06247,12.05,0.066738,0.06506,7.94,2.9,13,0.064343,0.061863,0.98,0.059981,4.15,1.896,0.056262,11.03,0.06244,False,0.8488148622677814,-1.6495836002562398,0.5445227418321589,2.3702754644458714,1.9698910954516364,0.19218449711723581,-3.6194746957078654
2026-08-09,LISTA/USDT,2026-08-09 07:40,0.06347,12.05,0.067601,0.064035,8.34,2.9,13,0.064102,0.062003,2.37,0.060162,5.5,1.764,0.056343,12.65,0.06349,False,-0.5040163805323685,2.1893211529374743,1.7640573318632902,6.237202709088053,3.3863600567018524,0.5355174043156512,-0.7875255945818246
2026-08-09,MUBARAK/USDT,2026-08-09 07:55,0.01788,24.61,0.018272,0.018137,2.8,-3.32,26,0.017942,0.01666,7.32,0.016001,11.75,2.299,0.014565,22.76,0.01789,True,-0.11179429849077242,-2.179988820570159,-8.049189491335945,-6.036892118501962,-9.614309670206815,-22.470653996646167,-33.482392397987695
2026-08-09,MUBARAK/USDT,2026-08-09 10:50,0.01962,28.65,0.020538,0.019492,5.1,5.31,21,0.019556,0.017857,9.88,0.016687,17.58,3.209,0.014963,31.12,0.01961,False,1.4788373278939246,3.6206017338092753,0.050994390617030046,7.29219785823558,-1.9887812340642606,-20.958694543600217,-31.71851096379398
2026-08-09,MUBARAK/USDT,2026-08-09 18:05,0.02478,37.45,0.025558,0.024699,3.52,2.58,13,0.02406,0.020897,18.58,0.019129,29.54,5.592,0.016094,53.97,0.0248,False,-0.685483870967742,0.0,3.9516129032257994,6.532258064516129,-7.580645161290321,3.7500000000000013,7.33870967741935
2026-08-09,MUBARAK/USDT,2026-08-09 18:35,0.0248,37.45,0.025854,0.024876,4.73,2.58,13,0.024606,0.02124,16.76,0.019398,27.85,5.782,0.016204,53.05,0.02479,False,4.316256555062517,3.9128680919725642,7.018959257765221,3.307785397337627,-1.6942315449778145,8.955223880597014,16.53892698668818
2026-08-09,MUBARAK/USDT,2026-08-09 23:00,0.02542,29.47,0.026661,0.025721,5.29,6.13,13,0.024958,0.023769,6.94,0.02141,18.73,4.589,0.017148,48.24,0.0254,False,0.6299212598425213,0.3543307086614166,-0.7480314960630027,-11.22047244094489,8.779527559055115,18.346456692913378,20.944881889763774
2026-08-09,TST/USDT,2026-08-09 00:50,0.01622,17.0,0.016304,0.016538,0.95,-4.49,18,0.016569,0.015887,2.1,0.015323,5.85,2.644,0.013566,19.56,0.01622,True,2.3427866831072652,-4.99383477188657,-6.84340320591864,-14.241676942046876,-10.850801479654756,-0.06165228113442086,0.24660912453759787
2026-08-09,TST/USDT,2026-08-09 03:15,0.01937,30.94,0.020648,0.01919,7.45,2.65,9,0.018357,0.016576,16.85,0.015942,21.5,3.552,0.01392,39.15,0.01938,False,3.19917440660476,3.6119711042311797,8.152734778121783,10.887512899896803,14.293085655314766,15.170278637770906,17.234262125903005
2026-08-09,TST/USDT,2026-08-09 03:45,0.01868,30.94,0.021001,0.018998,11.67,2.65,9,0.018782,0.016754,11.5,0.016078,16.18,3.694,0.013994,33.48,0.01868,False,2.034261241970013,4.710920770877938,4.389721627408982,4.3361884368308266,8.886509635974296,10.06423982869379,12.473233404710914
2026-08-09,TST/USDT,2026-08-09 20:10,0.02099,43.85,0.021706,0.021984,4.5,11.03,16,0.020312,0.017238,21.77,0.0171,22.75,1.277,0.015507,35.36,0.02099,False,1.8580276322058191,-2.9537875178656456,-2.0962363030014264,1.6198189614101952,-7.003334921391134,8.289661743687478,1.1434016198189643
2026-08-09,TUT/USDT,2026-08-09 07:55,0.17808,147.7,0.22468,0.178766,28.34,13.18,18,0.179392,0.144132,23.55,0.112922,57.7,13.44,0.065701,171.04,0.17803,False,15.418749648935576,7.549289445599062,-2.4153232601246972,12.318148626635963,2.988260405549622,17.89024321743526,-4.965455260349388
2026-08-09,TUT/USDT,2026-08-09 08:25,0.16459,147.7,0.23329,0.165022,30.95,13.18,18,0.175683,0.147479,11.6,0.115777,42.16,12.467,0.066991,145.69,0.16459,False,-11.835469955647381,-10.77829758794581,-3.0257002248010285,7.217935476031336,-7.278692508657889,11.641047451242471,-9.283674585333262
2026-08-09,TUT/USDT,2026-08-09 19:55,0.18687,31.46,0.201276,0.191898,8.77,12.39,17,0.182699,0.164315,13.73,0.164115,13.87,4.007,0.097082,92.49,0.18685,False,-1.3807867273213803,3.7356168049237284,3.00240834894299,-1.8196414236018272,-8.065293015788066,-23.109446079743122,13.872089911693871
2026-08-09,龙虾/USDT,2026-08-09 02:05,0.024659,9.29,0.025083,0.024698,2.3,2.68,12,0.02452,0.024543,0.47,0.023332,5.69,1.939,0.020746,18.86,0.024651,False,-0.9330250294105759,-1.3914242829905463,-2.336619204089084,-0.1541519613808764,0.9776479655997653,17.204170216218404,22.534582775546635
2026-08-09,龙虾/USDT,2026-08-09 03:40,0.024746,7.41,0.025186,0.025102,2.34,-0.45,7,0.024986,0.024654,0.37,0.023694,4.44,1.954,0.020877,18.53,0.024748,False,-0.731372232099566,0.13334410861483073,0.12122191692257467,-1.4021335057378377,29.69532891546791,24.72523032164215,25.985938257636974
2026-08-10,BMT/USDT,2026-08-10 03:00,0.03726,33.31,0.037522,0.037229,3.58,-2.33,13,0.03591,0.03487,6.85,0.030835,20.84,5.535,0.019758,88.58,0.03727,True,0.6707807888382082,-4.10517842768984,-7.378588677220291,-0.16098738932118192,-0.8854306412664447,23.504158840890792,30.61443520257579
2026-08-10,BMT/USDT,2026-08-10 04:40,0.04032,34.61,0.042921,0.040302,8.2,6.46,9,0.038899,0.03581,12.59,0.032235,25.08,5.34,0.020576,95.95,0.04035,False,7.162329615861207,4.832713754646841,5.774473358116478,5.229244114002463,16.926889714993795,26.443618339529113,39.20693928128872
2026-08-10,BROCCOLI714/USDT,2026-08-10 21:20,0.0197,7.65,0.020056,0.02008,2.32,-1.42,9,0.019951,0.019053,3.4,0.019033,3.5,0.611,0.01882,4.67,0.01972,False,2.3833671399594403,3.1947261663286106,2.2819472616632983,6.947261663286001,10.141987829614612,11.866125760649096,15.111561866125758
2026-08-10,BROCCOLI714/USDT,2026-08-10 21:50,0.01909,7.65,0.019862,0.01965,4.54,-1.42,9,0.01985,0.019089,0.01,0.019055,0.18,0.569,0.018844,1.3,0.0191,False,-1.6753926701570725,-0.8900523560209425,1.3089005235602107,3.8743455497382078,9.738219895287962,11.518324607329847,12.303664921465957
2026-08-10,CGPT/USDT,2026-08-10 01:55,0.02249,12.87,0.023089,0.023409,2.94,-4.13,18,0.023536,0.022852,-1.58,0.021761,3.35,2.011,0.02012,11.78,0.0225,False,2.444444444444437,0.8444444444444409,4.088888888888892,6.400000000000001,8.311111111111112,5.688888888888888,7.822222222222212
2026-08-10,CTSI/USDT,2026-08-10 03:15,0.0284,10.08,0.029279,0.028768,3.21,3.07,22,0.0286,0.028552,-0.53,0.027039,5.03,1.726,0.02585,9.87,0.02842,False,-0.914848698099929,0.4222378606615132,3.0612244897959155,5.9817030260380015,8.374384236453203,5.946516537649544,7.459535538353274
2026-08-10,CYS/USDT,2026-08-10 14:35,1.1191,23.71,1.163989,1.098514,7.53,-9.37,19,1.153964,1.058893,5.69,1.051695,6.41,0.195,0.969223,15.46,1.1188,False,-0.7954951734000633,-0.34858777261351576,-3.655702538434031,-2.9585269932069993,-12.200572041473013,-12.379335001787634,-16.83947086163746
2026-08-10,CYS/USDT,2026-08-10 18:45,1.2254,18.65,1.265988,1.245064,5.2,2.73,16,1.2258,1.174325,4.35,1.072042,14.31,2.292,1.000422,22.49,1.2256,False,0.48139686684073246,0.8322454308093984,-0.7996083550913863,-3.745104438642302,-3.26370757180157,-6.764033942558745,-9.603459530026102
2026-08-10,ESP/USDT,2026-08-10 03:40,0.0774,8.72,0.078034,0.078031,0.98,2.17,17,0.077132,0.074175,4.35,0.073897,4.74,0.867,0.068317,13.3,0.07739,True,0.2067450575009786,-0.8657449282853132,1.4730585346944076,-1.124176250161514,1.5635094973510826,5.750096911745698,5.142783305336604
2026-08-10,INX/USDT,2026-08-10 21:30,0.00824,9.71,0.008936,0.008825,8.59,-0.83,9,0.008748,0.008422,-2.16,0.008331,-1.1,0.633,0.008133,1.31,0.008244,False,-2.6686074721009185,-0.25473071324599933,-1.5162542455118888,-1.698204754973329,-0.48520135856380525,-5.046094129063558,-3.869480834546335
2026-08-10,NIL/USDT,2026-08-10 03:25,0.0445,15.55,0.04521,0.044611,2.85,0.67,10,0.043855,0.042133,5.62,0.040154,10.82,2.656,0.036644,21.44,0.0445,True,2.2921348314606744,-1.2359550561797796,-2.831460674157313,-3.4382022471910196,5.999999999999997,1.5730337078651668,6.988764044943808
2026-08-10,NIL/USDT,2026-08-10 10:40,0.04627,11.96,0.0483,0.046225,6.09,5.65,17,0.045276,0.044413,4.18,0.042939,7.76,1.791,0.037903,22.07,0.04624,False,4.152249134948108,5.276816608996549,3.0709342560553727,0.8650519031141967,2.4437716262975906,16.52249134948097,14.035467128027687
2026-08-10,NIL/USDT,2026-08-10 11:10,0.0438,11.96,0.0492,0.045757,11.42,5.65,17,0.045292,0.044381,-1.31,0.043087,1.65,1.755,0.037995,15.28,0.04378,False,-0.04568296025582272,-2.375513933302876,-2.1699406121516662,-4.636820465966188,4.728186386477849,12.859753312014611,9.8446779351302
2026-08-10,NIL/USDT,2026-08-10 11:40,0.04482,11.96,0.0501,0.044421,11.98,5.65,17,0.045276,0.044348,1.06,0.043204,3.74,1.663,0.03809,17.67,0.04483,False,0.4907428061566025,0.22306491188936617,-2.252955610082527,-4.149007361142094,9.413339281730988,15.257639973232207,10.283292438099494
2026-08-10,NIL/USDT,2026-08-10 14:50,0.04409,12.46,0.045375,0.044231,3.45,-2.59,21,0.045385,0.044447,-0.8,0.044076,0.03,1.163,0.038783,13.68,0.04406,False,5.038583749432591,5.923740354062644,7.376305038583755,7.943713118474814,12.25601452564685,9.577848388561055,13.595097594189745
2026-08-10,NIL/USDT,2026-08-10 15:20,0.04145,12.46,0.045029,0.043515,8.9,-2.59,21,0.044461,0.04443,-6.71,0.044083,-5.97,0.775,0.038852,6.69,0.04146,False,1.423058369512784,1.567776169802214,1.640135069946937,5.306319343945956,8.055957549445239,4.920405209840811,7.54944524843221
2026-08-10,NIL/USDT,2026-08-10 15:50,0.04081,12.46,0.044683,0.041971,9.05,-2.59,21,0.042904,0.044374,-8.03,0.044055,-7.37,0.295,0.038912,4.88,0.04081,False,-1.543739279588333,0.07351139426611676,0.6125949522175943,4.459691252144088,7.571673609409464,1.5192354814996387,4.0921342808135215
2026-08-10,ON/USDT,2026-08-10 09:45,0.40091,9.83,0.407378,0.400071,1.8,3.06,16,0.39537,0.383283,4.6,0.374149,7.15,1.124,0.354856,12.98,0.40095,False,-0.017458535977058112,-3.638857712931799,-3.297169223095152,3.569023569023567,0.39905225090410035,0.5636613044020413,3.122583863324598
2026-08-10,PUMP/USDT,2026-08-10 06:45,0.002826,6.46,0.002864,0.002849,1.79,2.47,22,0.002825,0.002747,2.87,0.002717,4.02,0.861,0.002515,12.37,0.002826,False,0.3184713375796141,1.6277423920736036,2.547770700636943,2.1585279547062934,3.0785562632696335,4.352441613588105,1.6277423920736036
2026-08-10,THE/USDT,2026-08-10 03:15,0.07268,14.67,0.074564,0.072925,2.53,-1.27,20,0.073484,0.070281,3.41,0.068397,6.26,2.105,0.06112,18.91,0.07268,False,0.22014309301044785,-0.564116675839306,-3.3709411117226304,5.6136488717666495,13.924050632911381,9.93395707209685,11.227297743533299
2026-08-10,TST/USDT,2026-08-10 00:55,0.01909,28.86,0.018996,0.020827,0.03,-12.67,13,0.021186,0.020146,-5.24,0.0181,5.47,2.732,0.016241,17.54,0.01911,True,-2.3024594453166034,-0.8895866038723184,-1.0989010989011088,4.343275771847187,3.976975405546818,-6.070120355834649,-25.79801151229723
2026-08-10,TST/USDT,2026-08-10 10:30,0.02407,29.47,0.02507,0.024091,7.22,2.68,10,0.022814,0.019828,21.39,0.02021,19.1,4.114,0.017561,37.06,0.02407,True,1.786456169505608,5.941005400914003,2.0357291233901154,2.368093061902788,12.463647694225187,8.059825508932283,4.486913169921068
2026-08-10,TUT/USDT,2026-08-10 00:55,0.18579,44.13,0.204329,0.21114,11.7,4.67,18,0.202728,0.184138,0.9,0.172833,7.5,1.872,0.112408,65.28,0.18567,False,0.47934507459471204,-9.204502612161358,-8.121936769537356,-7.642591694942645,-3.9963375881941134,17.170248289976836,35.5954112134432
2026-08-10,TUT/USDT,2026-08-10 01:25,0.20276,44.13,0.207356,0.198899,8.36,4.67,18,0.202978,0.186548,8.69,0.173297,17.0,1.97,0.11396,77.92,0.20276,True,-0.5326494377589257,0.991319786940217,-2.5251528901164004,-13.868613138686134,5.8492799368711825,27.09114223712764,43.71670941014006
2026-08-10,XAN/USDT,2026-08-10 00:20,0.020928,21.76,0.021987,0.021824,5.55,-1.28,7,0.021295,0.020023,4.52,0.018915,10.64,3.707,0.016035,30.52,0.020929,True,-4.634717377801131,-7.850351187347693,3.053179798365907,37.93301161068374,36.93439724783792,39.648334846385396,40.24081418127956
2026-08-11,ARIA/USDT,2026-08-11 00:05,0.03643,9.15,0.036366,0.03659,1.72,-1.99,9,0.036606,0.035536,2.52,0.03497,4.17,1.412,0.032909,10.7,0.03641,True,-0.2471848393298539,1.2908541609447903,0.5218346608074588,-5.190881625926951,8.514144465806094,7.827519912112053,7.223290304861303
2026-08-11,BLESS/USDT,2026-08-11 00:50,0.013772,8.09,0.01395,0.013732,2.24,2.3,12,0.013613,0.013337,3.26,0.013149,4.74,1.32,0.01279,7.68,0.013771,True,-1.7137462784111546,-3.5582020187350163,1.038414058528798,-1.3506644397647258,9.78868636990778,8.35088228886791,5.28647157069203
2026-08-11,BSP/USDT,2026-08-11 00:00,53.0,11.91,53.656667,53.33,1.75,0.75,15,53.1524,52.505657,0.94,48.71665,8.79,2.087,46.1503,14.84,52.96,False,-0.03776435045316469,-0.3021148036253712,0.7364048338368591,0.7552870090634414,0.8308157099697842,-0.6986404833836809,-0.6608761329305163
2026-08-11,BSP/USDT,2026-08-11 16:30,56.97,10.58,58.437778,57.879286,2.7,0.43,18,57.7588,54.608182,4.33,53.658,6.17,1.053,49.078,16.08,57.0,False,-0.2456140350877203,0.8070175438596507,4.03508771929824,3.9298245614035126,4.368421052631582,4.298245614035093,4.070175438596492
2026-08-11,CAP/USDT,2026-08-11 19:25,0.05492,16.13,0.057357,0.054902,4.89,3.67,12,0.054013,0.051663,6.3,0.049745,10.4,2.057,0.046493,18.12,0.05492,False,-0.6919155134741539,-1.0378732702112183,0.9104151493080727,3.0043699927166765,1.6205389657683815,-2.9679533867443673,0.8557902403495962
2026-08-11,CYS/USDT,2026-08-11 01:20,1.2933,17.33,1.370183,1.3131,6.48,6.09,12,1.293388,1.261587,2.51,1.190579,8.63,3.809,1.044906,23.77,1.2925,False,1.4313346228239816,-1.052224371373312,-0.13926499032882195,-1.9729206963249577,-3.2263056092843385,-6.413926499032881,-12.665377176015472
2026-08-11,CYS/USDT,2026-08-11 01:50,1.3061,17.33,1.409133,1.313207,8.77,6.09,12,1.301112,1.266261,3.15,1.201819,8.68,3.9,1.048366,24.58,1.3062,False,0.2832644311744018,0.911039657020366,0.5741846577859487,-1.186648292757623,-2.4728219261981312,-5.588730669116518,-9.232889297197982
2026-08-11,CYS/USDT,2026-08-11 06:00,1.3496,9.84,1.3835,1.335179,3.63,2.57,8,1.327772,1.302947,3.58,1.247971,8.14,1.059,1.086353,24.23,1.3496,False,1.61529342027266,1.03734439834025,1.9487255483106098,3.445465323058683,-2.1561944279786696,-5.09780675755781,-6.816834617664499
2026-08-11,CYS/USDT,2026-08-11 09:50,1.3792,11.22,1.43685,1.376186,4.23,3.6,10,1.347836,1.326665,3.96,1.294555,6.54,1.808,1.125254,22.57,1.3793,False,0.029000217501628067,-0.964257231929246,-4.277532081490607,-4.980787355905168,-3.4437758283187194,-1.27600957007178,12.426593199448996
2026-08-11,CYS/USDT,2026-08-11 12:55,1.462,12.5,1.4805,1.463129,1.38,-0.3,9,1.459304,1.374399,6.37,1.332908,9.68,2.083,1.157403,26.32,1.462,False,-0.08891928864569623,0.1983584131326883,2.058823529411766,2.154582763337884,-3.693570451436392,20.129958960328317,25.396716826265386
2026-08-11,DODOX/USDT,2026-08-11 03:30,0.023074,6.43,0.023862,0.023139,3.81,2.82,9,0.022808,0.023155,-0.35,0.02242,2.92,0.543,0.02139,7.87,0.023074,False,2.5829938458871426,4.619918523012919,5.842073329288385,9.014475166854478,9.439195631446646,9.946259859582222,10.513998439802378
2026-08-11,GUA/USDT,2026-08-11 01:50,0.05489,21.72,0.055769,0.056341,2.31,-13.7,23,0.059729,0.056182,-2.3,0.055809,-1.65,4.261,0.043169,27.15,0.05489,True,-1.82182546912006,-5.939151029331388,-0.7651666970304185,-3.8076152304609248,4.900710511932953,8.580797959555472,15.175806157770092
2026-08-11,ON/USDT,2026-08-11 19:15,0.40171,8.15,0.401804,0.405036,0.59,-2.65,10,0.404347,0.403183,-0.37,0.396824,1.23,0.749,0.388775,3.33,0.40155,True,0.9388619100983677,1.4468932885070445,1.7357738762296182,3.924791433196363,5.319387373926047,5.461337317893165,5.5709127132362095
2026-08-11,PRL/USDT,2026-08-11 03:40,0.3202,8.38,0.3246,0.322564,1.73,0.0,11,0.318384,0.306756,4.38,0.301806,6.09,0.576,0.296729,7.91,0.3202,False,0.2498438475952428,-0.4372267332916966,0.4372267332916966,-0.4372267332916966,-0.031230480949403183,2.2485946283572718,1.8425983760149784
2026-08-11,PROM/USDT,2026-08-11 01:30,2.579,35.47,2.624,2.578,5.64,-2.08,8,2.46516,2.173273,18.67,2.082075,23.87,2.537,2.069545,24.62,2.58,True,-2.4031007751937916,-4.612403100775185,27.4031007751938,22.984496124031008,18.527131782945744,17.829457364341085,22.751937984496124
2026-08-11,SHAZ/USDT,2026-08-11 17:30,56.2,5.58,56.748182,56.199286,1.2,0.84,11,55.6456,54.157475,3.77,53.8364,4.39,0.573,51.86165,8.37,56.21,False,-0.28464685998931966,-0.0533712862480006,0.7116171499733118,-1.5477673011919542,-0.08895214374665923,-0.33801814623732024,-2.3661270236612673
2026-08-11,SHAZ/USDT,2026-08-11 18:45,55.57,5.3,55.864444,56.165714,0.83,-0.92,9,56.2396,54.672828,1.64,54.04055,2.83,0.638,52.0202,6.82,55.58,False,-0.3958258366318799,-1.5473191795609922,-2.590860021590509,-3.7963296149694123,-2.6268441885570364,-2.1230658510255482,-4.390068369917246
2026-08-11,SHAZ/USDT,2026-08-11 22:05,57.34,8.01,57.37,57.477143,0.21,-1.69,18,57.472,55.990505,2.41,54.6993,4.83,0.798,52.50955,9.2,57.34,True,0.5929543076386526,0.8022322985699352,0.7673526334147276,0.5580746424834326,1.2382281130101165,-0.2615974886641063,-1.9009417509591842
2026-08-11,SHAZ/USDT,2026-08-11 22:35,56.88,8.01,57.04,56.946429,0.46,-1.69,18,57.4112,56.172121,1.26,54.79685,3.8,0.774,52.5828,8.17,56.81,False,-0.2112304171800694,-0.15842281288504895,-0.0880126738250258,-0.33444816053511306,0.2288329519450846,-2.1651117760957526,-2.2531244499207905
2026-08-11,SQD/USDT,2026-08-11 00:00,0.04596,17.06,0.048951,0.046116,8.6,2.31,19,0.047366,0.045663,0.65,0.043912,4.66,2.005,0.038725,18.68,0.04599,False,-0.587084148727983,0.15220700152207134,-0.17395085888235864,-2.826701456838433,5.131550337029791,-0.6088280060882703,0.043487714720604746
2026-08-11,UAI/USDT,2026-08-11 14:15,0.2665,5.22,0.2689,0.269286,1.45,-0.41,22,0.267324,0.261767,1.81,0.261881,1.76,0.496,0.250827,6.25,0.2666,False,0.15003750937734864,0.1875468867216806,0.15003750937734864,-0.8252063015753862,1.350337584396096,1.6129032258064613,1.5003750937734448
2026-08-11,UAI/USDT,2026-08-11 14:45,0.2661,5.22,0.2686,0.267493,1.04,-0.41,22,0.267792,0.262095,1.53,0.262249,1.47,0.574,0.251128,5.96,0.266,False,0.3383458646616586,-0.07518796992480374,-0.11278195488720563,0.26315789473685486,0.4135338345864623,0.7142857142857191,1.8796992481203023
2026-08-11,龙虾/USDT,2026-08-11 00:00,0.028888,6.05,0.029283,0.028855,1.83,-0.09,19,0.02894,0.028916,-0.1,0.028991,-0.36,3.658,0.0239,20.87,0.028895,False,-0.08998096556497058,2.98321508911577,3.5507873334486906,7.437272884582113,2.315279460114205,12.510815019899638,25.028551652535036
2026-08-12,BOT/USDT,2026-08-12 02:10,31.23,7.22,31.356667,31.275714,0.66,0.32,30,31.0876,30.700808,1.72,29.6229,5.43,1.44,28.6524,9.0,31.22,False,-0.2242152466367722,0.09609224855860854,-0.16015374759769607,0.2242152466367722,0.8007687379884689,1.7616912235746227,-5.605381165919283
2026-08-12,BOT/USDT,2026-08-12 14:50,32.26,8.58,32.7704,32.684286,1.56,6.99,25,31.8072,30.811818,4.7,30.93525,4.28,0.436,29.1929,10.51,32.33,False,0.03093102381688219,0.7732755954222085,2.1033096195484062,0.12372409526755072,2.5054129291679517,0.7423445716053043,0.34024126198577
2026-08-12,BTR/USDT,2026-08-12 00:00,0.02813,11.84,0.030332,0.030944,7.29,-8.67,20,0.032014,0.032111,-12.4,0.031366,-10.32,0.426,0.025733,9.31,0.02813,False,-3.4482758620689733,-4.194809811589053,-6.363313188766441,-5.367934589406332,-8.425168858869537,-6.505510131532179,-5.581230003554931
2026-08-12,BTR/USDT,2026-08-12 00:30,0.02931,11.84,0.029456,0.029569,2.33,-8.67,20,0.030898,0.031952,-8.27,0.031334,-6.46,0.228,0.025803,13.59,0.02929,True,-6.657562307954934,-2.1509047456469736,-5.804028678729942,-12.325025606008872,-5.326049846363943,-1.5705018777739794,-1.5363605326049812
2026-08-12,CAP/USDT,2026-08-12 01:25,0.0562,14.16,0.057682,0.056373,3.54,2.94,13,0.055659,0.054387,3.33,0.052515,7.02,2.047,0.048284,16.4,0.0562,True,-3.701067615658361,-2.8113879003558684,-4.234875444839858,-0.6227758007117492,-2.0462633451957264,-3.416370106761563,-1.7971530249110266
2026-08-12,CAP/USDT,2026-08-12 03:10,0.05703,12.52,0.05715,0.057586,1.07,-2.18,16,0.057412,0.055307,3.12,0.053389,6.82,1.935,0.048848,16.75,0.05704,True,0.8590462833099534,-0.5259467040673241,-2.7699859747545545,-0.8239831697054667,1.2447405329593308,-2.1388499298737704,-0.9992987377279121
2026-08-12,CRWV/USDT,2026-08-12 07:25,104.28,6.71,104.481667,104.271429,0.27,0.21,12,104.1392,103.93101,0.34,98.72495,5.63,1.753,92.70855,12.48,104.26,False,0.14387109150201965,0.0,-1.7648187224246972,-1.7744101285248361,-2.608862459236523,-2.1484749664300735,-3.4145405716477923
2026-08-12,CRWV/USDT,2026-08-12 10:30,106.68,6.25,107.41,106.84,0.77,-0.07,7,106.556,104.731717,1.86,101.8608,4.73,2.118,93.6065,13.97,106.72,False,-0.10307346326836528,0.1874062968515769,-0.28110944527735865,-2.5112443778111007,-0.028110944527737197,-1.3586956521739157,0.6559220389805124
2026-08-12,CRWV/USDT,2026-08-12 13:10,107.39,5.51,108.606364,107.647143,1.45,1.11,11,107.346,105.804848,1.5,104.60345,2.66,1.95,94.3725,13.79,107.36,True,-1.2015648286140148,-0.24217585692996005,-1.9374068554396409,-0.6147540983606526,0.2794336810730227,1.127049180327863,0.9966467958271173
2026-08-12,FHE/USDT,2026-08-12 08:25,0.02724,12.58,0.027996,0.027662,2.99,-1.61,21,0.028255,0.027121,0.44,0.027329,-0.32,1.156,0.025528,6.71,0.02724,False,-1.3950073421439,-1.4317180616740013,-1.3950073421439,-1.138032305433191,-0.403817914831127,3.0102790014684335,4.588839941262853
2026-08-12,HOLO/USDT,2026-08-12 02:35,0.09484,27.79,0.096613,0.095769,2.98,-0.15,11,0.093874,0.086113,10.13,0.078853,20.28,3.795,0.07216,31.43,0.09479,True,-3.6396244329570573,-2.901149910328096,-1.825087034497305,8.049372296655763,13.345289587509226,19.07374195590252,20.023209199282622
2026-08-12,HOLO/USDT,2026-08-12 03:55,0.09512,26.81,0.101298,0.097811,6.95,2.45,11,0.0968,0.089116,6.74,0.081042,17.37,4.083,0.072904,30.47,0.09511,False,4.321312164861742,3.164756597623803,8.800336452528654,6.1402586478813985,21.532961833666278,20.397434549469036,20.51309010619283
2026-08-12,HOLO/USDT,2026-08-12 04:25,0.0921,26.81,0.102613,0.095011,10.63,2.45,11,0.095776,0.089695,2.68,0.081681,12.76,3.905,0.073143,25.92,0.09211,False,5.395722505699709,5.829985886440126,7.121919444142868,9.727499728585382,18.31505808272717,17.73965910324611,18.8687438931712
2026-08-12,H/USDT,2026-08-12 09:25,0.09433,7.86,0.09609,0.095021,2.92,0.54,8,0.093725,0.091095,3.55,0.090276,4.49,1.173,0.084932,11.07,0.09435,False,4.3349231584525665,4.4091149973502874,7.419183889772131,5.447800741918394,4.557498675145732,4.493905670376266,4.504504504504508
2026-08-12,H/USDT,2026-08-12 09:55,0.09019,7.86,0.09648,0.093376,7.21,0.54,8,0.093703,0.091072,-0.97,0.090444,-0.28,1.144,0.085018,6.08,0.09019,False,0.4435081494622591,3.148907861181959,1.873821931478003,1.873821931478003,0.14414014857523574,0.354806519569798,-0.1552278523117722
2026-08-12,H/USDT,2026-08-12 10:25,0.08735,7.86,0.09687,0.090514,10.27,0.54,8,0.092536,0.090953,-3.96,0.090502,-3.48,0.909,0.085078,2.67,0.08735,False,0.09158557527189094,-1.316542644533484,-2.129364625071552,-3.1825987406983454,-3.010875787063546,-3.2283915283342908,-3.6634230108757966
2026-08-12,H/USDT,2026-08-12 10:55,0.0885,7.86,0.09726,0.088488,9.52,0.54,8,0.090799,0.090809,-2.54,0.090517,-2.23,0.591,0.085122,3.97,0.08845,False,-0.9609949123798796,-0.859242509892591,-0.056529112492927636,-1.718485019785182,-1.944601469756924,-1.7976257772752902,-1.8428490672696356
2026-08-12,KORU/USDT,2026-08-12 10:20,19.2,6.28,19.23,19.192143,0.36,0.0,13,19.1244,18.883333,1.68,18.34775,4.64,1.039,17.4079,10.29,19.2,False,0.4687499999999993,0.6770833333333282,0.7812499999999927,-0.4166666666666763,-4.739583333333335,-5.000000000000004,-5.781249999999997
2026-08-12,NBIS/USDT,2026-08-12 08:45,210.94,5.44,213.396,210.790714,1.23,2.07,15,209.7288,208.32303,1.26,203.65195,3.58,1.083,193.1584,9.21,211.0,False,-0.01895734597156021,0.24644549763033657,-0.24644549763033657,-0.15639810426540876,-7.289099526066349,-16.50236966824644,-20.672985781990523
2026-08-12,NBIS/USDT,2026-08-12 12:55,224.47,8.98,227.805556,223.827143,1.83,1.36,9,219.0104,211.989495,5.89,209.51975,7.14,1.578,195.12205,15.04,224.48,False,-0.29846756949394865,-0.7706699928724244,-1.2874198146828293,-4.32109764789737,-9.59550962223807,-12.655915894511761,-13.355310049893095
2026-08-12,NBIS/USDT,2026-08-12 17:05,245.87,15.25,253.563636,245.948571,3.07,3.25,11,242.7992,225.808586,8.88,216.99155,13.31,1.967,199.1689,23.45,245.88,False,-0.5571823653814888,-0.7768016918822176,-1.0289572149015784,-1.2282414185781723,-3.237351553603387,-3.5545794696600006,-3.6887912802993306
2026-08-12,NBIS/USDT,2026-08-12 18:50,247.66,13.78,249.785455,249.173571,0.95,-0.16,11,248.1744,233.744242,5.95,221.31305,11.9,2.255,201.28715,23.04,247.66,False,-0.5006864249374179,-0.9448437373818959,-3.690543487038688,-2.354033755955751,-2.1440684809819923,-2.9395138496325615,-1.0619397561172557
2026-08-12,NBIS/USDT,2026-08-12 20:45,254.62,16.98,256.12,256.469286,0.74,0.92,13,253.4016,242.408586,5.04,226.5678,12.38,2.466,203.96875,24.83,254.61,False,0.47916421193198505,0.20816150190487454,0.7187463178979664,0.875849338203534,-0.10997211421388504,0.08247908566042494,2.466517418797377
2026-08-12,NBIS/USDT,2026-08-12 21:15,254.08,16.98,257.2,254.842143,1.34,0.92,13,254.6728,244.11101,4.08,227.93475,11.47,2.521,204.63555,24.16,254.08,False,0.32273299748111683,0.5116498740554201,0.9327770780856441,0.0039357682619723415,0.2085957178841314,-0.3699622166246842,2.577928211586906
2026-08-12,OPEN/USDT,2026-08-12 01:25,0.2112,5.24,0.2143,0.211671,1.45,0.85,6,0.211456,0.210213,0.47,0.20431,3.37,1.249,0.197867,6.74,0.2111,False,0.4263382283278124,0.04737091425865312,0.1894836570345862,0.1894836570345862,-0.7105637138796784,-6.726669824727613,0.7579346281383316
2026-08-12,SHAZ/USDT,2026-08-12 13:10,61.39,8.83,61.998889,61.637143,1.01,-0.23,9,60.5328,58.60697,4.75,57.79855,6.21,0.843,54.885,11.85,61.37,False,-0.29330291673456044,-2.6397262506110555,-4.49731138992993,-9.043506599315634,-10.542610395958949,-10.558905002444186,-10.819618706208258
2026-08-12,SHAZ/USDT,2026-08-12 15:30,66.38,15.74,68.291429,66.465714,3.0,4.94,14,65.3072,60.637576,9.47,58.85315,12.79,1.674,55.65235,19.28,66.35,False,0.4370761115297544,0.4220045214770176,-1.281085154483811,-2.140165787490583,-3.330821401657887,-3.195177091183127,-1.899020346646579
2026-08-12,SHAZ/USDT,2026-08-12 16:00,66.07,15.74,69.654286,66.556429,5.25,4.94,14,65.9336,61.112323,8.11,59.1317,11.73,1.869,55.78385,18.44,66.07,False,-0.3178447101559073,-1.7103072498864988,-2.9665506281217016,-4.177387619191775,-3.8595429090358886,-3.814136521870759,-2.361132132586654
2026-08-12,SHAZ/USDT,2026-08-12 19:05,68.13,13.57,68.890909,68.652857,1.28,-0.07,11,68.3908,64.818485,5.11,61.19705,11.33,2.332,56.72405,20.11,68.13,False,0.41097901071481163,-0.5871128724497368,-0.35226772346985047,0.6311463378834473,-0.10274475267871333,0.7632467341846412,2.377807133421386
2026-08-12,SHAZ/USDT,2026-08-12 19:35,68.53,13.57,68.863636,68.514286,0.51,-0.07,11,68.4748,65.432121,4.73,61.54225,11.35,2.348,56.8849,20.47,68.57,True,-0.5250109377278892,0.2916727431821331,1.0062709639784129,1.7792037334111115,-0.04375091147732411,1.545865538865376,2.654221962957552
2026-08-12,SMCI/USDT,2026-08-12 18:00,37.42,7.88,37.516667,37.297143,0.71,0.32,9,36.7308,35.522222,5.34,34.9282,7.13,0.935,33.1367,12.93,37.42,True,-0.9887760555852417,-0.5344735435595824,-0.8284339925173575,-0.2672367717798007,0.1603420630678842,-0.4275788348476659,-1.0956707642971582
2026-08-12,SMCI/USDT,2026-08-12 18:50,37.76,8.57,38.156667,37.662143,1.46,1.33,9,37.4608,35.851313,5.32,35.1106,7.55,1.173,33.22385,13.65,37.75,False,-0.4503311258278191,-1.086092715231779,-0.3708609271523194,0.7417218543046388,1.509933774834438,0.6357615894039788,-0.1324503311258203
2026-08-12,SMCI/USDT,2026-08-12 21:00,37.38,8.4,37.506667,37.412143,0.55,-1.18,27,37.652,36.710404,1.82,35.56565,5.1,1.192,33.48405,11.64,37.39,False,0.0,0.2139609521262324,0.0802353570473419,0.37443166622091617,0.2139609521262324,-1.0965498796469553,0.053490238031567605
2026-08-12,SQD/USDT,2026-08-12 12:15,0.0514,7.36,0.052868,0.052055,3.17,6.45,28,0.05149,0.048228,6.58,0.049369,4.11,0.187,0.047245,8.8,0.05139,False,-1.7707725238373246,-1.5372640591554758,-1.050788091068299,3.444249854057211,4.456119867678537,9.496010897061677,7.978205876629693
2026-08-12,VELVET/USDT,2026-08-12 17:35,0.6772,14.73,0.681333,0.6719,1.5,1.01,12,0.664228,0.624792,8.39,0.598523,13.15,1.124,0.556073,21.78,0.6773,True,-4.030710172744721,-4.385058319799195,-2.067030857817808,-2.687140115163147,-3.942123135981093,-0.0885870367636105,-4.768935479108223
2026-08-12,VELVET/USDT,2026-08-12 18:25,0.6929,18.08,0.72205,0.693264,4.95,4.1,8,0.68334,0.6394,8.37,0.60355,14.8,1.541,0.560003,23.73,0.6929,False,-1.0102467888584221,-0.3463703276086115,0.46182710347813266,-1.1689998556790295,-2.496752778178683,-7.331505267715409,-5.195554914129028
2026-08-12,VELVET/USDT,2026-08-12 20:00,0.6995,17.84,0.704171,0.700093,0.82,0.37,14,0.699836,0.660971,5.83,0.612559,14.19,1.89,0.569237,22.88,0.6995,False,0.8720514653323794,-0.22873481057897566,-0.6719085060757738,-2.244460328806281,-1.4724803431022124,4.71765546819157,-2.244460328806281
2026-08-12,VELVET/USDT,2026-08-12 23:00,0.7065,14.25,0.718795,0.711879,2.16,1.33,21,0.7086,0.688521,2.61,0.637972,10.74,2.841,0.586123,20.54,0.7068,True,-1.6553480475382065,-0.7640067911714873,-0.4244482173174876,-3.126768534238824,1.103565365025471,-2.1222410865874384,-0.5659309564233168
2026-08-12,VELVET/USDT,2026-08-12 23:50,0.7122,12.57,0.71346,0.712357,0.29,-0.52,10,0.71212,0.694893,2.49,0.645956,10.26,2.908,0.590337,20.64,0.7121,True,0.14042971492767883,-0.14042971492767883,-1.8817581800309058,4.339278191265262,6.010391798904641,-0.3370313158264385,1.671113607639364
2026-08-13,APR/USDT,2026-08-13 00:40,0.5696,51.54,0.62,0.604207,10.82,0.0,14,0.5923,0.487605,16.82,0.434174,31.19,8.822,0.285432,99.56,0.5694,False,19.75763962065333,10.958904109589044,12.486828240252896,4.513523006673701,15.612925886898497,17.544783983140157,15.12118018967334
2026-08-13,APR/USDT,2026-08-13 01:10,0.507,51.54,0.62,0.553686,23.06,0.0,14,0.576588,0.491537,3.15,0.438812,15.54,7.557,0.288274,75.87,0.5069,False,2.2095087788518533,1.6965870980469513,-13.395146971789298,-10.35707240086802,10.79108305385678,5.287038863681198,7.0428092325902565
2026-08-13,APR/USDT,2026-08-13 15:55,0.4973,7.14,0.511667,0.502079,3.84,2.0,12,0.499444,0.487485,2.01,0.500699,-0.68,-0.428,0.374408,32.82,0.4973,False,-0.160868690931021,3.338025336818822,0.5027146591594615,-0.68369193645687,-4.122260205107584,-0.6434747637240951,-2.7347677458274684
2026-08-13,APR/USDT,2026-08-13 21:05,0.5073,8.55,0.515535,0.511164,1.71,1.06,17,0.51016,0.499542,1.55,0.48925,3.69,0.11,0.406179,24.9,0.5073,False,0.5125172481766087,-0.49280504632368577,-0.3351074315001054,1.813522570471119,8.65365661344372,10.684013404297254,0.8279124778237693
2026-08-13,APR/USDT,2026-08-13 21:35,0.5098,8.55,0.517441,0.50905,2.04,1.06,17,0.50984,0.501427,1.67,0.48998,4.04,0.627,0.409206,24.58,0.5099,False,0.37262208276132824,0.17650519709747242,2.510296136497359,1.4708766424789295,7.707393606589527,11.8258482055305,0.17650519709747242
2026-08-13,AVAAI/USDT,2026-08-13 09:20,0.011827,12.99,0.012695,0.011768,8.55,15.62,18,0.011277,0.011089,6.66,0.011105,6.5,0.693,0.009723,21.64,0.011822,False,-2.596853324310607,-11.715445779056004,-20.055828117069886,-10.285907629842669,-11.089494163424137,-19.116900693622075,-22.58501099644731
2026-08-13,AVAAI/USDT,2026-08-13 16:40,0.014051,19.99,0.014222,0.013937,2.92,0.94,12,0.013615,0.01309,7.34,0.012042,16.68,2.468,0.01039,35.24,0.014052,True,0.39851978366069235,0.960717335610587,2.1491602618844303,1.2026757756902986,-3.3020210646171297,-5.387133504127519,0.9037859379447791
2026-08-13,AVAAI/USDT,2026-08-13 18:30,0.013878,18.49,0.014242,0.013792,3.62,0.17,16,0.013921,0.013408,3.51,0.012333,12.53,2.649,0.010605,30.86,0.013875,False,0.6558558558558616,-0.5405405405405436,-2.2846846846846813,-3.524324324324323,-3.3081081081081036,-0.9297297297297344,-9.6
2026-08-13,AVAAI/USDT,2026-08-13 20:30,0.014364,18.79,0.01484,0.014432,3.51,3.84,14,0.014218,0.013618,5.48,0.012694,13.15,2.93,0.010836,32.56,0.014355,False,-0.8289794496691122,-2.4451410658307253,-1.9087425983977704,0.1462904911180786,-2.2222222222222214,3.1208638105189865,6.151166840822015
2026-08-13,BR/USDT,2026-08-13 04:20,0.22322,7.26,0.22544,0.223334,1.81,-1.77,24,0.224641,0.223498,-0.12,0.218069,2.36,0.886,0.164319,35.85,0.2232,False,1.5277777777777761,2.2401433691756294,4.292114695340504,-1.1200716845878147,0.36290322580645396,-3.7275985663082407,-8.64247311827957
2026-08-13,BR/USDT,2026-08-13 04:50,0.2182,7.26,0.22442,0.220844,3.04,-1.77,24,0.223156,0.22329,-2.28,0.218307,-0.05,0.55,0.165187,32.09,0.21831,False,0.34354816545279676,2.148321194631487,0.10077412853281938,-5.510512573862849,-4.186706976318084,-4.264577893820707,-12.72502404837158
2026-08-13,BR/USDT,2026-08-13 07:45,0.2216,7.69,0.222148,0.224524,1.69,-2.14,17,0.22426,0.22295,-0.61,0.220597,0.45,0.755,0.170632,29.87,0.22159,True,0.798772507784657,1.173338147028304,-1.0921070445417111,-3.0777562164357564,-3.8675030461663407,-13.980775305744848,-16.44929825353129
2026-08-13,BR/USDT,2026-08-13 20:20,0.26095,19.56,0.272299,0.258866,5.23,8.35,15,0.254204,0.243692,7.08,0.234305,11.37,1.455,0.196914,32.52,0.26095,False,0.39471163058058284,0.6208085840199311,-1.6248323433607839,-0.5058440314236398,-2.648016861467703,6.794405058440322,1.1036597049243126
2026-08-13,COTI/USDT,2026-08-13 01:25,0.012454,19.67,0.012732,0.01261,3.09,0.12,9,0.012492,0.012604,-1.19,0.01105,12.71,3.43,0.010651,16.93,0.012454,False,-1.493496065521121,-2.5614260478561093,-3.099405813393295,-1.1401959209892387,9.330335635137304,14.854665167817563,9.603340292275567
2026-08-13,COTI/USDT,2026-08-13 02:45,0.012604,17.1,0.012979,0.012829,3.12,0.42,10,0.012744,0.012576,0.22,0.01131,11.44,3.569,0.010694,17.87,0.012606,False,-1.7452006980802908,-0.7615421227986722,-0.8329366968110498,9.796922100587024,10.019038553069956,15.07218784705695,5.695700460098365
2026-08-13,COTI/USDT,2026-08-13 15:00,0.011794,5.3,0.012211,0.011731,3.99,4.38,13,0.011562,0.011068,6.56,0.011667,1.09,-0.854,0.010793,9.27,0.011797,False,-1.1528354666440532,-2.9329490548444443,-7.527337458675934,-1.5936254980079736,5.2894803763668685,5.9845723489022635,6.459269305755705
2026-08-13,CSOPSAMSUNG2L/USDT,2026-08-13 23:05,10.88,5.26,10.92,10.845,0.92,1.58,17,10.778,10.691818,1.76,10.39105,4.71,0.493,9.99845,8.82,10.88,False,0.8272058823529561,0.6433823529411791,,,,,
2026-08-13,CSOPSAMSUNG2L/USDT,2026-08-13 23:45,10.76,5.06,10.8,10.836429,0.46,-0.73,8,10.816,10.697475,0.58,10.41195,3.34,0.608,10.02745,7.31,10.76,True,,,,,,,
2026-08-13,CSOPSKHYNIX2L/USDT,2026-08-13 15:55,4.681,9.63,4.846538,4.730643,3.66,2.7,13,4.68092,4.404838,6.27,4.44542,5.3,0.822,4.14808,12.85,4.684,False,-1.9427839453458624,-1.9000853970964886,-2.98889837745516,-2.946199829205805,-2.946199829205805,-4.654141759180187,
2026-08-13,CSOPSKHYNIX2L/USDT,2026-08-13 16:25,4.773,9.63,4.905154,4.757786,3.18,2.7,13,4.73184,4.434273,7.64,4.45685,7.09,0.953,4.15946,14.75,4.771,False,-0.5449591280653909,-1.1108782225948426,-1.6558373506602335,-1.907356948228887,-1.467197652483762,,
2026-08-13,CSOPSKHYNIX2L/USDT,2026-08-13 17:55,4.822,9.04,4.8534,4.839143,0.81,-0.18,5,4.81208,4.535212,6.32,4.48375,7.54,0.862,4.19484,14.95,4.824,True,-0.393864013267001,-0.787728026534002,-0.8291873963515762,0.04145936981757421,-2.114427860696524,,
2026-08-13,CSOPSKHYNIX2L/USDT,2026-08-13 19:10,4.853,8.52,4.876556,4.857714,0.54,0.14,9,4.85056,4.617525,5.1,4.50874,7.64,0.857,4.225325,14.86,4.853,True,0.08242324335461693,0.39151040593447617,0.45332783845042973,-0.2884813517411959,-0.39151040593447617,,
2026-08-13,CSOPSKHYNIX2L/USDT,2026-08-13 22:35,4.934,8.8,4.9548,4.923286,0.88,0.24,10,4.90076,4.828343,2.19,4.58171,7.69,1.045,4.313385,14.39,4.937,True,-0.40510431436093924,0.9722503544662758,1.1950577273647998,,,,
2026-08-13,KORU/USDT,2026-08-13 23:05,21.81,5.55,21.94,21.82,0.59,0.37,8,21.708,21.590101,1.02,20.84625,4.62,0.716,19.9959,9.07,21.82,True,-0.09165902841429685,-0.824931255728688,,,,,
2026-08-13,MUU/USDT,2026-08-13 16:15,31.88,12.47,31.974667,31.889286,0.64,0.82,15,31.5236,29.336667,8.67,29.26565,8.93,1.111,27.95845,14.03,31.88,True,-0.6273525721455435,-0.8469259723964855,-1.3801756587202048,-0.5332496863237082,1.5683814303638646,,
2026-08-13,NBIS/USDT,2026-08-13 15:40,261.63,9.03,263.851111,266.339286,1.11,-2.52,18,267.6296,254.396263,2.84,254.12115,2.95,0.697,229.3205,14.09,261.65,False,1.6204853812344555,2.281673991974,3.0307662908465427,3.5467227211924226,3.424421937703031,0.9401872730747104,
2026-08-13,QNTX/USDT,2026-08-13 01:00,71.55,10.79,71.791429,71.667143,0.49,0.11,14,71.5968,70.553131,1.41,65.58175,9.1,2.86,59.561,20.13,71.49,True,-0.02797594069102005,0.5035669324381025,-0.5735067841656327,-0.7693383690026737,-0.36368722898308176,2.0842075814799204,1.8464120856063693
2026-08-13,QNTX/USDT,2026-08-13 02:45,71.94,10.0,72.769231,71.948571,1.76,0.88,13,71.7276,71.18404,1.06,67.2227,7.02,2.853,60.07855,19.74,71.94,False,-0.1390047261607013,0.34751181540172366,-0.0973033083124929,-0.0973033083124929,0.4865165415624052,2.3213789268835163,3.57242146232971
2026-08-13,SHAZ/USDT,2026-08-13 15:40,72.47,9.23,73.685789,72.615714,1.69,0.99,19,72.3792,68.374747,5.99,68.0262,6.53,0.838,62.7551,15.48,72.43,False,-0.1380643379814915,-0.2623222421648457,0.08283860278890276,0.9112246306779106,0.7869667264945566,1.021676101063108,
2026-08-13,SMCI/USDT,2026-08-13 15:45,41.45,11.47,41.568571,41.715714,0.65,-1.35,14,41.2848,38.897879,6.56,38.2348,8.41,1.291,35.81395,15.74,41.45,False,1.9059107358263117,3.449939686369118,4.028950542822682,3.449939686369118,4.8250904704463204,4.800965018094094,
2026-08-13,SMCI/USDT,2026-08-13 16:15,40.02,11.47,41.324286,41.132143,3.18,-1.35,14,41.406,39.058384,2.46,38.32995,4.41,1.307,35.89435,11.49,40.03,False,0.0,0.6245316012990257,-0.49962528103920995,0.8493629777666835,2.023482388208849,,
2026-08-13,SMCI/USDT,2026-08-13 16:45,39.78,11.47,41.08,40.410714,3.36,-1.35,14,41.004,39.21596,1.44,38.406,3.58,1.16,35.97425,10.58,39.76,False,-1.1820925553319892,-1.1820925553319892,-0.6539235412474977,-0.2515090543259593,2.0623742454728378,,
2026-08-13,SNXX/USDT,2026-08-13 16:20,14.48,31.31,15.034286,14.270714,5.22,15.47,14,13.4652,11.785354,22.86,11.57055,25.15,2.451,10.95295,32.2,14.47,False,0.13821700069109433,1.03662750518314,-1.9350380096751856,-0.13821700069108206,0.8984105044920578,,
2026-08-13,SNXX/USDT,2026-08-13 23:35,14.72,15.67,14.753333,14.740714,0.36,-0.34,6,14.6288,14.471313,1.72,12.9177,13.95,3.154,11.61435,26.74,14.72,True,-1.0869565217391313,,,,,,
2026-08-13,VELVET/USDT,2026-08-13 01:40,0.6772,11.59,0.68475,0.691071,1.79,-3.96,16,0.700588,0.702626,-3.62,0.661446,2.38,2.649,0.59957,12.95,0.6773,True,-0.47246419607263845,-8.82917466410748,-7.810423741325845,-6.466853683744271,-3.764949062453856,-0.4281706776908333,-3.632068507308424
2026-08-13,VELVET/USDT,2026-08-13 03:15,0.7009,12.48,0.704437,0.7197,1.89,2.12,19,0.703124,0.705924,-0.71,0.675882,3.7,2.61,0.609404,15.01,0.7011,True,-2.923976608187145,-1.3835401511909917,1.440593353301954,2.9525032092426104,-2.981029810298107,-1.4263300527742133,-1.6688061617458343
2026-08-13,龙虾/USDT,2026-08-13 03:05,0.022098,9.1,0.022303,0.022189,1.55,-0.94,14,0.022042,0.021401,3.26,0.021247,4.0,1.59,0.021571,2.44,0.022091,False,1.186003349780446,2.4444343850436776,4.6308451405549755,6.916843963605079,9.850165225657511,13.842741387895515,9.198316056312523
2026-08-13,龙虾/USDT,2026-08-13 03:35,0.021551,9.1,0.022211,0.021914,3.18,-0.94,14,0.022102,0.02143,0.56,0.021301,1.17,1.483,0.021518,0.16,0.021572,False,0.060263304283342256,2.3363619506768076,3.940292972371593,6.017059150750976,6.587242722047108,10.79176710550714,8.608381234934178
2026-08-14,ACE/USDT,2026-08-14 02:30,0.13007,16.55,0.135846,0.129221,5.46,6.58,15,0.127014,0.120668,7.79,0.116126,12.01,2.343,0.110978,17.2,0.13007,False,1.7375259475666829,0.4382255708464575,-1.583762589374957,-1.5453217498270253,-8.67225340201431,-63.72722380256787,-111.24010148381642
2026-08-14,ACE/USDT,2026-08-14 03:00,0.1295,16.55,0.139158,0.130154,8.3,6.58,15,0.12768,0.121566,6.53,0.116781,10.89,2.366,0.111212,16.44,0.12949,False,-1.6063016449146643,-2.0387674723916933,-0.08494864468298632,-4.6258398331917485,-12.186269209977619,-73.1407830720519,-124.04046644528535
2026-08-14,ACE/USDT,2026-08-14 06:10,0.13819,16.37,0.140652,0.137144,3.66,2.38,13,0.135089,0.128115,7.86,0.121474,13.76,2.572,0.112936,22.36,0.13815,False,-0.028954035468702316,-3.7350705754614535,-4.480636988780312,-8.049221860296793,-30.973579442634815,-97.00325732899024,-123.71335504885994
2026-08-14,ACE/USDT,2026-08-14 13:55,0.26051,86.89,0.27051,0.268334,8.79,-3.07,8,0.257134,0.193492,34.64,0.159838,62.98,11.859,0.126606,105.76,0.261,True,-4.275862068965519,-6.601532567049796,-12.134099616858228,-6.245210727969342,-19.4367816091954,-28.908045977011497,
2026-08-14,ACE/USDT,2026-08-14 16:00,0.28045,74.11,0.286644,0.280342,4.59,0.52,18,0.277431,0.227838,23.09,0.179393,56.33,11.745,0.134219,108.95,0.28048,True,-6.0539075869937236,-3.394181403308604,-1.6079577866514598,-8.599543639475177,-11.676411865373645,,
2026-08-14,ACE/USDT,2026-08-14 17:00,0.28499,68.57,0.292628,0.28808,3.29,1.84,12,0.2843,0.244566,16.53,0.18942,50.45,11.443,0.137849,106.74,0.28498,True,-1.5088778159870764,0.2842304723138581,-6.884693662713162,-6.698715699347321,-16.857323320934793,,
2026-08-14,ACE/USDT,2026-08-14 18:40,0.29958,61.88,0.309583,0.300302,3.36,3.91,13,0.29516,0.269489,11.17,0.206587,45.01,10.971,0.143604,108.61,0.29958,False,1.8325655918285584,1.6256091861939999,-2.032845984378124,-3.7485813472194276,-18.826356899659523,,
2026-08-14,ACE/USDT,2026-08-14 23:25,0.32959,52.01,0.335429,0.347816,2.8,-2.71,17,0.343067,0.310454,6.16,0.261239,26.16,10.439,0.164169,100.76,0.3296,False,5.864684466019422,23.179611650485445,,,,,
2026-08-14,ACE/USDT,2026-08-14 23:55,0.2532,52.01,0.332125,0.316558,27.34,-2.71,17,0.332788,0.3115,-18.72,0.265666,-4.69,9.525,0.165905,52.62,,False,,,,,,,
2026-08-14,AKE/USDT,2026-08-14 05:20,0.0077169,23.79,0.007756,0.007634,1.94,-1.18,12,0.007571,0.007026,9.84,0.00671,15.0,3.53,0.005084,51.8,0.0077169,True,-2.3623475748033624,-2.707045575295787,-6.575179152250266,-1.6431468594902188,-0.782697715403859,-51.08139278725915,-29.18918218455598
2026-08-14,AKE/USDT,2026-08-14 06:50,0.007858,21.44,0.008274,0.008063,5.91,2.93,11,0.007907,0.007265,8.16,0.006925,13.47,4.268,0.005196,51.23,0.0078752,False,1.389171068671282,0.3999898415278377,4.495123933360435,0.06983949613978434,-20.940420560747647,-44.442045916294184,-27.20692807801706
2026-08-14,AVAAI/USDT,2026-08-14 14:05,0.014587,8.47,0.015444,0.015133,5.73,3.75,20,0.014963,0.014452,0.93,0.014335,1.76,0.386,0.012733,14.56,0.014587,False,-4.346335778432858,-5.539178720778786,-3.8801672722287,-2.8175772948515796,-2.879276067731544,-2.207444985260856,
2026-08-14,AVNT/USDT,2026-08-14 02:50,0.10713,5.49,0.107804,0.108566,1.29,0.59,15,0.107714,0.107847,-0.66,0.106854,0.26,0.893,0.097153,10.27,0.10718,True,-4.021272625489837,-1.520806120544884,-0.5504758350438582,1.3901847359581931,6.67102071281956,6.932263481992902,4.469117372644153
2026-08-14,BR/USDT,2026-08-14 01:25,0.26998,11.55,0.27288,0.269466,1.43,0.8,10,0.266231,0.259308,4.12,0.247202,9.21,2.189,0.210393,28.32,0.27026,False,0.24420927995263594,-0.15910604602974393,0.05180196847479223,3.707540886553679,13.953230222748461,11.559239251091538,11.82934951528158
2026-08-14,H/USDT,2026-08-14 00:00,0.10642,11.92,0.108581,0.107365,2.32,1.29,19,0.106944,0.10248,3.84,0.097668,8.96,1.669,0.093202,14.18,0.10632,False,0.5643340857787842,0.47968397291196063,-0.0658389766741917,-1.4014296463506446,-5.248306997742666,5.3517682468021075,-9.095184349134685
2026-08-14,H/USDT,2026-08-14 00:30,0.10581,11.92,0.109016,0.106676,3.87,1.29,19,0.106937,0.103034,2.69,0.098014,7.95,1.608,0.093366,13.33,0.10575,False,-0.8888888888888856,-0.6052009456264791,-1.2387706855792016,-2.14657210401892,-6.600472813238771,1.2576832151300217,-12.24586288416076
2026-08-14,H/USDT,2026-08-14 16:25,0.11816,13.72,0.12025,0.11958,2.06,0.06,14,0.119409,0.113007,4.56,0.108416,8.99,1.416,0.099053,19.29,0.11827,False,-0.34666441193877884,0.6933288238775693,2.747949606831828,-0.8370677263887756,-1.4035681068740973,,
2026-08-14,H/USDT,2026-08-14 22:35,0.11797,10.11,0.120558,0.12048,2.68,0.39,25,0.120147,0.118943,-0.82,0.112903,4.49,1.543,0.102638,14.94,0.11802,False,-1.1777664802575856,-1.5421115065243196,-1.5166920860871038,,,,
2026-08-14,ROBO/USDT,2026-08-14 11:30,0.01482,8.49,0.014982,0.014944,1.28,-2.27,12,0.014985,0.014605,1.47,0.014423,2.75,0.917,0.013574,9.18,0.01478,False,-0.3382949932340981,-4.127198917456018,-5.953991880920166,-3.585926928281468,-1.2178619756427578,-4.533152909336945,-9.810554803788914
2026-08-14,ROBO/USDT,2026-08-14 13:00,0.01533,8.62,0.015453,0.015445,0.92,-0.83,7,0.01515,0.014832,3.36,0.014533,5.49,0.933,0.013658,12.24,0.01529,True,-0.8502289077828641,-0.13080444735121596,1.1772400261608869,0.0,-0.3270111183780229,-3.204708960104638,
2026-08-14,ROBO/USDT,2026-08-14 13:30,0.01531,8.62,0.015341,0.015443,0.47,-0.83,7,0.015309,0.014912,2.67,0.014572,5.07,1.03,0.013691,11.83,0.01534,True,-0.32594524119947654,1.4993481095175965,1.17340286831812,2.4771838331160376,0.9778357235984296,-2.542372881355942,
2026-08-14,ROBO/USDT,2026-08-14 21:20,0.01578,5.93,0.0159,0.015726,1.38,1.15,12,0.015641,0.015335,2.9,0.01508,4.64,1.292,0.014155,11.48,0.01578,False,0.2534854245880759,-0.8871989860583095,-2.5348542458808687,-2.9150823827630044,,,
2026-08-14,ROBO/USDT,2026-08-14 23:00,0.01614,7.63,0.01625,0.016145,0.68,0.68,11,0.015992,0.015487,4.22,0.015264,5.74,1.449,0.014259,13.19,0.01614,True,-1.4250309789343096,-0.557620817843865,,,,,
2026-08-14,SCRT/USDT,2026-08-14 00:00,0.03781,23.46,0.038555,0.037719,3.31,3.06,13,0.037494,0.034215,10.51,0.031698,19.28,3.348,0.030936,22.22,0.03777,True,-2.0386550172094253,-0.5030447445062289,-2.118083134763045,-0.18533227429176757,-5.771776542229286,10.802223987291502,19.301032565528192
2026-08-14,SCRT/USDT,2026-08-14 00:45,0.03844,22.81,0.038722,0.038298,1.27,0.73,9,0.03791,0.034901,10.14,0.032138,19.61,3.545,0.031039,23.85,0.03847,False,-0.25994281258123964,5.952690408110217,3.3532622822978935,1.5856511567455145,-1.5856511567455145,14.79074603587211,20.535482193917332
2026-08-14,SCRT/USDT,2026-08-14 04:20,0.03885,22.13,0.040234,0.039331,4.71,2.93,14,0.038847,0.037416,3.83,0.034229,13.5,3.627,0.031459,23.49,0.03886,False,-0.20586721564591787,3.4225424601132217,4.1430777148739075,4.992279979413271,14.256304683479145,20.766855378281,26.453937210499223
2026-08-14,SCRT/USDT,2026-08-14 04:50,0.03753,22.13,0.040723,0.039261,7.84,2.93,14,0.038958,0.037651,-0.32,0.034508,8.76,3.581,0.031513,19.1,0.03776,False,4.713983050847467,1.3506355932203482,0.6620762711864413,4.846398305084759,12.764830508474589,19.09427966101695,25.741525423728824
2026-08-14,STORJ/USDT,2026-08-14 01:20,0.04811,8.55,0.048383,0.047921,1.02,0.08,6,0.047626,0.046507,3.45,0.044795,7.4,1.971,0.044109,9.07,0.04806,True,-3.786933000416151,-4.431960049937578,-4.972950478568463,3.037869330004153,3.0170620058260504,7.906783187682059,9.092800665834371
